timestamp, a_x, a_y, a_z, alpha_x, alpha_y, alpha_z
19710.898108875, -8.591832606196403, 0.1948947691731155, -1.6422349548339845, -0.35674527287483215, 0.12440459430217743, -0.04814804717898369
19710.908161875002, -8.43121660888195, 0.32542326053604487, -1.7869835092127324, -0.3971926271915436, 0.0009217308834195137, 0.012487895786762238
19710.918214875, -8.425527852773667, 0.4581970827095211, -1.8949090768396855, -0.4291481673717499, -0.04679013043642044, 0.0574423186480999
19710.928267875002, -8.581653773188592, 0.5893246395885945, -2.179767004698515, -0.4348468780517578, -0.10272960364818573, 0.0693359300494194
19710.938319875, -8.890013122558594, 0.6105802003853024, -2.2757177670300006, -0.4113527536392212, -0.192915678024292, 0.03869572654366493
19710.948372875002, -9.203461303710938, 0.5236111267469824, -2.48423371642828, -0.3441154360771179, -0.23476967215538025, -0.018165476620197296
19710.958425875, -9.377100219726563, 0.39263347785919905, -2.6467956671118738, -0.2572018504142761, -0.21565589308738708, -0.09500513225793839
19710.968478875002, -9.407486445307732, 0.1781295045465231, -2.569855810850859, -0.163849875330925, -0.17160584032535553, -0.17119109630584717
19710.978531875, -9.206903559565545, -0.02080662254244089, -2.3812480227649213, -0.07782444357872009, -0.11515986174345016, -0.22058475017547607
19710.988583875, -8.913662770986557, -0.1104702027887106, -2.218236859738827, 0.00370210618712008, -0.09425085783004761, -0.2445039302110672
19710.998636875, -8.623117548823357, -0.15522731300443413, -1.9217035040259363, 0.0516243577003479, -0.07338126003742218, -0.23668116331100464
19711.008689875, -8.382866567373275, -0.2448908384330571, -1.731748663634062, 0.08277490735054016, -0.06932385265827179, -0.20383691787719727
19711.018742875, -8.241112518310548, -0.3514692806638777, -1.3633648681640627, 0.0798579528927803, -0.09741141647100449, -0.15243284404277802
19711.028795875, -8.296197967529297, -0.34578107273206116, -1.0654844601452351, 0.05184120312333107, -0.07532136142253876, -0.10239306092262268
19711.038847875003, -8.574618403315544, -0.3514692441187799, -0.8298739752173424, 0.0006938657024875283, -0.053351882845163345, -0.07571244984865189
19711.048900875, -8.947942072749138, -0.43544448852539064, -0.5617816226184369, -0.07596268504858017, -0.016809672117233276, -0.0654744952917099
19711.058953875003, -9.262738037109376, -0.5611830687336624, -0.6497985903918744, -0.13832353055477142, -0.053797248750925064, -0.0656963437795639
19711.069006875, -9.282646636962891, -0.5379813352972269, -0.8978326544165611, -0.16192381083965302, -0.12219559401273727, -0.05333425849676132
19711.079059875003, -9.104067993164064, -0.32452507339417935, -1.383872369080782, -0.15641319751739502, -0.16409963369369507, -0.021587779745459557
19711.089111875, -8.941804250478745, -0.09774671634659171, -1.796414190977812, -0.10842769593000412, -0.22213606536388397, 0.017533965408802032
19711.099164875002, -9.000782775878907, 0.13666594818234445, -2.1417460696399213, -0.021558312699198723, -0.22984299063682556, 0.05229194834828377
19711.109217875, -9.290280761718751, 0.19953517433255913, -2.2824533209204674, 0.06459425389766693, -0.21991610527038574, 0.06658820062875748
19711.119270875002, -9.590706608891487, 0.027392981071025134, -2.055675201416016, 0.12580275535583496, -0.19783823192119598, 0.06517966091632843
19711.129323875, -9.942026621103286, -0.09355559661984444, -1.9202069091796876, 0.15339648723602295, -0.13016806542873383, 0.04057034105062485
19711.139375875002, -10.29334370970726, -0.1568738889321685, -1.7784513983130457, 0.14015072584152222, -0.10572130978107452, -0.0019539473578333855
19711.149428875, -10.418484649658204, -0.12798381965607405, -1.6299600411951543, 0.09046902507543564, -0.10400374233722687, -0.04635543376207352
19711.159481875, -10.422226282954217, -0.15148494880646468, -1.6491204898059368, 0.02433048188686371, -0.12251457571983337, -0.08850528299808502
19711.169534875, -10.310260874032975, -0.14100677490234376, -1.930835100710392, -0.01670563593506813, -0.12257023900747299, -0.11463648825883865
19711.179587875, -10.097102966308594, -0.16061585113406182, -2.392774054259062, -0.020626073703169823, -0.17473755776882172, -0.12255086749792099
19711.1896405, -9.828711090087891, -0.16121464256197215, -2.736160125732422, 0.02640671096742153, -0.20206311345100403, -0.1035442128777504
19711.199693500002, -9.6886018627882, -0.07364670440554619, -3.1587310919165614, 0.10906431078910828, -0.19133776426315308, -0.06174856051802635
19711.2097465, -9.57813217163086, -0.05104378066956997, -3.088676478266716, 0.18553254008293152, -0.19326142966747284, -0.007250067312270403
19711.219799500002, -9.637408320307733, -0.11511058967560531, -2.8249249523878097, 0.24951843917369843, -0.1430416703224182, 0.04097232222557068
19711.2298525, -9.916726888418198, -0.2366578308865428, -2.542911548763514, 0.29069021344184875, -0.03986811265349388, 0.07190045714378357
19711.239904500002, -10.281668574213983, -0.4281097046658397, -2.3122413763403893, 0.31740573048591614, 0.03667113929986954, 0.09921437501907349
19711.2499575, -10.6195166015625, -0.6703059816733004, -2.0439991888403894, 0.32593023777008057, 0.04216857999563217, 0.12329890578985214
19711.260010500002, -10.904972407221795, -0.8613088623806835, -1.8532959048449995, 0.32000231742858887, 0.06925904750823975, 0.1391146183013916
19711.2700635, -11.191327514648439, -0.8927434571832419, -1.9061357308924198, 0.29495877027511597, 0.16254693269729614, 0.14483299851417542
19711.280116500002, -11.390263239741326, -0.9675879637151957, -1.7868339666724207, 0.21533851325511932, 0.20897196233272552, 0.12662629783153534
19711.2901685, -11.343859736323358, -0.9642948666773737, -1.5649952825903892, 0.0713304653763771, 0.17386563122272491, 0.10173533111810684
19711.3002215, -10.982661437988282, -0.7361691649630666, -1.6748665112257004, -0.09040863066911697, 0.06215507909655571, 0.09151971340179443
19711.3102745, -10.494975001215936, -0.3610491029731929, -2.4240591430664065, -0.1822594851255417, -0.02803262509405613, 0.11237377673387527
19711.3203275, -10.036628723144531, -0.06301886005327106, -3.3397049014270306, -0.1938660740852356, -0.15383023023605347, 0.16178445518016815
19711.3303805, -9.55058886229992, 0.0007484070584177972, -3.803889331966639, -0.14935238659381866, -0.30937638878822327, 0.23721429705619812
19711.3404335, -9.244326324462891, 0.05763008438050747, -4.092040411680937, -0.04012203961610794, -0.4119528532028198, 0.32338565587997437
19711.350485500003, -9.279054107666017, 0.027393072433769705, -4.150868078917265, 0.0818813145160675, -0.36149245500564575, 0.37986665964126587
19711.3605385, -9.768235677480698, -0.2077678438369185, -3.797452570796013, 0.16351546347141266, -0.24025684595108032, 0.3726351261138916
19711.370591500003, -10.46099624633789, -0.5041515747830272, -3.1763945071399213, 0.20479807257652283, -0.15699756145477295, 0.2835020124912262
19711.3806445, -10.942995096445085, -0.6518942964356393, -2.6761348025500777, 0.19926083087921143, -0.05537240207195282, 0.15668761730194092
19711.390697500003, -11.034155527353287, -0.6518945339787752, -2.404000562131405, 0.1471303105354309, 0.0530974417924881, 0.02756696194410324
19711.4007495, -10.762918395996094, -0.6239026609808207, -2.1442904855310916, 0.061125390231609344, 0.13007424771785736, -0.07809795439243317
19711.410802500002, -10.272387873530388, -0.5390291837509722, -2.1995259158313276, -0.022141583263874054, 0.1962936669588089, -0.14265881478786469
19711.4208555, -9.775571009516716, -0.4589455994032324, -2.5402175903320314, -0.07173922657966614, 0.2009669840335846, -0.16875913739204407
19711.430908500002, -9.194030329585075, -0.3442840027995408, -2.8921357727050783, -0.08577215671539307, 0.19971489906311035, -0.15478084981441498
19711.4409615, -8.72191210448742, -0.18052473421208562, -3.310665143430233, -0.07097537070512772, 0.20879575610160828, -0.10983148217201233
19711.451013500002, -8.386311162114144, -0.08502315681427718, -3.5566038577258587, -0.013073706068098545, 0.17815503478050232, -0.044944051653146744
19711.4610665, -8.209379678964615, -0.04340967418625951, -3.687731177061796, 0.06176404654979706, 0.153711199760437, 0.023930886760354042
19711.4711195, -8.338559875488281, -0.11825396144762636, -3.612736835628748, 0.12473318725824356, 0.14424529671669006, 0.0763435959815979
19711.4811725, -8.581654357910157, -0.3363506833277643, -3.316503003537655, 0.15519629418849945, 0.12824980914592743, 0.11508433520793915
19711.4912255, -8.82894012451172, -0.4860392395779491, -2.863544642329216, 0.13455481827259064, 0.11407948285341263, 0.13226036727428436
19711.5012785, -9.114845581054688, -0.5186713989637792, -2.416425018310547, 0.06827646493911743, 0.10102200508117676, 0.1266525387763977
19711.5113305, -9.339228388667108, -0.43559407674707473, -2.284997736811638, -0.0017800474306568503, 0.07205544412136078, 0.10602938383817673
19711.5213835, -9.543554077148437, -0.36089953302405775, -2.270478077083826, -0.06688767671585083, 0.048037994652986526, 0.0671248584985733
19711.5314365, -9.56091679930687, -0.23501130064018072, -2.3787028759717943, -0.1181107610464096, 0.03425325080752373, 0.03286076337099075
19711.5414895, -9.460476252436639, -0.11615832849405706, -2.6472450256347657, -0.13383646309375763, 0.015512053854763508, 6.233621388673782e-05
19711.5515425, -9.303302510976792, -0.0293389892578125, -2.919079303890467, -0.11424274742603302, -0.028995390981435776, -0.024032291024923325
19711.561594500003, -9.105115814208984, 0.13651618637144566, -3.034938666075468, -0.06965024024248123, -0.037710852921009064, -0.03519333153963089
19711.5716475, -8.96979721069336, 0.1835182345379144, -3.087928180843592, -0.024795861914753914, -0.02184302732348442, -0.04401935264468193
19711.581700500003, -8.952881800532342, 0.05598366376943886, -2.801723346859217, -0.002784568816423416, -0.02749745175242424, -0.06733692437410355
19711.5917535, -9.00287841796875, -0.10089014293625952, -2.4825871405005455, -0.012522405944764614, -0.045442886650562286, -0.09809452295303345
19711.601806500003, -8.945996704101564, -0.14549758270382881, -2.3168817266821864, -0.04200812801718712, -0.08132578432559967, -0.11864373832941055
19711.6118595, -8.748407008051872, -0.1695972200576216, -2.2318586795032025, -0.07868365943431854, -0.13018321990966797, -0.12347277253866196
19711.621911500002, -8.588689143061638, -0.23022125244140626, -2.236498737484217, -0.12647035717964172, -0.16616013646125793, -0.11689290404319763
19711.6319645, -8.517437312006951, -0.3143461672961712, -2.2528153927624226, -0.16684408485889435, -0.1913747936487198, -0.10551653802394867
19711.642017500002, -8.541686884760857, -0.30147319313138726, -2.3583457946777346, -0.20497442781925201, -0.1913902461528778, -0.09114985167980194
19711.6520705, -8.594976654052735, -0.325273717995733, -2.399210815429688, -0.24809576570987701, -0.20273873209953308, -0.08237908035516739
19711.662123500002, -8.641380157470703, -0.31075372936204076, -2.361788342893124, -0.29648327827453613, -0.22904756665229797, -0.07162896543741226
19711.6721765, -8.624465332031251, -0.20522318126633765, -2.449805603027344, -0.3356577754020691, -0.23533275723457336, -0.04932831972837448
19711.6822285, -8.537196223139762, -0.12364275539293886, -2.533780536800623, -0.3757726848125458, -0.23847128450870514, -0.016515245661139488
19711.6922815, -8.547225952148438, -0.11795480327680707, -2.543061237484217, -0.42811331152915955, -0.2529938817024231, 0.01405277755111456
19711.7023345, -8.619375915527344, -0.027392907980829478, -2.646945355832577, -0.47169992327690125, -0.2640156149864197, 0.05120201036334038
19711.7123875, -8.706495920419693, 0.05837864675559104, -2.8807589913904668, -0.4969295263290405, -0.26757651567459106, 0.08975473791360855
19711.7224405, -8.855284754633903, 0.1296303590387106, -3.108735205382109, -0.5008933544158936, -0.24955543875694275, 0.11335993558168411
19711.732492500003, -9.166039123535157, 0.1341211394313723, -3.4003288333117965, -0.4696659743785858, -0.26091599464416504, 0.11578114330768585
19711.7425455, -9.467363687753679, 0.113613821240142, -3.5817520013451576, -0.4005894362926483, -0.3361327350139618, 0.09506520628929138
19711.752598500003, -9.645192133784295, 0.2565662982640788, -3.669020233154297, -0.28663599491119385, -0.32314959168434143, 0.07475081831216812
19711.7626515, -9.846672567129136, 0.2993775556096807, -3.761078357845545, -0.16087858378887177, -0.18516400456428528, 0.043729789555072784
19711.772704500003, -9.929600118398668, 0.27018821852747354, -3.3368605233728887, -0.07782638072967529, -0.060302115976810455, -0.003098843852058053
19711.7827575, -10.089169464111329, 0.14415024717338384, -2.724035339355469, -0.047605354338884354, 0.03909185528755188, -0.06099037081003189
19711.792809500002, -10.262808380126954, -0.06780907270498573, -2.2438336309790614, -0.05982485041022301, 0.12189329415559769, -0.12978075444698334
19711.8028625, -10.32492802977562, -0.18651201808825135, -1.9513417245447637, -0.11777950078248978, 0.2193727195262909, -0.1975046694278717
19711.812915500002, -10.242152506113053, -0.23980142192915083, -1.9835252380371096, -0.18427857756614685, 0.2854005694389343, -0.24114936590194702
19711.8229685, -9.851014124751092, -0.23560999156907203, -2.1483320809900763, -0.2487068474292755, 0.24651362001895905, -0.23777513206005096
19711.833021500002, -9.239835078120231, -0.09864477558061481, -2.3587942761182785, -0.28805190324783325, 0.17197167873382568, -0.17517954111099243
19711.8430745, -8.67087000489235, 0.08202944635413588, -2.84677994415164, -0.2791798412799835, 0.09239323437213898, -0.0612255334854126
19711.853127500002, -8.37149139404297, 0.20073256532661618, -3.224893652647734, -0.20698362588882446, 0.028127746656537056, 0.07154382765293121
19711.8631795, -8.345446726083756, 0.3076102570910007, -3.4218840090930462, -0.10251422226428986, 0.03523945063352585, 0.2028600424528122
19711.873232500002, -8.580755056142808, 0.43978557106107474, -3.3335675176978112, -0.010202518664300442, 0.0955023393034935, 0.308319091796875
19711.8832855, -9.053322932124138, 0.5453161237249151, -2.831960906982422, 0.015308167785406113, 0.13809961080551147, 0.3670971989631653
19711.893338500002, -9.622589721679688, 0.6255492506129667, -2.122586205750704, -0.03007429651916027, 0.14061051607131958, 0.36653146147727966
19711.9033915, -10.13542269408703, 0.745000713831978, -1.800006281733513, -0.11403550952672958, 0.1545659899711609, 0.33434635400772095
19711.9134445, -10.50171040892601, 0.9605524933431298, -1.7736612130701543, -0.21295201778411865, 0.15606746077537537, 0.2724328637123108
19711.9234965, -10.671757380366326, 1.1127858583442867, -1.8531462161242962, -0.30612775683403015, 0.11756668239831924, 0.19215241074562073
19711.9335495, -10.700647888183594, 1.287921679839492, -2.0793258731067183, -0.3799194395542145, 0.07510390877723694, 0.11196330189704895
19711.9436025, -10.639724578857422, 1.3046869536023589, -2.4370820617675784, -0.41010183095932007, 0.029226427897810936, 0.030972575768828392
19711.9536555, -10.48823959350586, 1.2536430450249465, -2.8604016177356244, -0.3765130639076233, -0.0022714664228260517, -0.035278547555208206
19711.9637085, -10.226434020996095, 1.235381139870733, -3.2533345095813275, -0.30451691150665283, -0.006481657736003399, -0.09134075045585632
19711.9737615, -9.975405451655389, 1.167721646251157, -3.3871557873487474, -0.22041814029216766, 0.00824795477092266, -0.1383923590183258
19711.983813500003, -9.85715136229992, 0.9566605591960252, -3.4295179876685142, -0.1316659152507782, 0.041305240243673325, -0.18537531793117523
19711.9938665, -9.804611206054688, 0.7176075900066644, -3.3690435983240605, -0.047669731080532074, 0.053308796137571335, -0.2339961677789688
19712.003919500003, -9.662256647944451, 0.5879773131944239, -3.177741851806641, -0.0007011545239947736, 0.05912274494767189, -0.2745816707611084
19712.0139725, -9.455237731933595, 0.4568500623805449, -2.8604011791944504, -0.00018263707170262933, 0.04349478334188461, -0.3019541800022125
19712.024025500003, -9.234298349618912, 0.2957847533666063, -2.550994885861874, -0.033772557973861694, -0.015443636104464531, -0.3193449079990387
19712.0340785, -9.015152893066407, 0.12873227239586413, -2.358046271055937, -0.07326899468898773, -0.08589223772287369, -0.31948867440223694
19712.044130500002, -8.760382690429688, 0.06331838824320585, -2.497705993652344, -0.0909382700920105, -0.13808806240558624, -0.3097772002220154
19712.0541835, -8.50710820555687, 0.03248232448473573, -2.620750268250704, -0.08341388404369354, -0.17898672819137573, -0.28655892610549927
19712.064236500002, -8.302783101797104, 0.05134308502078057, -2.7189457766711715, -0.05272174999117851, -0.15654027462005615, -0.2548891305923462
19712.0742895, -8.246201350092889, -0.078137567024678, -2.707419306635857, -0.0030066787730902433, -0.1333363950252533, -0.21379907429218292
19712.084342500002, -8.184229635000229, -0.27527764873579147, -2.549497852474451, 0.05885668843984604, -0.07887021452188492, -0.15370404720306396
19712.0943955, -8.049509786367416, -0.31719034435227517, -2.500250555723906, 0.10163464397192001, 0.06673938035964966, -0.07853147387504578
19712.104448500002, -8.073609085679054, -0.32227992530912164, -2.3746614266932013, 0.10712581127882004, 0.2262483537197113, -0.008304452523589134
19712.1145005, -8.268055903315545, -0.3936812623590231, -2.0978871282935145, 0.07156101614236832, 0.292489618062973, 0.030529288575053215
19712.1245535, -8.541237818598749, -0.4019141602702439, -1.958676618039608, 0.023353541269898415, 0.2790678143501282, 0.05552811920642853
19712.1346065, -8.672664515376091, -0.3631449460610747, -2.0812719726562503, -0.020442528650164604, 0.2692777216434479, 0.08562406897544861
19712.1446595, -8.645871988534928, -0.334704089127481, -2.361638800352812, -0.04536651819944382, 0.25359463691711426, 0.127621591091156
19712.1547125, -8.628057861328125, -0.32347724321298305, -2.5563836798071864, -0.03706948831677437, 0.20795543491840363, 0.18096370995044708
19712.1647655, -8.574768092036248, -0.1125659819226712, -2.676284198909998, -0.013162823393940926, 0.1664319634437561, 0.26096081733703613
19712.174817500003, -8.589437586665154, 0.13217502160929145, -2.5414143691957, -0.019433677196502686, 0.13672825694084167, 0.34002459049224854
19712.18487, -8.754993896484375, 0.20701938652899118, -2.170934931635857, -0.05281161144375801, 0.058372464030981064, 0.4085991382598877
19712.194923000003, -9.107660522460938, 0.3430865775444545, -1.8362310983240606, -0.10971193015575409, 0.019442934542894363, 0.4488113224506378
19712.204976, -9.703572489023209, 0.3251239127875306, -1.8597329583764077, -0.16521354019641876, 0.03237790986895561, 0.43910783529281616
19712.215029000003, -10.363100992441177, 0.22767656703013928, -2.01750472381711, -0.19052039086818695, 0.04273371025919914, 0.37423622608184814
19712.225082, -10.900932565927507, 0.1850150943361223, -2.299368292540312, -0.19882333278656006, 0.07453904300928116, 0.24690304696559906
19712.235135000003, -11.28368604004383, 0.1933978088758886, -2.708467712402344, -0.18260805308818817, 0.0913390964269638, 0.09638926386833191
19712.245187, -11.279194793701173, 0.14025817598216236, -3.0656250000000003, -0.1316221058368683, 0.06511655449867249, -0.04344560205936432
19712.255240000002, -10.939850463867188, 0.09879456480033696, -3.3495840646326545, -0.051786161959171295, 0.0578090064227581, -0.14934009313583374
19712.265293, -10.381212158203125, 0.06825815713964403, -3.5307080014050007, 0.026698525995016098, 0.05619699880480766, -0.20187947154045105
19712.275346000002, -9.770930659174919, 0.056133370762690905, -3.41829133361578, 0.09481925517320633, 0.040088336914777756, -0.20957094430923462
19712.285399, -9.310038503408432, -0.02170491475146264, -3.151995245665312, 0.1463594138622284, 0.0031084809452295303, -0.17875976860523224
19712.295452000002, -9.040749079585076, -0.08053265507798642, -2.858156433105469, 0.18161426484584808, -0.03243901580572128, -0.12960413098335266
19712.305505, -8.896151529550552, -0.14639551403000953, -2.586920617371798, 0.2152172327041626, -0.052609801292419434, -0.06629973649978638
19712.315557, -8.822353236079216, -0.2191442048829049, -2.378104413449764, 0.2223764955997467, -0.012363143265247345, -0.0072537497617304325
19712.32561, -9.004375889897346, -0.42840926026459786, -2.1092637634277347, 0.21810372173786163, 0.03550717979669571, 0.03305212780833244
19712.335663, -9.249415156245233, -0.5589376237196848, -1.7669253668189049, 0.1711052805185318, 0.0764465257525444, 0.05381891131401062
19712.345716, -9.497749328613281, -0.6078857942763717, -1.4362629827857019, 0.0862569734454155, 0.09247396141290665, 0.05054721608757973
19712.355769, -9.670939178466798, -0.5230123969889247, -1.366358204036951, 0.0118734585121274, 0.08811797201633453, 0.04649430513381958
19712.365822, -9.683512446284295, -0.35431311054155235, -1.601669019162655, -0.038315143436193466, 0.058571264147758484, 0.05652643367648125
19712.375875, -9.580227228999139, -0.14549747763667256, -1.8949093692004682, -0.06416846066713333, 0.02636614255607128, 0.07749975472688675
19712.385927000003, -9.436225510239602, 0.0806821610732004, -2.246827551573515, -0.04954317584633827, -0.011033426970243454, 0.11215759813785553
19712.39598, -9.384284693598747, 0.19758896971587092, -2.5430615298449992, -0.002853965852409601, -0.027891501784324646, 0.14578108489513397
19712.406033000003, -9.445657069087028, 0.21929394842125477, -2.7372075082361698, 0.05557232350111008, -0.04202143847942352, 0.16958947479724884
19712.416086, -9.596843846440315, 0.20597167968750002, -2.716999969482422, 0.11428546160459518, -0.05089576914906502, 0.17343728244304657
19712.426139000003, -9.77826716065407, 0.25866207282990217, -2.5557852172851563, 0.14991508424282074, -0.0644850805401802, 0.15238340198993683
19712.436192, -9.967771326899529, 0.33081192657351494, -2.1511761666834355, 0.14497731626033783, -0.09129311144351959, 0.107134610414505
19712.446245000003, -10.183472773432731, 0.33994292026385664, -1.7791999880969525, 0.12758207321166992, -0.11337551474571228, 0.0403774194419384
19712.456297, -10.363248926997185, 0.3098555239476264, -1.5537684823572637, 0.09737856686115265, -0.0893595963716507, -0.04335057735443115
19712.466350000002, -10.485993677973747, 0.058827731190249324, -1.4148577880859377, 0.06706007570028305, -0.0565774142742157, -0.1284385770559311
19712.476403, -10.4087548828125, -0.22258730127476156, -1.3109735235571862, 0.03846071660518646, -0.029888341203331947, -0.20158754289150238
19712.486456000002, -10.223439661860466, -0.3814069791231305, -1.3105243112146856, 0.01290795300155878, -0.003760333638638258, -0.25259479880332947
19712.496509, -9.87466435790062, -0.41927820262033494, -1.3886616772413254, -0.006625327281653881, 0.013792089186608791, -0.26820364594459534
19712.506562000002, -9.494006525874138, -0.406853947439231, -1.5024255435168743, -0.012965514324605465, 0.017573244869709015, -0.2553861141204834
19712.516615, -9.20406005859375, -0.43424694564077077, -1.630559380799532, -0.009014634415507317, 0.03355437517166138, -0.22088293731212616
19712.526668000002, -9.096882934570313, -0.5707631582790055, -1.7687217776477338, 0.004042578861117363, 0.05022229999303818, -0.17703877389431
19712.53672, -9.118438110351564, -0.7132668181043118, -1.7437240536510945, 0.006348989438265562, 0.052569158375263214, -0.13697314262390137
19712.546773000002, -9.233099670410157, -0.7882606844510883, -1.7574952697753907, 0.015561395324766636, 0.0544125959277153, -0.10346098989248276
19712.556826, -9.386828817129135, -0.8286769039928914, -1.7998567391932012, 0.01600511558353901, 0.07333853840827942, -0.08549953252077103
19712.566879, -9.58771108031273, -0.8970844483561814, -1.7911749395728112, 0.017132164910435677, 0.07402750104665756, -0.07374326884746552
19712.576932, -9.66315478026867, -0.940045166015625, -1.814376837462187, 0.012834255583584309, 0.07763374596834183, -0.06890732795000076
19712.586985, -9.722880579829216, -0.8975336424261332, -1.782642682492733, 0.0041062780655920506, 0.05491724610328674, -0.06738027185201645
19712.597038, -9.71629427611828, -0.7692504727374763, -1.7787509219348432, -0.012462613172829151, 0.03776857256889343, -0.06246049702167511
19712.60709, -9.778416849374771, -0.6625222138781101, -1.795666039735079, -0.0204856526106596, 0.01891046017408371, -0.05969933047890663
19712.617143, -9.778565368652345, -0.6322852841578425, -1.804796759337187, -0.02995578944683075, 0.0014559365808963776, -0.05774959549307823
19712.627196, -9.771680856943131, -0.6813832302298397, -1.789828179627657, -0.03375265747308731, -0.0034437477588653564, -0.05435752868652344
19712.637249, -9.714348907470704, -0.6218068361654878, -1.8706596502661705, -0.04330701380968094, 0.03757665678858757, -0.05360918119549751
19712.647302, -9.851614049077034, -0.6432124328613281, -1.8738032595813274, -0.05687688663601875, 0.05711227282881737, -0.06925524771213531
19712.657355000003, -9.920769653320313, -0.6481523525062949, -1.8206634713709355, -0.08334825932979584, 0.05718259885907173, -0.09061189740896225
19712.667408, -9.93409078001976, -0.5852828065864742, -1.8730546697974206, -0.11444120109081268, 0.05849101021885872, -0.11707093566656113
19712.677461000003, -10.00639277100563, -0.6159692684188486, -2.031425482481718, -0.13088011741638184, 0.06181982159614563, -0.14008478820323944
19712.687514, -9.925710550546647, -0.6315367674641311, -2.1487814395129683, -0.1388368457555771, 0.0701477900147438, -0.15890374779701233
19712.697566000003, -9.7956298828125, -0.6502477296441794, -2.312391357421875, -0.1243487223982811, 0.0862705335021019, -0.1659308671951294
19712.707619, -9.634416300058366, -0.6777906552515924, -2.4833357302844528, -0.09215722978115082, 0.08326009660959244, -0.16016645729541779
19712.717672000002, -9.434131622314453, -0.7107221738062799, -2.5776396243274213, -0.0475950613617897, 0.07219655066728592, -0.14189709722995758
19712.727725, -9.276060333251953, -0.6798862607963384, -2.5613235537707806, -0.00034046266227960587, 0.0644741877913475, -0.11095675826072693
19712.737778000002, -9.183702392578125, -0.622405645865947, -2.3382873599231244, 0.0208305511623621, 0.0756976306438446, -0.08132936805486679
19712.747831, -9.23833702147007, -0.5963599180988968, -1.98367463439703, 0.012029868550598621, 0.07591787725687027, -0.05467724800109863
19712.757884000002, -9.432185084223748, -0.5798942136391998, -1.6031660525500775, -0.02944416180253029, 0.08094615489244461, -0.055561233311891556
19712.767937, -9.749525172114373, -0.5834866333007813, -1.4111149853467941, -0.08739454299211502, 0.08853457123041153, -0.0775219276547432
19712.777989000002, -9.9807942456007, -0.6432125242240727, -1.3163623175024988, -0.14680971205234528, 0.07823998481035233, -0.10930556803941727
19712.788042, -10.034982147216798, -0.7134165890514851, -1.415606085509062, -0.20166176557540894, 0.06281895190477371, -0.1376437246799469
19712.798095000002, -9.821076965332031, -0.6514452028647065, -1.6378939819335938, -0.21861928701400757, 0.032225772738456726, -0.14318692684173584
19712.808148, -9.446855163574218, -0.4996608766168356, -1.962718359678984, -0.215488463640213, 0.004413314163684845, -0.11160263419151306
19712.818201000002, -9.057815347909928, -0.32692020256072285, -2.1785697872936725, -0.190667524933815, -0.03361436724662781, -0.05243000388145447
19712.828254, -8.883577677011491, -0.18606300674378873, -2.2844000051915647, -0.15575002133846283, -0.04867134988307953, 0.005588557571172714
19712.838307, -9.078022155761719, -0.11301491104066372, -2.3176300241053105, -0.12424623221158981, -0.043994393199682236, 0.03894651308655739
19712.84836, -9.599387969970703, -0.17977619010955095, -2.200274359434843, -0.09892542660236359, -0.041654542088508606, 0.02590048685669899
19712.858413, -10.108329620361328, -0.389190673828125, -2.0460949771106245, -0.08880637586116791, -0.054184384644031525, -0.01971876062452793
19712.868465, -10.262808380126954, -0.41508696869015693, -1.9450552368164062, -0.089105986058712, -0.07023099809885025, -0.06871718913316727
19712.878518, -10.294542388916016, -0.36149837013334035, -1.988614362180233, -0.09020835161209106, -0.05112933740019798, -0.12004893273115158
19712.888571, -10.316846008300782, -0.3544627809897065, -1.9564312872290612, -0.0880754217505455, -0.048439811915159225, -0.16826920211315155
19712.898624, -10.11536440551281, -0.24159774139523507, -1.8079402224719525, -0.10349830985069275, -0.0580323152244091, -0.19563977420330048
19712.908677, -9.826465174555779, -0.14624595321714878, -1.7089959780871868, -0.12063442170619965, -0.06755897402763367, -0.19235236942768097
19712.91873, -9.588909759521485, -0.11002139244228602, -1.7206716983020307, -0.12840618193149567, -0.0812297984957695, -0.1724117249250412
19712.928783, -9.360035705566407, -0.09939345672726632, -1.7729132080078125, -0.1231650859117508, -0.07956026494503021, -0.14007055759429932
19712.938836, -9.375603332519532, -0.21001345787197354, -1.9116742135584355, -0.09362884610891342, -0.08322346955537796, -0.11493386328220367
19712.948889000003, -9.377998352050781, -0.25956024169921876, -1.9538868713378907, -0.051289115101099014, -0.08102396130561829, -0.09668134897947311
19712.958942, -9.393116912841798, -0.25417152084410194, -1.9374208196997644, -0.004933662712574005, -0.052147895097732544, -0.09062443673610687
19712.968994000003, -9.441465200185776, -0.21210880760103465, -1.8604805248975755, 0.03497034311294556, -0.013650039210915565, -0.09295843541622162
19712.979047, -9.421707458496094, -0.18396762046962978, -1.703008429259062, 0.0655149519443512, -0.007755096536129713, -0.0928049385547638
19712.989100000003, -9.378597106933594, -0.17199244972318412, -1.4621588391065599, 0.09055399149656296, -0.002158996183425188, -0.08410332351922989
19712.999153, -9.349556910395624, -0.18531459968537092, -1.4194976998865605, 0.12482227385044098, 0.04141809791326523, -0.07372693717479706
19713.009206000002, -9.407037379145622, -0.21165981452912094, -1.3196554693579674, 0.1542920172214508, 0.09684327244758606, -0.07428273558616638
19713.019259, -9.52065170288086, -0.22692813713103535, -1.1304492187500002, 0.17451491951942444, 0.1519792377948761, -0.08104501664638519
19713.029312000002, -9.623636958003045, -0.24384307220578194, -0.9526184338331223, 0.18008172512054443, 0.16888977587223053, -0.09014583379030228
19713.039365, -9.599537658691407, -0.2038762203231454, -0.76311295196414, 0.17086993157863617, 0.18287396430969238, -0.08620990067720413
19713.049418000002, -9.518556060791017, -0.1754351441189647, -0.665366071164608, 0.14462634921073914, 0.1829107105731964, -0.06304093450307846
19713.05947, -9.40479263305664, -0.2240840879827738, -0.5740563900768757, 0.1115122064948082, 0.15679138898849487, -0.026070211082696915
19713.069523000002, -9.31228500366211, -0.21659954231232406, -0.5375320498645306, 0.07798806577920914, 0.1318061351776123, 0.02462252601981163
19713.079576, -9.254805119633675, -0.13756411705166102, -0.5343891714513302, 0.04066844657063484, 0.10863203555345535, 0.07433205842971802
19713.089629000002, -9.303453369140625, -0.06780913665890693, -0.5331912231445313, 0.007719287183135748, 0.06688991189002991, 0.1158914864063263
19713.099682, -9.472002868652345, 0.01212489601224661, -0.4179306158423424, -0.033427610993385315, 0.017388872802257538, 0.13053974509239197
19713.109735000002, -9.692495523691179, 0.05298984367400408, -0.2986289978027344, -0.07753808051347733, -0.0121461171656847, 0.11932143568992615
19713.119788, -9.8483203125, -0.026494940109550953, -0.3080595333874226, -0.11354907602071762, -0.017299087718129158, 0.09621843695640564
19713.129841, -9.941576385498047, -0.08442440193146468, -0.45265869140625004, -0.1222325786948204, -0.006581728812307119, 0.06375264376401901
19713.139894, -9.993068135976792, -0.1172061586752534, -0.673299281001091, -0.10788725316524506, -0.007089590188115835, 0.023418551310896873
19713.149947, -9.915232340097427, -0.07574267540127039, -0.8702903683483602, -0.07580122351646423, -0.004113241098821163, -0.0075753177516162395
19713.16, -9.695486959218979, 0.015417828597128392, -1.0336001779139043, -0.04173895716667175, 0.012321856804192066, -0.025377973914146423
19713.170052, -9.478588587641717, 0.09205863632261753, -1.0494673284888267, -0.012903580442070961, 0.02525816112756729, -0.034888122230768204
19713.180105, -9.323510488271713, 0.07544315177947283, -1.0109973272681236, 0.01602482795715332, 0.03250809386372566, -0.03435758501291275
19713.190157875, -9.222771148681641, -0.01886081535369158, -0.9331594848632813, 0.03698257356882095, 0.0604419931769371, -0.020967476069927216
19713.200210875002, -9.232949981689453, -0.13936016242951155, -0.9201365661621094, 0.04869760200381279, 0.0911676213145256, -0.011830097064375877
19713.210263875, -9.305699284672738, -0.1685496822372079, -0.7852668826282024, 0.0443262904882431, 0.10975328832864761, -0.008243617601692677
19713.220316875002, -9.451494929194451, -0.18755996704101563, -0.6876699829101562, 0.023587733507156372, 0.11222715675830841, -0.013409703969955444
19713.230369875, -9.538165283203126, -0.2116598876193166, -0.6679110717773438, 0.001012117019854486, 0.06981924176216125, -0.01650562882423401
19713.240422875002, -9.60088427245617, -0.18785930793732405, -0.7634118908643723, -0.004059397615492344, 0.04586496949195862, -0.019640769809484482
19713.250475875, -9.674532877206802, -0.10118950210511685, -0.8951385498046875, -0.005877804011106491, 0.03638678044080734, -0.02780362404882908
19713.260528875002, -9.7987727612257, -0.04101485565304756, -0.8747804452478886, 0.0006399508565664291, 0.03769650682806969, -0.03199819102883339
19713.270581875, -10.029743041992187, -0.1422043212130666, -0.8701405334472657, -0.004703948274254799, 0.031905196607112885, -0.04547857865691185
19713.280634875002, -10.345136591792107, -0.29922782577574253, -0.9565107791125775, 0.003947369288653135, 0.01409647986292839, -0.06398747116327286
19713.290686875, -10.556646754145623, -0.4809498230740428, -1.0937754821777343, 0.024887539446353912, -0.022924920544028282, -0.08521606028079987
19713.300739875, -10.490335235595703, -0.5143305174261332, -1.1943658639490604, 0.047343045473098755, -0.057909537106752396, -0.08826005458831787
19713.310792875, -10.14605059325695, -0.39353153709322214, -1.3112730471789837, 0.0705740675330162, -0.11015782505273819, -0.05890722572803497
19713.320845875, -9.811945368647576, -0.15747242454439403, -1.3256430181860925, 0.09767884016036987, -0.15487252175807953, -0.02145850658416748
19713.330898875, -9.691895599365235, -0.045505517274141316, -1.3239965884387495, 0.11956895887851715, -0.1884310096502304, 0.015321077778935432
19713.340951875, -9.812244746088982, -0.14040802001953126, -1.2490021008253098, 0.14979083836078644, -0.22614318132400513, 0.032553475350141525
19713.351004875, -10.037825063467027, -0.32422562286257745, -1.1602366894483567, 0.18418370187282562, -0.259549617767334, 0.025383710861206055
19713.361057875, -10.149194641113281, -0.3716772031411529, -1.0650353939831256, 0.22931350767612457, -0.2583613693714142, 0.004893480334430933
19713.371110875, -10.243649393320084, -0.31689120445400476, -1.0262661615014077, 0.25811347365379333, -0.23220938444137573, -0.03046264685690403
19713.381163875, -10.305918731689454, -0.3456312195584178, -0.7271873666346074, 0.2661338448524475, -0.2198735624551773, -0.07284165173768997
19713.391216875003, -10.30861312866211, -0.393382067643106, -0.4902304141223431, 0.257089763879776, -0.20805364847183228, -0.10252364724874496
19713.401269875, -10.077344055175782, -0.30192225929349664, -0.46732789367437366, 0.234282985329628, -0.18941712379455566, -0.11350493133068085
19713.411322875003, -9.99920654296875, -0.3510201231390238, -0.4671780587732792, 0.20756962895393372, -0.21968235075473785, -0.11636383086442947
19713.421375875, -9.906100158691407, -0.3761677185818553, -0.501606903076172, 0.1914435625076294, -0.24008290469646454, -0.10506042093038559
19713.431427875003, -9.730814082026482, -0.319136462174356, -0.7996365612745285, 0.19119934737682343, -0.2548559904098511, -0.07883147895336151
19713.441480875, -9.55088765501976, -0.2649490721896291, -1.0478208987414837, 0.2087041437625885, -0.25944745540618896, -0.04437384381890297
19713.451533875002, -9.473799133300782, -0.14968883033841848, -1.3407615789771081, 0.24353615939617157, -0.24876444041728973, -0.005025641061365604
19713.461586875, -9.539511896967888, -0.15178450897336007, -1.5510740853846074, 0.2861851155757904, -0.2428426742553711, 0.027905510738492012
19713.471639875002, -9.680518087148666, -0.29084511123597623, -1.6485217349231245, 0.3199995458126068, -0.258311927318573, 0.0565028041601181
19713.481692875, -9.854906616210938, -0.42122402351349597, -1.6154405276477337, 0.35408467054367065, -0.33744728565216064, 0.08571752160787582
19713.491745875002, -9.873317744135857, -0.41778114639222624, -1.6769622994959354, 0.4027392864227295, -0.3900311291217804, 0.1282529979944229
19713.501798875, -9.93888081908226, -0.32811767578125, -1.632055683284998, 0.46404558420181274, -0.40017351508140564, 0.16535215079784393
19713.511851875002, -10.042617441415787, -0.1511856810003519, -1.3602211126685144, 0.5086742639541626, -0.31129661202430725, 0.19456464052200317
19713.521904875, -10.35890853881836, -0.23411326881498098, -0.9702824337780476, 0.5204766988754272, -0.14348655939102173, 0.19327571988105774
19713.531957875002, -10.885364938974382, -0.5013075621798635, -0.5123843447864056, 0.47381407022476196, 0.049880776554346085, 0.14836762845516205
19713.542010875, -11.44310452759266, -0.8018825498968363, -0.18336882904171944, 0.3716631233692169, 0.1986032873392105, 0.05851782113313675
19713.552063875002, -11.874058939218521, -1.0306069151312114, -0.130528564453125, 0.2431400567293167, 0.2650376856327057, -0.06720495223999023
19713.562116875, -11.914773686528207, -1.1482621034234763, -0.4531079037487507, 0.10786280035972595, 0.27075332403182983, -0.1853024661540985
19713.572169875002, -11.355686899423599, -0.9512720027938486, -1.1243122735619546, 0.006389444228261709, 0.20355086028575897, -0.2330010086297989
19713.582222875, -10.413095855712891, -0.7346722412109375, -1.91841064453125, -0.03091314807534218, 0.05937161669135094, -0.19250056147575378
19713.592275875002, -9.433233489990235, -0.654738427810371, -2.5201593017578126, -0.003154753241688013, -0.14781911671161652, -0.0647447407245636
19713.602327875, -8.592282257080079, -0.4523593870550394, -2.9880859503149986, 0.09801875054836273, -0.2675626575946808, 0.11239270120859146
19713.612380875, -8.181835200190545, -0.1459466488659382, -3.262764752805233, 0.2240224927663803, -0.26729288697242737, 0.288642019033432
19713.622433875, -8.481661707758905, -0.05762997474521399, -2.907852796018124, 0.3274270296096802, -0.20144957304000854, 0.40256041288375854
19713.632486875, -9.498945084214212, -0.4710702944174409, -2.145488141477108, 0.37730270624160767, -0.12622326612472534, 0.41610127687454224
19713.642539875, -10.550658620595932, -0.9189390929415823, -1.4356642279028893, 0.3761279284954071, -0.008253405801951885, 0.3461756408214569
19713.652592875, -11.301199035644531, -1.1925700743868948, -1.0343486215174198, 0.325439453125, 0.14416010677814484, 0.2298000454902649
19713.662645875, -11.602821223139763, -1.2909154542535544, -0.6628212167322636, 0.23293356597423553, 0.2512899339199066, 0.09679917991161346
19713.672698875, -11.52124087035656, -1.2461585633084178, -0.4323007330298424, 0.10282430797815323, 0.31216102838516235, -0.022195914760231972
19713.682751875, -11.066935603022577, -1.0494675843045116, -0.49921173736453056, -0.025537265464663506, 0.33953770995140076, -0.095723956823349
19713.692804875, -10.38959355711937, -0.8831634521484375, -0.887204609066248, -0.10501611232757568, 0.3454224765300751, -0.11686386168003082
19713.702857875, -9.762249298095703, -0.8333169985190034, -1.4447956784069538, -0.12703697383403778, 0.34419891238212585, -0.10015657544136047
19713.712910875, -9.332492980957031, -0.856668658219278, -1.9552339236438276, -0.08376113325357437, 0.33768776059150696, -0.0626281127333641
19713.722963875, -9.06080795288086, -0.8527765687555076, -2.460433648377657, 0.0154220936819911, 0.3519170880317688, -0.01889641582965851
19713.733016875, -9.018745422363281, -0.973276025466621, -2.782862568050623, 0.1360502392053604, 0.3619164526462555, 0.015129195526242256
19713.743069875, -9.094637603759766, -1.1743080504611134, -2.740201575011015, 0.2480882704257965, 0.32972800731658936, 0.03394632786512375
19713.753122875, -9.148375854492189, -1.2012519105523825, -2.3776556396484376, 0.313612163066864, 0.29660147428512573, 0.035473115742206573
19713.763175875, -9.082960714101791, -1.1289522584527731, -1.8631749218702318, 0.31901004910469055, 0.25273770093917847, 0.03983435779809952
19713.773228875, -8.884474055171014, -1.0201286681368948, -1.245110486447811, 0.2657811939716339, 0.20636168122291565, 0.0559329017996788
19713.783281875003, -8.575217158198358, -0.8586145750433207, -0.8178984390199184, 0.162909135222435, 0.1455666422843933, 0.08593455702066422
19713.793334875, -8.22210205078125, -0.6432123963162303, -0.5581890933215619, 0.050310421735048294, 0.047210775315761566, 0.1273118257522583
19713.803387875003, -7.950865504145622, -0.38529862090945244, -0.6242015267908574, -0.031144224107265472, -0.03151892125606537, 0.17125371098518372
19713.813440875, -7.8463833618164065, -0.1691483274847269, -0.9891429202258587, -0.07132599502801895, -0.07536867260932922, 0.20811772346496582
19713.823492875003, -7.91793340086937, -0.2098636595159769, -1.1780499395728112, -0.08311977982521057, -0.11775712668895721, 0.2241358608007431
19713.833545875, -7.925568110346794, -0.22872443832457068, -1.2952563540637494, -0.08675845712423325, -0.14468009769916534, 0.23494642972946167
19713.843598875002, -7.996970799565315, -0.22632938224822283, -1.3340260250866414, -0.08399712294340134, -0.1462443470954895, 0.22577737271785736
19713.853651875, -8.14082049071789, -0.29383888565003874, -1.5684384155273439, -0.04944606497883797, -0.12636572122573853, 0.20831182599067688
19713.863704875002, -8.217461700439454, -0.19893634635955096, -1.6994157537817955, -0.01616005040705204, -0.12382494658231735, 0.1787329763174057
19713.873757875, -8.253837229013444, -0.023501129150390626, -1.5961305364966394, -0.0031776721589267254, -0.14742347598075867, 0.1462184488773346
19713.883810875002, -8.279133453369141, 0.09819569114595653, -1.4145585568249226, 0.0007276298711076379, -0.1713317185640335, 0.12752710282802582
19713.893863875, -8.316257425546647, 0.013022863883525134, -1.2509484927356245, -0.007123901508748531, -0.17086327075958252, 0.11889473348855972
19713.903916875002, -8.444838282465936, -0.18351835330948235, -1.1129354922473431, -0.019675178453326225, -0.14522558450698853, 0.12068962305784225
19713.913969875, -8.654252802729607, -0.4221222837455571, -1.0219248962402345, -0.0274105966091156, -0.11738383769989014, 0.12510807812213898
19713.924022875002, -8.93387074828148, -0.5960604858398438, -0.9922863833606244, -0.03500710427761078, -0.0764329805970192, 0.12463732063770294
19713.934075875, -9.188790639638901, -0.6505472898110748, -0.9418412844836712, -0.06308907270431519, -0.03922382369637489, 0.1154952198266983
19713.944128875002, -9.456733449697495, -0.6430628355033696, -0.7884100534021855, -0.10922310501337051, -0.016967978328466415, 0.0898958370089531
19713.954181875, -9.706714782714844, -0.6212082091905177, -0.7685018920898438, -0.16346929967403412, -0.011352968402206898, 0.048799000680446625
19713.964234875002, -9.933941676020623, -0.5405258242785931, -0.8867558352649212, -0.20754142105579376, -0.011823548935353756, 0.0020187124609947205
19713.974287875, -10.080188140869142, -0.4911285829916597, -1.1005116207897663, -0.23134049773216248, -0.02113236114382744, -0.0480646938085556
19713.984340875002, -10.187815500497818, -0.563428235091269, -1.33222932189703, -0.23116976022720337, -0.03705272451043129, -0.09312401711940765
19713.994393875, -10.187216745615006, -0.6969506105035543, -1.546583569943905, -0.1969854235649109, -0.053809866309165955, -0.11916520446538925
19714.004446875002, -10.109378610849381, -0.7312294006347657, -1.815724035948515, -0.1403224915266037, -0.055879052728414536, -0.12689821422100067
19714.014499875, -10.102940241694451, -0.820743346977979, -1.9847223092615605, -0.06197362765669823, -0.02912280708551407, -0.13556545972824097
19714.024552875002, -10.124196040034295, -0.8990303651802243, -2.183808307796717, 0.031249621883034706, 0.05740588530898094, -0.1286577433347702
19714.034605875, -10.242450714111328, -0.9589058534614743, -2.2219789315760137, 0.1030268743634224, 0.1524120271205902, -0.1280936896800995
19714.044658875002, -10.46668558716774, -1.18149299941957, -2.040406951904297, 0.14428147673606873, 0.2145356386899948, -0.1327761560678482
19714.054711875, -10.664123840332032, -1.3230984926596285, -1.8140774600207807, 0.13417477905750275, 0.241607204079628, -0.141612246632576
19714.064764875002, -10.839708124995232, -1.3181587648764252, -1.7372871463000776, 0.10888156294822693, 0.21864484250545502, -0.14167022705078125
19714.074817875, -10.789712677001953, -1.151106335297227, -1.8166221682727337, 0.0664166659116745, 0.13116559386253357, -0.1096920445561409
19714.084870875, -10.64391703248024, -1.007854302674532, -1.819915466308594, 0.02320023439824581, 0.018951717764139175, -0.05267692729830742
19714.094923875, -10.551708780527115, -0.8521779600530863, -1.8311422665417196, -0.01964576728641987, -0.07016004621982574, 0.020207395777106285
19714.104976875, -10.603798116445542, -0.7441027402505279, -1.7010621835291386, -0.07374808192253113, -0.06593795865774155, 0.07619794458150864
19714.115029875, -10.79839403808117, -0.7878115908801556, -1.5567625491321089, -0.14593413472175598, -0.020072199404239655, 0.08686231076717377
19714.125082875, -10.959010620117189, -0.7125184201821685, -1.5024256896972656, -0.20703540742397308, -0.0400259792804718, 0.061583444476127625
19714.135135875, -10.993288752436639, -0.428259356841445, -1.7317485174536706, -0.20742395520210266, -0.06963713467121124, 0.01716938056051731
19714.145188875, -11.006312255859376, -0.23665786743164063, -2.32945572540164, -0.14356301724910736, -0.021219180896878242, -0.03100879304111004
19714.155241875, -10.94284423828125, -0.27422977287322287, -2.708916340023279, -0.045015137642621994, 0.04758944362401962, -0.07482364773750305
19714.165294875, -10.748996760249138, -0.4234695005044341, -2.6641597048938275, 0.04190913587808609, 0.0875675231218338, -0.0943908840417862
19714.175347875, -10.387947565913201, -0.45250896614044905, -2.3766075262427333, 0.08889208734035492, 0.08666950464248657, -0.09013514965772629
19714.185400875, -10.005941950678826, -0.32721954345703125, -2.095342420041561, 0.11166727542877197, 0.04043227434158325, -0.06061973795294762
19714.195454541667, -9.756859919428825, -0.2496807495877147, -1.9085311889648438, 0.11075621098279953, -0.014763867482542992, -0.018200108781456947
19714.20550754167, -9.637708867192268, -0.22902377922087908, -1.7814453189074995, 0.09214318543672562, -0.0633421242237091, 0.02543528564274311
19714.215560541666, -9.662706298828125, -0.2791694275662303, -1.7070500247180462, 0.07120967656373978, -0.10639984160661697, 0.06444127857685089
19714.22561354167, -9.67153910279274, -0.2188449827581644, -1.6313076782226563, 0.0372333899140358, -0.14430256187915802, 0.08919215947389603
19714.235666541666, -9.617649993896485, -0.08502312026917935, -1.4673983828723431, -0.012975982390344143, -0.1552412360906601, 0.11034724116325378
19714.24571954167, -9.626629562973976, 0.06780891738831997, -1.3867161624133588, -0.05913276970386505, -0.09512820839881897, 0.11509162187576294
19714.255772541666, -9.833350855708122, 0.11660751342773439, -1.561103375852108, -0.08468819409608841, 0.022265268489718437, 0.09061024338006973
19714.265825541668, -10.07779312133789, 0.09565112907439471, -1.7597404544055464, -0.09711997956037521, 0.13838854432106018, 0.041232623159885406
19714.275878541666, -10.203381958007814, 0.08023300811648369, -2.041005852967501, -0.09443125873804092, 0.2463403195142746, -0.019745774567127228
19714.285931541668, -10.068362731933595, 0.14834166839718818, -2.4234603881835937, -0.08037286251783371, 0.31829941272735596, -0.07120950520038605
19714.295984541666, -9.757608947753907, 0.23246654670685532, -2.7108625857532025, -0.058621764183044434, 0.34289371967315674, -0.08847344666719437
19714.306037541668, -9.348958740234375, 0.32916560646146537, -2.794089075922966, -0.0355684868991375, 0.32438814640045166, -0.06610333174467087
19714.316090541666, -8.911418024897575, 0.4757109005749226, -2.859054711610079, 0.00037593289744108915, 0.3000050485134125, -0.010179081931710243
19714.326143541668, -8.656347860097885, 0.5587879578396678, -2.841390857845545, 0.03648494929075241, 0.27276524901390076, 0.06159781292080879
19714.336196541666, -8.732540003657341, 0.5373825073242188, -2.6518847912549974, 0.06813634932041168, 0.2678397297859192, 0.1179678812623024
19714.346249541668, -9.112000325918197, 0.33994301162660123, -2.3725662231445312, 0.08671094477176666, 0.2654693126678467, 0.13412009179592133
19714.356302541666, -9.547594503164293, 0.11570941764861346, -1.996996930539608, 0.0763416588306427, 0.26491111516952515, 0.11263183504343033
19714.366355541668, -9.829009298086167, 0.0055385192111134535, -1.7531538583338262, 0.05720183625817299, 0.25139284133911133, 0.057159896939992905
19714.37640854167, -9.872419611811639, 0.017064623795449735, -1.6811538760364058, 0.051344744861125946, 0.2196516990661621, -0.021682720631361008
19714.386461541668, -9.742340113520623, -0.017363781966269018, -1.810634327083826, 0.08319710940122604, 0.18318121135234833, -0.10495898127555847
19714.39651454167, -9.431736602783204, -0.1737885499186814, -1.980830694884062, 0.14754335582256317, 0.17630812525749207, -0.1834505945444107
19714.406567541668, -9.09987612426281, -0.4854403750598431, -2.1368061956763267, 0.2423391491174698, 0.19666840136051178, -0.2626464366912842
19714.41662054167, -8.742569147944451, -0.8104146607965231, -2.3305032540857793, 0.3617566227912903, 0.29038769006729126, -0.3145256042480469
19714.426673541668, -8.20503695189953, -0.8922944641113282, -2.310445257872343, 0.43889614939689636, 0.372200608253479, -0.3029465675354004
19714.43672654167, -7.599845454096794, -0.7541317749023438, -1.7937197940051557, 0.42920249700546265, 0.3486894369125366, -0.24748703837394714
19714.446779541668, -7.180717036128044, -0.5057981141656638, -1.2296922558546066, 0.3416922986507416, 0.24831634759902954, -0.15570983290672302
19714.45683254167, -7.153922755122185, -0.21076168220490218, -0.8822648812830448, 0.19091424345970154, 0.13618847727775574, -0.06668196618556976
19714.466885541668, -7.419620234370232, -0.0907114378362894, -0.6860232608020306, 0.018220484256744385, -0.012239283882081509, -0.003122311318293214
19714.47693854167, -7.857310638427735, -0.17947688575834037, -0.6936576779186726, -0.11917518824338913, -0.1365644335746765, 0.013582633808255196
19714.486991541668, -8.373886413574219, -0.28380985099822287, -1.1993060302734375, -0.17523908615112305, -0.15919819474220276, -0.00504082627594471
19714.49704454167, -8.729696502685547, -0.22857478614896537, -1.8097361947596073, -0.1537066251039505, -0.13347071409225464, -0.045462287962436676
19714.507097541667, -8.861571680903435, -0.13501937225461008, -2.2285655276477336, -0.07483899593353271, -0.08533057570457458, -0.085603728890419
19714.51715054167, -8.769811910390855, -0.06840778190642596, -2.4363330334424975, 0.0230990182608366, -0.039236582815647125, -0.10362187772989273
19714.527203541667, -8.583600311279298, 0.03353030998259783, -2.4795935122668746, 0.1263001412153244, 0.0035358238965272903, -0.09791736304759979
19714.53725654167, -8.51549252808094, 0.07244923118501902, -2.4310945129394534, 0.2190236896276474, 0.02237555757164955, -0.0704476535320282
19714.547309541667, -8.562944437265397, 0.05478607177734375, -2.2230276297032834, 0.29216134548187256, 0.03928733244538307, -0.035682324320077896
19714.55736254167, -8.727301483154298, -0.03637432258576155, -1.9670593325793744, 0.32342177629470825, 0.05869831517338753, -0.0010702840518206358
19714.567415541667, -8.932225341796876, -0.13516884170472623, -1.5136524899303914, 0.30367082357406616, 0.0562751367688179, 0.02789837308228016
19714.57746854167, -9.156159667968751, -0.1300794617459178, -1.056652094721794, 0.2257067859172821, 0.03610515594482422, 0.04583396017551422
19714.587521541667, -9.395212554931641, -0.12124797340482474, -0.7349710339307786, 0.11556940525770187, -0.026208357885479927, 0.059453390538692474
19714.59757554167, -9.54070999145508, -0.15043727394193412, -0.6008505249023438, 0.01260094903409481, -0.10884571820497513, 0.07633543759584427
19714.607628541668, -9.570197499990464, -0.08397522613406182, -0.8403521856665612, -0.05118656903505325, -0.1419629007577896, 0.10351972281932831
19714.61768154167, -9.549091390371323, 0.0558338562771678, -1.2964540100097657, -0.069886215031147, -0.14843997359275818, 0.1383133828639984
19714.627734541667, -9.570796839594841, 0.1460963375866413, -1.5218850772082806, -0.07811490446329117, -0.1820814460515976, 0.1729763299226761
19714.63778754167, -9.825417938232423, 0.07364681404083967, -1.7973123233020307, -0.054693203419446945, -0.17357850074768066, 0.1820281445980072
19714.647840541667, -10.135273590087891, 0.04131419654935599, -2.1466857974231246, -0.009729140438139439, -0.14882053434848785, 0.17082524299621582
19714.65789354167, -10.264454956054688, 0.11526031494140626, -2.3233183416724206, 0.04891126975417137, -0.10674658417701721, 0.15520182251930237
19714.667946541667, -10.40471270263195, 0.17693217750638723, -2.4545950573682784, 0.10803209990262985, -0.052861519157886505, 0.12226507067680359
19714.67799954167, -10.57685414671898, 0.1842669613659382, -2.500699621886015, 0.1641901731491089, 0.01178458146750927, 0.0854378193616867
19714.688052541667, -10.662177302241325, 0.19085319198668005, -2.457589124143124, 0.19573163986206055, 0.04083587974309921, 0.052237916737794876
19714.69810554167, -10.725945281982423, 0.13681545417755842, -2.336491095274687, 0.2083430290222168, 0.0479302778840065, 0.0219362061470747
19714.708158541667, -10.80677719116211, -0.0023948733508586885, -2.346520531922579, 0.2154097557067871, 0.02371811866760254, 0.0013989044819027185
19714.71821154167, -10.86949676513672, -0.2110611327365041, -2.5273439218103886, 0.247078999876976, -0.032806143164634705, -0.011136594228446484
19714.728264541667, -10.888806610107423, -0.38290374755859374, -2.791095593869686, 0.3242153227329254, -0.15004706382751465, -0.0030333800241351128
19714.73831754167, -10.763816528320312, -0.44622200332582, -2.9132417361438274, 0.4426037669181824, -0.26158612966537476, 0.029164768755435944
19714.748370541667, -10.570867767333985, -0.47870452880859377, -2.829116967469454, 0.571568489074707, -0.3056826889514923, 0.10101918876171112
19714.75842354167, -10.319989471435548, -0.4757107909396291, -2.3893313598632813, 0.661823570728302, -0.27998316287994385, 0.1876576691865921
19714.768476541667, -10.428961690664291, -0.5120850038900971, -1.776355902403593, 0.6833703517913818, -0.22642841935157776, 0.2526382505893707
19714.77852954167, -10.893896026611328, -0.723146173171699, -1.135987409055233, 0.6550092697143555, -0.2005600780248642, 0.28114259243011475
19714.788582541667, -11.517499237060548, -1.0012678162381055, -0.7250920169055463, 0.596458911895752, -0.16040819883346558, 0.24923744797706604
19714.79863554167, -12.114757232666017, -1.2500504335016014, -0.5472616705298424, 0.5050696134567261, -0.03839307278394699, 0.166717529296875
19714.808688541667, -12.413235372304918, -1.3735437742620706, -0.5429206976294518, 0.3687618374824524, 0.14274679124355316, 0.05516699701547623
19714.81874254167, -12.317435760498048, -1.2946576357260347, -0.5071455319225788, 0.17887713015079498, 0.23731030523777008, -0.054402634501457214
19714.828795541667, -11.733649165034295, -0.8563690249621868, -0.7670045663416386, 0.00331144779920578, 0.23092344403266907, -0.12868376076221466
19714.83884854167, -10.974427388906479, -0.34877468269318346, -1.6375940197706222, -0.1243479773402214, 0.21907451748847961, -0.16356104612350464
19714.848901541667, -10.285111999511718, -0.07978412467986346, -2.518662706911564, -0.1618032157421112, 0.11765891313552856, -0.15477301180362701
19714.85895454167, -9.620643768310547, 0.07125172141939402, -3.2780330023169517, -0.11553825438022614, 0.00929009448736906, -0.1085546612739563
19714.869007541667, -9.108109588623048, 0.19279921844601633, -3.8856196658313276, 0.0005535731324926019, -0.04874621331691742, -0.03653951734304428
19714.87906054167, -8.7864273583889, 0.18875747680664062, -4.141287854611874, 0.14079377055168152, -0.009550606831908226, 0.0422477051615715
19714.889113541667, -8.880282770991325, -0.07185062248259783, -3.979025135189295, 0.2553492486476898, 0.09838557988405228, 0.08994577825069427
19714.89916654167, -9.37934438109398, -0.5412742313370109, -3.28476870238781, 0.30018728971481323, 0.19929195940494537, 0.07952909171581268
19714.909219541667, -9.867779261469842, -0.8822653929144144, -2.532733154296875, 0.26377665996551514, 0.31489747762680054, 0.02513914927840233
19714.91927254167, -10.132429504394532, -1.007105530165136, -2.1526733462512495, 0.14974704384803772, 0.44595298171043396, -0.053454458713531494
19714.929325541667, -10.191107482910157, -1.075363806076348, -1.888472461849451, -0.014376608654856682, 0.4812714457511902, -0.12953141331672668
19714.93937854167, -9.786348597407342, -0.9201363834366203, -2.043849353939295, -0.17690053582191467, 0.44273948669433594, -0.1698831021785736
19714.949431541667, -9.097780482172967, -0.5842351865395904, -2.7536737060546876, -0.27158665657043457, 0.3901907205581665, -0.15783342719078064
19714.95948454167, -8.51564163208008, -0.3601510985568166, -3.5304081854224205, -0.2841855585575104, 0.2993297874927521, -0.10703496634960175
19714.969538541667, -8.011639124751092, -0.14325199607759714, -3.991149775385857, -0.23021134734153748, 0.17815184593200684, -0.01922895759344101
19714.97959154167, -7.545358759760857, -0.03323082290589809, -4.125121618956328, -0.13606727123260498, 0.06866264343261719, 0.10386474430561066
19714.989644541667, -7.27172836303711, -0.05059482414275408, -4.0538697879016405, -0.016530735418200493, 0.027519136667251587, 0.23506514728069305
19714.99969754167, -7.429499689936638, -0.286803698502481, -3.8056861813366414, 0.11330582201480865, 0.06331654638051987, 0.3285423815250397
19715.009750541667, -8.06732508301735, -0.671503564529121, -3.4664915402233603, 0.24214407801628113, 0.08753814548254013, 0.35841941833496094
19715.01980354167, -8.591533813476563, -0.8485852480307222, -2.9105473391711714, 0.33550626039505005, 0.1050146073102951, 0.34944480657577515
19715.029856541667, -8.74346728026867, -0.7429051573947072, -2.36837450042367, 0.3433152139186859, 0.13139045238494873, 0.3271264433860779
19715.03990954167, -8.778795572519304, -0.6616242185980082, -1.5444882202148438, 0.27344903349876404, 0.07240809500217438, 0.29703032970428467
19715.049962541667, -8.72774996459484, -0.61941178008914, -0.8571174685657025, 0.1561051458120346, 0.01578839309513569, 0.2730487883090973
19715.06001554167, -8.56533770263195, -0.5514531008899212, -0.6351286572217941, 0.014462538063526154, -0.006456458475440741, 0.26392000913619995
19715.070068541667, -8.41534960448742, -0.519120373763144, -0.5968089294433594, -0.10837017744779587, -0.040279872715473175, 0.2619609236717224
19715.08012154167, -8.35577407836914, -0.43200166622176767, -0.8744815063476563, -0.1868002712726593, -0.04399684816598892, 0.2512105405330658
19715.090174541667, -8.398734741210937, -0.32482452392578126, -1.3727949652075768, -0.21765631437301636, -0.04742342233657837, 0.23049141466617584
19715.10022854167, -8.447982330322265, -0.2616559751518071, -1.8079400762915612, -0.20251810550689697, -0.05417107418179512, 0.19925999641418457
19715.110281541667, -8.49124237060547, -0.14325214225798846, -2.194885419309139, -0.15904374420642853, -0.046327561140060425, 0.15899822115898132
19715.12033454167, -8.51429443359375, -0.08666970533318819, -2.3773559698462488, -0.1163514032959938, -0.04815102741122246, 0.11568883806467056
19715.130387541667, -8.497678400874138, -0.08906487104482949, -2.3390355111658576, -0.08604906499385834, -0.06965997815132141, 0.08368103206157684
19715.14044054167, -8.493785324692727, -0.0965491060819477, -2.2525149920582774, -0.0662817507982254, -0.08839824795722961, 0.06264791637659073
19715.150493541667, -8.520731048583984, -0.18621275941841306, -2.1613551458716396, -0.05804752558469772, -0.10620207339525223, 0.0561397522687912
19715.16054654167, -8.6939208984375, -0.3056642945855856, -2.0339703369140625, -0.06174426153302193, -0.1471407115459442, 0.053233709186315536
19715.170599541667, -8.923992462158203, -0.45610145889222625, -1.8950590579211712, -0.07213440537452698, -0.22911107540130615, 0.05110730603337288
19715.18065254167, -9.04119873046875, -0.4194277040474117, -1.7718650946021082, -0.105055071413517, -0.29907071590423584, 0.060231294482946396
19715.190705250003, -9.090596008300782, -0.17094450077041984, -1.651515509337187, -0.15652979910373688, -0.34628838300704956, 0.07057294994592667
19715.20075825, -9.135052973628044, 0.10283627903088928, -1.5762223751842976, -0.21519391238689423, -0.38502299785614014, 0.0850866436958313
19715.21081225, -9.356743723154068, 0.32991381708998235, -1.6248713555932046, -0.2615959644317627, -0.4028911888599396, 0.08274706453084946
19715.22086525, -9.795929260253907, 0.3438350599771366, -1.8050958444178105, -0.2786591053009033, -0.4120663106441498, 0.04496559500694275
19715.23091825, -10.328072662353517, 0.22588021101895722, -1.9722984378039838, -0.2761550545692444, -0.3979305922985077, -0.031903911381959915
19715.24097125, -10.68358454346657, 0.11511059881187977, -2.2155426089465617, -0.2398681640625, -0.32738959789276123, -0.12567754089832306
19715.251024250003, -10.832075754404068, 0.11960138377267868, -2.587668914794922, -0.18487273156642914, -0.24063299596309662, -0.22667992115020752
19715.26107725, -10.877280578613282, 0.026794308414682746, -2.640059674680233, -0.11894911527633667, -0.15634633600711823, -0.3213331997394562
19715.271130250003, -10.684780883789063, -0.01122669973410666, -2.6548788580298424, -0.07035896182060242, -0.0973539650440216, -0.3865589201450348
19715.28118325, -10.427465972900391, -0.09804620342329146, -2.556533660888672, -0.035274479538202286, -0.07837734371423721, -0.41772139072418213
19715.291236250003, -10.130184173583984, -0.15582597652450206, -2.3908285394310953, -0.01942138373851776, -0.08310619741678238, -0.41360825300216675
19715.30128925, -9.950856501460075, -0.19699031990021468, -2.2737713751196864, -0.019853347912430763, -0.10901902616024017, -0.38091155886650085
19715.31134325, -9.901609497070313, -0.2923419984430075, -2.179916693419218, -0.039327558130025864, -0.1669916808605194, -0.3209074139595032
19715.32139625, -9.910889613032342, -0.3538641540147364, -2.0975880432128906, -0.06306964159011841, -0.241570845246315, -0.24030256271362305
19715.33144925, -10.069260864257814, -0.40640484016388656, -2.044597651362419, -0.05678766220808029, -0.31277427077293396, -0.14426147937774658
19715.34150225, -10.419982706308366, -0.5243596251681447, -1.933528912961483, -0.04467960074543953, -0.29040053486824036, -0.062448900192976
19715.351555250003, -10.848539759516717, -0.7300318908691407, -1.8375782968103886, -0.06352987140417099, -0.13855676352977753, -0.010625936090946198
19715.36160825, -11.12576385498047, -0.8156539487466217, -1.5789166259765626, -0.14872999489307404, -0.039058126509189606, 0.03202139213681221
19715.371661250003, -11.213929342031479, -0.6138734801486135, -1.20379654571414, -0.23958928883075714, -0.08610376715660095, 0.066400907933712
19715.38171425, -11.35673355102539, -0.3251239927299321, -1.3497431945800782, -0.30064570903778076, -0.1273697167634964, 0.08753602206707001
19715.391767250003, -11.628419748544694, -0.18097357196733357, -1.723216552734375, -0.3196171224117279, -0.162087544798851, 0.06392497569322586
19715.40182125, -11.624527841806412, -0.1317260924912989, -2.001038672178984, -0.3242555260658264, -0.1282171905040741, 0.02071838080883026
19715.41187425, -11.280840784907342, 0.000149688720703125, -2.2508692932128906, -0.33056607842445374, -0.09637583047151566, -0.02457459457218647
19715.42192725, -10.973978907465936, 0.004640405159443617, -2.44950651794672, -0.2856265604496002, -0.14174464344978333, -0.07421911507844925
19715.43198025, -10.82309443116188, -0.16316083347424865, -2.7846594174206256, -0.1898212432861328, -0.1765003353357315, -0.11093775928020477
19715.44203325, -10.684931741952896, -0.3224295957572758, -3.231180578917265, -0.05153845623135567, -0.10565014183521271, -0.12453959882259369
19715.45208625, -10.573711853027344, -0.5122347839735448, -3.4286197091639043, 0.06072258949279785, 0.0024490170180797577, -0.12357867509126663
19715.46213925, -10.470576324462892, -0.6587799136340619, -2.9478193920850755, 0.1001560166478157, 0.06346523016691208, -0.11756152659654617
19715.472192250003, -10.332413635253907, -0.7378156312555075, -2.3552021853625775, 0.06912584602832794, 0.09797859936952591, -0.10485618561506271
19715.48224625, -10.125243861079216, -0.6935077333822847, -1.8952088928222657, -0.022802747786045074, 0.12570370733737946, -0.0886620357632637
19715.49229925, -9.819429804682732, -0.393382067643106, -1.5766711489856244, -0.160377636551857, 0.16879676282405853, -0.06511843949556351
19715.50235225, -9.477540766596794, 0.01511848770081997, -1.539847869873047, -0.30137336254119873, 0.20944219827651978, -0.0436142161488533
19715.51240525, -9.306296285390854, 0.2808161131292582, -1.7452205023169518, -0.40633100271224976, 0.2279837727546692, -0.03449501469731331
19715.52245825, -9.262438074946404, 0.4019143978133798, -2.1091136361658576, -0.44975465536117554, 0.25567054748535156, -0.047652363777160645
19715.53251125, -9.276061502695084, 0.4119432131946087, -2.5370744195580484, -0.43285253643989563, 0.316690593957901, -0.08173191547393799
19715.54256425, -9.224417724609376, 0.2658472776040435, -2.8267216555774213, -0.3732749819755554, 0.419729083776474, -0.12592947483062744
19715.55261725, -9.079967524409295, 0.0522413269802928, -3.0035037423670294, -0.2871337831020355, 0.5375155210494995, -0.1560845524072647
19715.56267125, -8.749306309819222, -0.06945574913173914, -2.986439666748047, -0.2087084949016571, 0.5803543329238892, -0.14738161861896515
19715.57272425, -8.300986837148667, -0.04266132194548845, -2.7298730532824993, -0.15608252584934235, 0.5674895644187927, -0.10260991752147675
19715.58277725, -7.915089899897576, 0.05164253555238247, -2.4348367309570316, -0.12372272461652756, 0.4887270927429199, -0.02603924088180065
19715.59283025, -7.650890477299691, 0.09325603645294905, -2.0158578555285933, -0.11936013400554657, 0.38583609461784363, 0.062330182641744614
19715.60288325, -7.636519775390625, 0.06032466407865286, -1.5943342718482019, -0.14839205145835876, 0.2971581816673279, 0.1373967081308365
19715.61293625, -7.9071563977003105, -0.0035924927517771723, -1.1211682257056237, -0.20489628612995148, 0.2150416225194931, 0.17137235403060913
19715.62298925, -8.327931391596795, -0.09894428092986346, -0.7490420660376549, -0.2668621838092804, 0.15111084282398224, 0.15707144141197205
19715.63304225, -8.622667897939682, -0.13067814353853466, -0.6322848638892175, -0.31523919105529785, 0.1278664767742157, 0.11224769055843353
19715.64309625, -8.694818446040154, -0.03996683361008763, -0.6179147467017174, -0.35088852047920227, 0.13593105971813202, 0.05617057532072067
19715.65314925, -8.61847719848156, 0.09595039688050748, -0.7165596136450768, -0.38286033272743225, 0.18195362389087677, 0.004401752725243568
19715.66320225, -8.530460815429688, 0.2472858945094049, -0.8499322637915612, -0.40531396865844727, 0.19343051314353943, -0.052710797637701035
19715.67325525, -8.508754781484605, 0.26614654541015625, -0.9574089114367962, -0.4055773615837097, 0.16358143091201782, -0.10413704812526703
19715.68330825, -8.480912679433823, 0.19923585170879962, -1.0490182623267175, -0.40172189474105835, 0.0872429758310318, -0.14740143716335297
19715.69336125, -8.319699096679688, 0.16959744846448302, -1.0240205383300782, -0.38690832257270813, 0.008628354407846928, -0.16857564449310303
19715.70341425, -8.122708740234376, 0.21480325939133765, -1.0668313662707807, -0.3640490770339966, -0.03278912603855133, -0.1725860983133316
19715.71346825, -8.026158930659294, 0.1874104062281549, -1.039737269282341, -0.3285677134990692, -0.06690746545791626, -0.16665750741958618
19715.72352125, -8.070915273427964, 0.10732672138139607, -0.9813588143885136, -0.2813333570957184, -0.06529092788696289, -0.1612885743379593
19715.73357425, -8.305328979492188, -0.08427487766370177, -1.0178830084204675, -0.21795038878917694, 0.01591642200946808, -0.1681521087884903
19715.74362725, -8.579109649658204, -0.2743793519586325, -1.1126358224451542, -0.15665693581104279, 0.10196901112794876, -0.17933684587478638
19715.75368025, -8.738826929926873, -0.41763160385191445, -0.980610370784998, -0.12239137291908264, 0.16862021386623383, -0.19991669058799744
19715.76373325, -8.898994445800781, -0.3691324583441019, -0.9244773928821087, -0.12328565865755081, 0.21988314390182495, -0.2261698693037033
19715.77378725, -9.020691375732422, -0.241447833403945, -0.8524772644042969, -0.16645559668540955, 0.2353644073009491, -0.257444828748703
19715.783840250002, -9.12068344116211, -0.2285746765136719, -0.9096583557128907, -0.23466207087039948, 0.09999380260705948, -0.26872357726097107
19715.79389325, -9.02488265991211, -0.32572258315980435, -1.1630813598632812, -0.28999850153923035, -0.10368738323450089, -0.23948751389980316
19715.803946250002, -8.841364288330078, -0.32751884780824186, -1.6997149850428106, -0.2840205132961273, -0.2390768975019455, -0.1824766844511032
19715.81399925, -8.64527147948742, -0.1437012815102935, -2.529589544981718, -0.19279921054840088, -0.18175016343593597, -0.10547233372926712
19715.824052250002, -8.756939849853516, -0.19818779312074186, -3.0032043649256233, -0.08814603090286255, -0.12474465370178223, -0.03743789345026016
19715.83410525, -9.066346435546876, -0.3686833190917969, -2.885699303895235, 0.016735650599002838, -0.13114649057388306, 0.007977175526320934
19715.844159250002, -9.482930145263673, -0.49337405998259787, -2.797981713563204, 0.08961091935634613, -0.10295587033033371, 0.024780122563242912
19715.85421225, -9.989925257563591, -0.5770498721301556, -2.780767218321562, 0.14514093101024628, -0.09987228363752365, 0.013335146009922028
19715.864265250002, -10.358309199213982, -0.5731581481173634, -2.7054739379882813, 0.1822315752506256, -0.057211101055145264, -0.006427372805774212
19715.87431825, -10.502309748530388, -0.4688251463323832, -2.730022303462029, 0.17793986201286316, 0.03959982842206955, -0.028217419981956482
19715.884371250002, -10.72085528075695, -0.4766089963540435, -2.6310782052576545, 0.13268183171749115, 0.08713618665933609, -0.06516452133655548
19715.89442425, -11.089091287851334, -0.5516030454263091, -2.6074281182885173, 0.08180809020996094, 0.014575144276022911, -0.10707245022058487
19715.904478250002, -11.182196502685548, -0.7137157106772065, -2.902164478451014, 0.09116190671920776, -0.08327098935842514, -0.12026015669107437
19715.91453125, -11.032357508540153, -0.8544230715930462, -3.496878058165312, 0.17139655351638794, -0.0985838994383812, -0.07580587267875671
19715.924584250002, -10.697504425048828, -0.9457333008572459, -3.7562886111438276, 0.2568930685520172, -0.07141752541065216, 0.022376352921128273
19715.93463725, -10.395731964111329, -1.0334510739147664, -3.5693273989856245, 0.29461541771888733, -0.011711088940501213, 0.1450183242559433
19715.944690250002, -10.291997680664062, -0.9400450929254294, -3.1678619576990608, 0.29474058747291565, -0.05261830985546112, 0.2712841033935547
19715.95474325, -10.512040100097657, -0.7699986696615816, -2.921923389583826, 0.290750116109848, -0.10600399971008301, 0.3767448365688324
19715.964797250002, -11.05017105102539, -0.6731501039117576, -2.811602802425623, 0.27454131841659546, -0.11132339388132095, 0.44449272751808167
19715.97485025, -11.536509704589845, -0.7000941832736135, -2.560126190185547, 0.19799189269542694, -0.06348060071468353, 0.4681033194065094
19715.984903250002, -11.926148859858513, -0.7385642210394144, -2.2450312869250775, 0.06407297402620316, -0.02199121192097664, 0.44393885135650635
19715.99495625, -12.087513885498048, -0.6105802003853024, -2.042052943110466, -0.09561364352703094, -0.022654153406620026, 0.38866427540779114
19716.005009250002, -11.881991271972657, -0.28216329334303736, -2.29203369140625, -0.23686690628528595, -0.07219614088535309, 0.3225986957550049
19716.01506225, -11.56120834350586, 0.05957612911239267, -2.7795695623755456, -0.32800281047821045, -0.17996525764465332, 0.26253169775009155
19716.025116250003, -11.302695922851562, 0.18471586307510734, -3.423231061398983, -0.3285175859928131, -0.30942389369010925, 0.19472761452198029
19716.03516925, -11.006910426020623, 0.1685494264215231, -3.995640729367733, -0.21350468695163727, -0.3949078321456909, 0.14883239567279816
19716.045222250003, -10.550209554433824, 0.06526435531675816, -4.358486042171717, -0.05682479590177536, -0.3277786076068878, 0.1384545862674713
19716.05527525, -10.158474172353746, -0.16390914003364743, -4.171524830013514, 0.06723633408546448, -0.1862134039402008, 0.14727778732776642
19716.065328250002, -10.047405726313592, -0.4496649718098343, -3.5991154544055464, 0.14570105075836182, -0.06139770522713661, 0.15035772323608398
19716.07538225, -10.158624445796013, -0.6173162019532175, -3.0948144467175007, 0.16501453518867493, 0.08570829778909683, 0.13791535794734955
19716.085435250003, -10.318042933344842, -0.704285467453301, -2.7410997073352337, 0.12909941375255585, 0.23362745344638824, 0.10042338073253632
19716.09548825, -10.372978693842889, -0.6824309599120171, -2.4960594177246094, 0.03744519129395485, 0.3827943801879883, 0.04876946285367012
19716.105541250003, -10.375822194814683, -0.5909711424261331, -2.5059385809302333, -0.07596100121736526, 0.4678642749786377, -0.011643812991678715
19716.11559425, -10.222691802978517, -0.4487668029405177, -2.6182049752771857, -0.19161327183246613, 0.4534107446670532, -0.07347213476896286
19716.125647250003, -9.927355372309686, -0.2668950255587697, -2.9419818243384364, -0.2750873863697052, 0.39968785643577576, -0.1219877377152443
19716.13570125, -9.460476837158204, -0.1023870027344674, -3.510799255371094, -0.2848496437072754, 0.34958362579345703, -0.14009328186511993
19716.145754250003, -8.95303207397461, 0.06257002229802311, -3.788022473752499, -0.2659832835197449, 0.27068641781806946, -0.12863636016845703
19716.15580725, -8.422386728525161, 0.11840366844087839, -3.8739442379772666, -0.20036329329013824, 0.19430336356163025, -0.09336838871240616
19716.165860250003, -8.073759359121324, 0.1291812563315034, -4.040846723020077, -0.10249744355678558, 0.14198371767997742, -0.047682128846645355
19716.17591325, -7.941734492182732, 0.12723551309667527, -3.996089649349451, 0.014013134874403477, 0.11294682323932648, -0.008974283002316952
19716.18596725, -7.940986633300781, 0.018262106152251364, -3.7797900326550007, 0.10716225206851959, 0.10926420986652374, 0.023299500346183777
19716.19602025, -7.995473327636719, -0.1610651274304837, -3.4000294558703903, 0.1676098108291626, 0.07078442722558975, 0.058349233120679855
19716.20607325, -7.973019434809685, -0.24653718595393004, -2.910846424251795, 0.1813163012266159, 0.0007361005991697311, 0.09778612107038498
19716.21612625, -7.843540445566178, -0.20701950986869636, -2.4426203982532027, 0.15094125270843506, -0.0844128206372261, 0.13801811635494232
19716.22617925, -7.807164916992188, -0.03592518333345652, -1.9040403811633588, 0.07140488177537918, -0.16158908605575562, 0.15922406315803528
19716.23623325, -7.968229980468751, 0.03592532951384783, -1.4858099493384362, -0.020670348778367043, -0.23127365112304688, 0.15385320782661438
19716.24628625, -8.146958312988282, -0.019010376166552306, -1.3545332336425782, -0.09766446799039841, -0.2732391953468323, 0.13038356602191925
19716.25633925, -8.170758819580078, -0.0917590852919966, -1.3808785946667195, -0.1574113368988037, -0.2924205958843231, 0.11185332387685776
19716.26639225, -8.15459243774414, -0.17618356944993138, -1.6055610720813276, -0.1674320101737976, -0.2876988351345062, 0.08803534507751465
19716.27644525, -8.192313995361328, -0.23007146778982135, -1.9332293893396855, -0.13886518776416779, -0.27954310178756714, 0.057306624948978424
19716.28649925, -8.197251968979836, -0.28066638329532, -2.045795453488827, -0.09946238994598389, -0.27231526374816895, 0.028851812705397606
19716.29655225, -8.15983037352562, -0.365539839968551, -2.0185519601404667, -0.0650576576590538, -0.2842821180820465, 0.014860881492495537
19716.30660525, -8.079149322509766, -0.3763174118706957, -1.8552420043945312, -0.05169365182518959, -0.2915509343147278, 0.015130126848816872
19716.31665825, -8.04531967163086, -0.3682341935439035, -1.656604925841093, -0.05719456076622009, -0.29590076208114624, 0.02111506089568138
19716.32671225, -8.161476949453354, -0.33051283920882274, -1.3988408026099206, -0.093365877866745, -0.29459473490715027, 0.031138667836785316
19716.336765250002, -8.407716064453126, -0.31165206725243483, -1.1428732363879681, -0.15575097501277924, -0.28131937980651855, 0.027095293626189232
19716.34681825, -8.729097747802735, -0.3221300915500615, -1.0608438174426555, -0.211603581905365, -0.27361804246902466, 0.013185601681470871
19716.356871250002, -8.94345199584961, -0.2885999665770214, -1.135688177794218, -0.2670677900314331, -0.24840307235717773, -0.006885657552629709
19716.36692425, -9.069639587402344, -0.25686577563348695, -1.3210028140246868, -0.3099744915962219, -0.24492712318897247, -0.022910961881279945
19716.376978250002, -9.109456787109375, -0.18636251095100306, -1.561552734375, -0.3239157795906067, -0.2528553903102875, -0.02731580100953579
19716.38703125, -9.12816846191883, -0.1371147934678811, -1.847607879638672, -0.3204272985458374, -0.25758036971092224, -0.02971797250211239
19716.397084250002, -9.17981107056141, -0.1398093950431212, -2.0094215328991414, -0.2984760105609894, -0.25532376766204834, -0.01676066406071186
19716.40713725, -9.287137298583986, -0.11780514653306455, -2.082619171142578, -0.2754732072353363, -0.20700472593307495, -0.007394859101623297
19716.417190250002, -9.50583251953125, -0.15672397180460393, -2.1359082095324995, -0.26382359862327576, -0.1326483190059662, -0.002942875027656555
19716.42724425, -9.830656458735467, -0.28859974730643445, -2.0965399298071863, -0.25801578164100647, -0.08037339150905609, -0.011131029576063156
19716.437297250002, -10.129884211421013, -0.4333488350152038, -2.1180949594080447, -0.259051650762558, -0.028737107291817665, -0.034904591739177704
19716.44735025, -10.389445622563363, -0.47645933390012946, -2.221231072694063, -0.2609616816043854, 0.00019147992134094238, -0.07549596577882767
19716.457403250002, -10.553204498291016, -0.41583532892516817, -2.3456216686964035, -0.25445181131362915, 0.01395536307245493, -0.11418601870536804
19716.46745725, -10.532248077392579, -0.30850833288452123, -2.4221130435168745, -0.25871047377586365, -0.00884582381695509, -0.13303162157535553
19716.477510250003, -10.402317098379136, -0.124541175135073, -2.336341114193201, -0.2633703052997589, -0.06840448081493378, -0.11236542463302612
19716.48756325, -10.3033740234375, -0.03876943262323039, -2.2442829895019534, -0.24657773971557617, -0.12473779171705246, -0.06021780148148537
19716.497616250002, -10.401420135498048, -0.12499004324345152, -2.092498334348202, -0.21815888583660126, -0.06693969666957855, -0.002917327918112278
19716.50766925, -10.611732788085938, -0.20821711042604876, -2.068548139035702, -0.20710116624832153, 0.08487512916326523, 0.03525296226143837
19716.517723250003, -11.031758168935776, -0.347577379635768, -1.9360739135742189, -0.19951310753822327, 0.17661941051483154, 0.04339466243982315
19716.52777625, -11.487112426757813, -0.33470389041351156, -1.8610795721411706, -0.205790176987648, 0.21230043470859528, 0.005090684629976749
19716.537829250003, -11.829599635004998, -0.264200533797266, -2.015109265744686, -0.21421095728874207, 0.2647974491119385, -0.06448375433683395
19716.54788225, -11.856543020009996, -0.25881170330685566, -2.233953883051872, -0.22757603228092194, 0.28695815801620483, -0.13135865330696106
19716.557936250003, -11.505374450683595, -0.12603797049756396, -2.3116429138183596, -0.256740003824234, 0.24696780741214752, -0.1724281907081604
19716.56798925, -10.88895688354969, 0.16854937674303075, -2.430795574039221, -0.2775994837284088, 0.17419347167015076, -0.16816766560077667
19716.578042250003, -10.303074645996094, 0.40371030043694195, -2.6538310369849207, -0.2922939956188202, 0.12030636519193649, -0.11581290513277054
19716.58809525, -9.950707397460938, 0.47885411360417496, -2.863694623410702, -0.28981220722198486, 0.043612658977508545, -0.03601474687457085
19716.59814925, -9.905650507807731, 0.5168749824247789, -3.059187946468592, -0.24930182099342346, -0.03568367287516594, 0.03464984893798828
19716.60820225, -10.132430089116097, 0.5158271987814805, -3.2747405813634396, -0.17796824872493744, -0.043656907975673676, 0.07677999883890152
19716.61825525, -10.486293640136719, 0.4680766798881814, -3.3209935189783573, -0.1070823073387146, 0.020144786685705185, 0.07417565584182739
19716.62830825, -10.798693415522576, 0.3740721461561043, -3.0879280346632005, -0.05874140188097954, 0.07115204632282257, 0.040545787662267685
19716.63836125, -10.96365038573742, 0.400267638018122, -2.720442517697811, -0.05186381936073303, 0.1404726207256317, -0.02579779550433159
19716.64841525, -10.879076258540154, 0.5993535154976417, -2.603985131531954, -0.07385007292032242, 0.23788411915302277, -0.09446261078119278
19716.65846825, -10.619366328120233, 0.7746389167920279, -2.614313360899687, -0.11270100623369217, 0.2950049042701721, -0.14934416115283966
19716.66852125, -10.3160969799757, 0.8411008154216688, -2.6744882266223433, -0.13950039446353912, 0.3037104904651642, -0.19098375737667084
19716.67857425, -9.993517786860467, 0.7671545382868499, -2.9015658697485924, -0.13053347170352936, 0.30752134323120117, -0.20346340537071228
19716.68862825, -9.585915985107423, 0.6854244693741203, -3.1967521731555464, -0.08471858501434326, 0.32415303587913513, -0.1813810020685196
19716.69868125, -9.145382080078125, 0.7111710252659396, -3.3699423153698445, -0.02279510907828808, 0.3500775396823883, -0.12554454803466797
19716.70873425, -8.878636779785158, 0.774938584738411, -3.20513459533453, 0.01932011917233467, 0.35847821831703186, -0.07080060243606567
19716.71878725, -8.915160242915153, 0.633931622542441, -2.982697302550078, 0.06081152707338333, 0.39106157422065735, -0.025272203609347343
19716.728841250002, -9.02158833861351, 0.4682261858833954, -2.7092158636450767, 0.061614472419023514, 0.3954038619995117, 0.008875912055373192
19716.73889425, -9.055716782212258, 0.46134055041242394, -2.238893757015467, 0.026709651574492455, 0.346782386302948, 0.029195042327046394
19716.748947250002, -8.972341918945313, 0.5745052826497704, -1.8676661682128908, -0.041820403188467026, 0.2782563269138336, 0.040569666773080826
19716.75900025, -8.797803701162339, 0.7472460754774511, -1.7327963384985925, -0.12299906462430954, 0.2011885792016983, 0.04694987088441849
19716.769054250002, -8.677603658437729, 0.9035211364366115, -1.6967209182679654, -0.200863778591156, 0.11588672548532486, 0.04133140295743942
19716.77910725, -8.620573425292969, 0.9660911176213995, -1.7480647341907025, -0.2596282362937927, 0.06596532464027405, 0.01747370883822441
19716.789160250002, -8.712332611083985, 0.8699908218858764, -1.9112252935767176, -0.2882726788520813, 0.008096432313323021, -0.024878274649381638
19716.79921425, -8.61698031127453, 0.9018744508735836, -2.133363355100155, -0.28585267066955566, -0.024742741137742996, -0.08351442217826843
19716.809267250002, -8.575067469477654, 0.8720865096570924, -2.351908741146326, -0.2625601291656494, -0.07628742605447769, -0.1469317525625229
19716.81932025, -8.44887987792492, 0.8436457029730082, -2.3558007940649985, -0.23247987031936646, -0.12320736795663834, -0.20345233380794525
19716.829373250002, -8.13902422606945, 0.8657994554797188, -2.2981706365942958, -0.20903073251247406, -0.1788163036108017, -0.2317468225955963
19716.83942725, -7.879015502929688, 0.87987036424689, -2.2481748962402346, -0.1728941798210144, -0.2314583957195282, -0.23648066818714142
19716.849480250003, -7.692802149653435, 0.8500823362357914, -2.114203345030546, -0.13790637254714966, -0.2975492477416992, -0.23046405613422394
19716.85953325, -7.5399705505371095, 0.8907974581327289, -1.7940193176269532, -0.10603674501180649, -0.3376435339450836, -0.21579355001449585
19716.869586250003, -7.6508898925781255, 0.8638534518610687, -1.4862594540417196, -0.0853213518857956, -0.31482183933258057, -0.20714521408081055
19716.87964025, -7.996371459960938, 0.6478526370227338, -1.0886857733130455, -0.08691791445016861, -0.270626425743103, -0.2265559285879135
19716.889693250003, -8.407865753173828, 0.33260835567489266, -0.7454498291015625, -0.10071442276239395, -0.2004324048757553, -0.2618028521537781
19716.89974625, -8.702902221679688, 0.13801300048828125, -0.5631286749243737, -0.1318638026714325, -0.13776090741157532, -0.3039628565311432
19716.909799250003, -8.786427943110466, 0.01586694957688451, -0.4484669686853886, -0.1750730574131012, -0.1290837973356247, -0.32693979144096375
19716.91985325, -8.636290156245233, -0.05493565086275339, -0.4448745855689049, -0.21694839000701904, -0.1277555674314499, -0.3173498809337616
19716.92990625, -8.396339721679688, -0.07140146495774388, -0.7174580383300782, -0.2497854381799698, -0.11807497590780258, -0.26504218578338623
19716.93995925, -8.12480438232422, -0.13576772449538113, -1.020277881771326, -0.2697172462940216, -0.1479392796754837, -0.1703033298254013
19716.95001325, -7.925270487070084, -0.18711113842204213, -1.2859759457409383, -0.2745136022567749, -0.2158147394657135, -0.04719791188836098
19716.96006625, -7.870334726572037, -0.17154340183362365, -1.6010708490014076, -0.2599034607410431, -0.28681668639183044, 0.0879078283905983
19716.97011925, -7.967032470703125, -0.10103992301970721, -1.9425102362036706, -0.21970359981060028, -0.33794456720352173, 0.22377005219459534
19716.98017225, -8.269703063964844, 0.010328357275575399, -2.157463677674532, -0.16735942661762238, -0.3669954836368561, 0.3299855887889862
19716.99022625, -8.821754481196404, 0.08397524440661074, -2.293979352414608, -0.10328192263841629, -0.34797731041908264, 0.3849034309387207
19717.00027925, -9.533374074697495, 0.1725910401530564, -2.3266114935278894, -0.037327684462070465, -0.285023957490921, 0.3769022226333618
19717.01033225, -10.253078028559685, 0.24578876975923777, -2.232008514404297, 0.004985154140740633, -0.2059701532125473, 0.317791223526001
19717.02038525, -10.81800326049328, 0.23052050197497012, -2.061961835324764, 0.034644149243831635, -0.14340993762016296, 0.2352944016456604
19717.03043925, -11.005864359140396, 0.2884502287488431, -1.9949014346301557, 0.049272093921899796, -0.09046842902898788, 0.15774768590927124
19717.040492250002, -11.018137080073357, 0.36718633138574663, -2.056573041379452, 0.04632997512817383, -0.025330986827611923, 0.09644775837659836
19717.05054525, -11.020083618164064, 0.35850449065212164, -2.1225860595703128, 0.03712822124361992, -0.011666839942336082, 0.051000382751226425
19717.060599250002, -10.966943537592888, 0.3908370944391936, -2.2514680480957034, 0.03568718954920769, -0.014228331856429577, 0.026982534676790237
19717.07065225, -10.949429957270622, 0.3969744324870408, -2.6464965820312503, 0.07183081656694412, -0.036752548068761826, 0.026493579149246216
19717.080705250002, -10.879825286865234, 0.36089957870543005, -2.9038113467395306, 0.14610621333122253, -0.08693081885576248, 0.04849149286746979
19717.09075825, -10.811416956782342, 0.3492236163793132, -3.0376330630481245, 0.23477457463741302, -0.05915432050824165, 0.0846303254365921
19717.100812250002, -10.749445241689683, 0.5057982146646828, -2.96174088165164, 0.3037905991077423, -0.0096272649243474, 0.12745784223079681
19717.11086525, -10.893596064448356, 0.6060895707411692, -2.728525562435389, 0.32639259099960327, 0.0748245045542717, 0.14581501483917236
19717.120918250002, -11.640094299316408, 0.26869131304789334, -2.418071301877499, 0.312854528427124, 0.06357978284358978, 0.10771097242832184
19717.13097225, -12.309351984858514, -0.08158046698663383, -2.110760358273983, 0.27089911699295044, 0.05283845216035843, 0.039445362985134125
19717.141025250003, -12.622053476572038, -0.21929416769184173, -2.0547769229114055, 0.20540785789489746, 0.08589856326580048, -0.04844196140766144
19717.15107825, -12.566517207026482, -0.27273286282550546, -2.0670515441894532, 0.12023677676916122, 0.13871784508228302, -0.1334601789712906
19717.161132250003, -12.125833613276482, -0.19923563243821266, -2.1383032290637494, 0.029199820011854172, 0.15482297539710999, -0.18046031892299652
19717.17118525, -11.432325770258904, -0.02544702770188451, -2.44681168243289, -0.04776526615023613, 0.12232602387666702, -0.1760019212961197
19717.181238250003, -10.763815943598749, 0.10508144538849593, -2.857407404780388, -0.10650837421417236, 0.03118586540222168, -0.11618724465370178
19717.19129154167, -10.326424916982651, 0.18531464536674322, -3.2665071170032025, -0.11590667068958282, -0.06127748638391495, -0.03060709685087204
19717.201345541667, -10.159372304677964, 0.12978017566725614, -3.622765687555075, -0.07502889633178711, -0.10193245112895966, 0.05644426867365837
19717.21139854167, -10.238409118652344, 0.04999595048837364, -3.7040473937988283, -0.030158894136548042, -0.06776382774114609, 0.10647840052843094
19717.221451541667, -10.594517415761949, -0.26150612197816375, -3.415446955561638, -0.008707397617399693, 0.02008213847875595, 0.11110857129096985
19717.23150554167, -10.95721318602562, -0.5938153012096882, -2.9289589056372645, -0.025855135172605515, 0.1251714676618576, 0.06924191117286682
19717.241558541667, -11.134894282221795, -0.831221502609551, -2.72792724609375, -0.05264352262020111, 0.28590700030326843, 0.00030233897268772125
19717.25161154167, -11.101813074946405, -0.8107142575085163, -2.7907960702478887, -0.09262130409479141, 0.41316482424736023, -0.08830529451370239
19717.261665541668, -10.82952929198742, -0.6417156370170415, -2.886147639155388, -0.13709039986133575, 0.4539355933666229, -0.16423778235912323
19717.27171854167, -10.246342036128045, -0.47466304298490286, -3.097808074951172, -0.16001835465431213, 0.42100346088409424, -0.20316573977470398
19717.281771541668, -9.61001528441906, -0.36628822647035125, -3.40152619689703, -0.1649373322725296, 0.4025053083896637, -0.20943820476531982
19717.291825541666, -8.971891683340074, -0.2797682281304151, -3.5696261917054657, -0.12127428501844406, 0.3498767018318176, -0.17415770888328552
19717.301878541668, -8.29440170288086, -0.09295678691938519, -3.692521069943905, -0.052268240600824356, 0.27807870507240295, -0.11046706140041351
19717.311931541666, -7.81135561645031, 0.026794308414682746, -3.561244354248047, 0.03187646344304085, 0.18206986784934998, -0.031056920066475868
19717.321984541668, -7.497759500741959, 0.07050325954332948, -3.2615673892199997, 0.11278600245714188, 0.10094421356916428, 0.04644264280796051
19717.332038541666, -7.423961207270622, 0.0520917387586087, -2.9253663763403894, 0.17438066005706787, 0.08207757771015167, 0.10203453153371811
19717.34209154167, -7.6181074780225755, 0.03906874696724117, -2.439476935118437, 0.18618308007717133, 0.06262937933206558, 0.11556829512119293
19717.352144541666, -7.795041300058365, -0.02245328983291984, -1.8616789117455483, 0.1620093137025833, 0.01132864411920309, 0.10459314286708832
19717.36219854167, -7.805668029785156, 0.03757182321511209, -1.5187419064342977, 0.10454203188419342, -0.0309160016477108, 0.0794636607170105
19717.372251541667, -7.733667170405388, 0.15941834136843683, -1.3178593508899212, 0.03994892165064812, -0.10211162269115448, 0.04668894037604332
19717.38230454167, -7.614215571284294, 0.25372234504669905, -1.1940666326880456, -0.03925289213657379, -0.14499324560165405, 0.01722666807472706
19717.392358541667, -7.557784677743912, 0.25357251928187907, -1.2789404296875, -0.10201028734445572, -0.19231495261192322, -0.01384043786674738
19717.40241154167, -7.538473663330079, 0.1504369998537004, -1.4413526916503907, -0.12650887668132782, -0.25920477509498596, -0.03608841076493263
19717.412464541667, -7.482041015625001, 0.06256979389116168, -1.610650196224451, -0.12445931881666183, -0.2878294885158539, -0.053006671369075775
19717.42251854167, -7.390282999277115, -0.013472176725044848, -1.7848884518444539, -0.09280180186033249, -0.28481432795524597, -0.060461536049842834
19717.432571541667, -7.349566497802734, -0.11286526800133288, -1.8245556704699994, -0.053924184292554855, -0.24491484463214874, -0.05391335487365723
19717.44262454167, -7.347919337153435, -0.17453713056631387, -1.7462686157226563, -0.025000369176268578, -0.17353646457195282, -0.03860563039779663
19717.452678541667, -7.430995992422104, -0.2567161377333105, -1.585652033686638, -0.012999366968870163, -0.12187407165765762, -0.021601347252726555
19717.46273154167, -7.643105494379998, -0.25821301580406725, -1.2834310913085938, -0.04850836098194122, -0.09467440843582153, -0.016793008893728256
19717.472784541667, -8.074209010004997, -0.23171824014745654, -0.9994712957739831, -0.11405114829540253, -0.08615415543317795, -0.0340910404920578
19717.48283854167, -8.503816223144531, -0.24264554416760803, -0.9228308169543744, -0.18870069086551666, -0.0975818783044815, -0.05817888304591179
19717.492891541668, -8.691076228022576, -0.23441249093972147, -0.8057740911841393, -0.28343889117240906, -0.11961447447538376, -0.07053568214178085
19717.50294454167, -8.72640335083008, -0.13936018983833492, -0.8854086367785932, -0.36513394117355347, -0.13819606602191925, -0.05853312090039253
19717.512998541668, -8.795260162353516, 0.005688198795542121, -1.0419828924536705, -0.42744338512420654, -0.15867044031620026, -0.026760542765259743
19717.523051541666, -9.056167602539062, 0.06586298229172827, -1.245709387511015, -0.4646412432193756, -0.16569729149341583, 0.010796098969876766
19717.533104541668, -9.473350067138673, -0.10538083196617663, -1.4659014956653118, -0.4819784164428711, -0.19864165782928467, 0.03799682855606079
19717.543158541666, -9.80550875365734, -0.16226275596767664, -1.6726217651367188, -0.4752844572067261, -0.21682022511959076, 0.06034338101744652
19717.553211541668, -9.971214752197266, -0.07125194068998099, -1.95253938049078, -0.4507295787334442, -0.21597148478031158, 0.0843493789434433
19717.563264541666, -10.094258880615234, 0.06107304372824729, -2.0740870602428916, -0.42457345128059387, -0.2250102460384369, 0.10142338275909424
19717.57331854167, -10.30891192138195, 0.1498384231282398, -2.0053793527185917, -0.4148063063621521, -0.2625269889831543, 0.10117597132921219
19717.583371541667, -10.585536677241326, 0.14534769983729348, -1.9441571044921877, -0.40334179997444153, -0.2960065007209778, 0.08142735809087753
19717.59342454167, -10.738369445800782, 0.1679506212892011, -1.9612213262915612, -0.3910691440105438, -0.29091691970825195, 0.04648508504033089
19717.603478541667, -10.905122680664062, 0.09654909066448454, -2.0224441592395306, -0.37601161003112793, -0.24617445468902588, 0.005413105245679617
19717.61353154167, -11.036399688720703, -0.060025248093588744, -2.0971389770507813, -0.34379908442497253, -0.178341343998909, -0.04869060963392258
19717.623584541667, -11.027118403315544, -0.11316466942545958, -2.185904096066952, -0.32200154662132263, -0.11107214540243149, -0.09370908886194229
19717.63363854167, -10.87069369018078, -0.14100685484474526, -2.1415960885584355, -0.30120518803596497, -0.10992884635925293, -0.11390889436006546
19717.643691541667, -10.580446676015855, -0.14340179557562807, -2.1869519171118736, -0.2874361574649811, -0.1451399177312851, -0.09635449200868607
19717.65374454167, -10.276429468989372, -0.08412505646701902, -2.2370974923670293, -0.27591344714164734, -0.191226989030838, -0.040804680436849594
19717.663798541667, -10.103690439462662, -0.009879498963709921, -2.136058044433594, -0.2800094485282898, -0.2637539207935333, 0.037953443825244904
19717.67385154167, -10.215206782221795, 0.0029937547139707024, -1.8869757208228113, -0.2864660322666168, -0.3267877399921417, 0.10733944922685623
19717.683904541667, -10.413544337153436, 0.08158033451065422, -1.7946179263293744, -0.302551805973053, -0.2320927530527115, 0.13932597637176514
19717.69395854167, -10.780133183598519, 0.12094840410165489, -1.72501252502203, -0.376860648393631, -0.11463963240385056, 0.12334540486335754
19717.704011541668, -11.177557321786882, 0.11765534360893071, -1.3829743829369545, -0.4627322256565094, -0.12092353403568268, 0.07786760479211807
19717.714065541666, -11.480375849604608, 0.23605914452578874, -1.4882049688696861, -0.5118665099143982, -0.13907776772975922, 0.013502463698387146
19717.724118541668, -11.680659942626953, 0.3924838805012405, -1.9722982916235925, -0.5057986974716187, -0.10770315676927567, -0.05736205354332924
19717.73417154167, -11.711794027090074, 0.4041595641709864, -2.3089482244849204, -0.4652344584465027, 0.00798163004219532, -0.1339026242494583
19717.744225541668, -11.41825503051281, 0.4240680041396991, -2.4373810006678105, -0.4448421597480774, 0.1486799716949463, -0.202775239944458
19717.754278541666, -10.991791865229608, 0.6505471664713696, -2.4866285897791385, -0.43287044763565063, 0.1855866014957428, -0.26455819606781006
19717.764331541668, -10.596763916015625, 0.8382566897571088, -2.620899518430233, -0.3974512219429016, 0.13740618526935577, -0.31406086683273315
19717.774385541667, -10.388097839355469, 0.7978407971226261, -2.88989029571414, -0.3323363959789276, 0.10107428580522537, -0.3545486330986023
19717.78443854167, -10.275233128666878, 0.4379891648003832, -2.997366943359375, -0.2640469968318939, 0.09730120748281479, -0.3728914260864258
19717.794491541667, -10.098001098632812, 0.09430372959002853, -2.766846459656954, -0.21551914513111115, 0.12415306270122528, -0.3613128066062927
19717.80454554167, -9.774373499751091, -0.04011679641902447, -2.3843911935389044, -0.19742415845394135, 0.15642860531806946, -0.31120404601097107
19717.814598541667, -9.37171025633812, 0.0390685916505754, -1.9270920056104661, -0.22850936651229858, 0.1907881796360016, -0.23988300561904907
19717.82465154167, -9.142236862778665, 0.24773468658328057, -1.5902926763892176, -0.2911882996559143, 0.24521511793136597, -0.16613993048667908
19717.834705541667, -9.222022705078125, 0.4287083316408098, -1.5259266726672651, -0.36608704924583435, 0.3010687828063965, -0.12296369671821594
19717.84475854167, -9.54699691772461, 0.5134321932401509, -1.6465757815539839, -0.4243968427181244, 0.3164518177509308, -0.1317213773727417
19717.854812541667, -9.831554591059685, 0.5149289708118886, -1.8979028512537481, -0.4483596980571747, 0.3134579062461853, -0.17521452903747559
19717.86486554167, -9.862689844965935, 0.5700146118924022, -2.2761665408313276, -0.4327729046344757, 0.33473479747772217, -0.21901458501815796
19717.874918541667, -9.55942108154297, 0.589025097694248, -2.586470966488123, -0.38634681701660156, 0.3717024028301239, -0.240565687417984
19717.88497254167, -9.074729003906251, 0.5745053466036916, -2.633922437131405, -0.33978989720344543, 0.4142337143421173, -0.2336239069700241
19717.895025541668, -8.702602259516716, 0.5071454040147364, -2.612666931152344, -0.2978765368461609, 0.4232082962989807, -0.2063336968421936
19717.90507854167, -8.336463648676872, 0.4629871583171189, -2.4601336862146854, -0.25300318002700806, 0.3849092721939087, -0.1649089902639389
19717.915132541668, -8.04771469116211, 0.4357436466962099, -2.3260131771862507, -0.22609834372997284, 0.36448174715042114, -0.10970352590084076
19717.92518554167, -7.904161453843117, 0.34233792152255776, -2.1368059033155444, -0.22164857387542725, 0.31405454874038696, -0.05933306738734245
19717.935239541668, -7.807014058828354, 0.2531235170736909, -1.8720067025721074, -0.22586169838905334, 0.24079738557338715, -0.024302111938595772
19717.945292541666, -7.9300587719678886, 0.15133511390537024, -1.7028585943579675, -0.2252160608768463, 0.18260598182678223, -0.011692866683006287
19717.955345541668, -8.12465410888195, 0.04520601192489267, -1.5636480841040612, -0.22566214203834534, 0.14142100512981415, -0.02387496642768383
19717.965399541667, -8.213569208979607, -0.06406684555113316, -1.3028903326392174, -0.2386755347251892, 0.12953521311283112, -0.05375906080007553
19717.97545254167, -8.230783996582032, -0.14145609688013794, -1.0782078552246095, -0.27250272035598755, 0.15132546424865723, -0.08755005151033401
19717.985505541666, -8.207132593989373, -0.1634602109156549, -0.9880949530005455, -0.30121561884880066, 0.1478816419839859, -0.11972109228372574
19717.99555954167, -8.079297841787339, -0.12783440502360463, -1.0572508496046067, -0.31541162729263306, 0.13629236817359924, -0.14056779444217682
19718.005612541667, -7.856561610102654, 0.011226690597832203, -1.2070895513892175, -0.3208230435848236, 0.12281066179275513, -0.13520634174346924
19718.01566654167, -7.6745401257276535, 0.12139742458239199, -1.4078224182128907, -0.3141361176967621, 0.10638400912284851, -0.11960020661354065
19718.025719541667, -7.560777282714844, 0.11600855754688383, -1.5227832095324993, -0.29406246542930603, 0.08449939638376236, -0.08453091233968735
19718.03577254167, -7.489375178217888, 0.11241621097549796, -1.5962800790369511, -0.27953624725341797, 0.0595940463244915, -0.03497055172920227
19718.045826541667, -7.607480163574219, 0.017962390668690206, -1.5837066650390625, -0.25834333896636963, 0.008534948341548443, 0.012350086122751236
19718.05587954167, -7.718848571777344, -0.06721041832119226, -1.6105006536841393, -0.24198327958583832, 0.0008754311129450798, 0.05979723483324051
19718.065933541668, -7.871381378173829, -0.11795478500425816, -1.5844551086425782, -0.236303448677063, -0.010859872214496136, 0.08982062339782715
19718.07598654167, -8.147257105708123, -0.18785954548045994, -1.5417938232421875, -0.21604184806346893, -0.024858247488737106, 0.10016220808029175
19718.086039541668, -8.422535247802735, -0.19878678554669024, -1.6450786019861698, -0.18208082020282745, -0.013209585100412369, 0.09595976769924164
19718.096093541666, -8.577013422846795, -0.1540297849662602, -1.6904347229003907, -0.14585411548614502, 0.012392980046570301, 0.08699636906385422
19718.106146541668, -8.590036926269532, -0.12334367031231523, -1.6122970645129682, -0.1183183565735817, 0.023617416620254517, 0.09526809304952621
19718.116200541666, -8.601264749765397, -0.054935842724516994, -1.5385011099278927, -0.09493020921945572, 0.01996009796857834, 0.11758378893136978
19718.126253541668, -8.701854400634765, 0.023650772189721465, -1.5274235598742962, -0.08097197115421295, 0.0013409657403826714, 0.15049564838409424
19718.136306541666, -8.909621760249138, 0.07783803426660597, -1.5129036077857019, -0.07508505135774612, -0.035907335579395294, 0.19159995019435883
19718.14636054167, -9.18489990234375, 0.09310636600479484, -1.598226178586483, -0.07879608869552612, -0.0786304920911789, 0.22899848222732544
19718.156413541667, -9.525140610337258, 0.13277374451514334, -1.6753157235682012, -0.08601965010166168, -0.13660883903503418, 0.26332876086235046
19718.16646754167, -9.81284408569336, 0.29773088375106455, -1.776505444943905, -0.07845870405435562, -0.1647244244813919, 0.28326621651649475
19718.176520541667, -10.1963460034132, 0.4543050103762653, -1.964814147949219, -0.07292811572551727, -0.17322656512260437, 0.28357967734336853
19718.18657354167, -10.529253718256951, 0.5978566202963703, -2.017354742735624, -0.07182890176773071, -0.16604536771774292, 0.26391860842704773
19718.196626541667, -11.059750544428827, 0.6117777055827901, -2.1023779360949995, -0.09352833777666092, -0.11731430143117905, 0.2098660171031952
19718.20667954167, -11.463910090327264, 0.7452999485190959, -2.1802159246802333, -0.13132581114768982, -0.06660487502813339, 0.1345536857843399
19718.216733541667, -11.745773951411248, 0.844244302539155, -2.4471110598742962, -0.16683639585971832, -0.04057593643665314, 0.04653089493513107
19718.22678654167, -11.890522359609605, 0.8927433018665761, -2.78750291839242, -0.17529889941215515, -0.06775802373886108, -0.03802819550037384
19718.236839541667, -11.658655700683594, 1.0201284260256216, -3.293450940549374, -0.14009271562099457, -0.10933689773082733, -0.08629133552312851
19718.24689354167, -11.319462229013444, 1.1350895462511108, -3.8263432247936726, -0.05246695876121521, -0.17654316127300262, -0.08964694291353226
19718.256946541667, -11.15285692870617, 1.1193720615562053, -4.114344031065703, 0.09122709184885025, -0.24282844364643097, -0.06351999938488007
19718.26700054167, -11.111094360351563, 0.9635463134385646, -3.955524444580078, 0.20692461729049683, -0.24192777276039124, -0.022833021357655525
19718.277053541668, -11.238031564950944, 0.7089256533421576, -3.451073309630156, 0.26920291781425476, -0.17741961777210236, 0.006410086061805487
19718.28710654167, -11.540850677490235, 0.489781233756803, -2.8440854009985923, 0.30084121227264404, -0.18014740943908691, -0.0006105357315391302
19718.297160541668, -11.863429870605469, 0.44008464472135533, -2.399060834348202, 0.30122947692871094, -0.1207924634218216, -0.02700512483716011
19718.30721354167, -12.304412841796875, 0.10987135425908491, -2.0504358038306236, 0.25184792280197144, -0.031084947288036346, -0.08570625633001328
19718.317267541668, -12.383448486328126, -0.1513353468803689, -1.636247113645077, 0.13029246032238007, 0.08891043066978455, -0.15004530549049377
19718.327320541666, -12.112212524414064, -0.03532669340260327, -1.4359637515246868, -0.04666974022984505, 0.1824669986963272, -0.20905162394046783
19718.33737454167, -11.57033818602562, 0.3564086886774749, -1.5395479077100755, -0.22878283262252808, 0.15982027351856232, -0.2549605071544647
19718.347427541667, -10.95212435424328, 0.7083269030274824, -2.0790264956653117, -0.35772794485092163, 0.08932261168956757, -0.28999415040016174
19718.35748054167, -10.5141357421875, 0.7177574386121706, -2.8943808111548424, -0.39884182810783386, 0.004405591636896133, -0.3163568079471588
19718.367534541667, -9.973758875727654, 0.5610330876521766, -3.5601963870227338, -0.31929871439933777, -0.06252603232860565, -0.30670174956321716
19718.37758754167, -9.304352670907974, 0.451461081141606, -4.053720537722111, -0.17109434306621552, -0.003084540832787752, -0.2608991265296936
19718.387641541667, -8.948541412353515, 0.11346389497630299, -4.17796159118414, -0.013477765023708344, 0.14416927099227905, -0.204496830701828
19718.39769454167, -9.059161376953126, -0.42661285400390625, -3.7806880187988283, 0.10387761890888214, 0.28688567876815796, -0.16840781271457672
19718.407747541667, -9.320517883300782, -0.8813673884980381, -3.124452228695154, 0.13646788895130157, 0.3997633159160614, -0.14966021478176117
19718.41780154167, -9.457632166743279, -1.0289603757485748, -2.5339302255213263, 0.08262889087200165, 0.47294512391090393, -0.14184942841529846
19718.427854541667, -9.46242220580578, -0.9789645074866713, -2.1177960205078126, -0.025454990565776825, 0.49235761165618896, -0.13836520910263062
19718.43790854167, -9.370813293457031, -0.863105328027159, -2.0463946469128134, -0.1528177410364151, 0.4798237383365631, -0.12635089457035065
19718.447961541668, -9.133108774423599, -0.662222918663174, -2.2225782711803914, -0.27775079011917114, 0.4472387135028839, -0.09663747251033783
19718.458015541666, -8.889116159677506, -0.4409832270070911, -2.658321990966797, -0.35942620038986206, 0.3925078213214874, -0.05096479132771492
19718.468068541668, -8.686137084960938, -0.15702344974502921, -3.2936007754504684, -0.37243807315826416, 0.329045832157135, 0.00043048313818871975
19718.478122541666, -8.594527587890626, 0.11675703769549728, -3.946992479860783, -0.3207234740257263, 0.29591983556747437, 0.04444214701652527
19718.488175541668, -8.638986307382584, 0.3004250797256828, -4.374652570188045, -0.2268996387720108, 0.25841882824897766, 0.0616709403693676
19718.498228541666, -8.765172729492187, 0.33395533489063384, -4.423301404416561, -0.11302367597818375, 0.2182367593050003, 0.056109193712472916
19718.50828254167, -8.724457397460938, 0.4269121035374701, -4.324058074951172, 0.012413004413247108, 0.17711861431598663, 0.0515754260122776
19718.518335541667, -8.61204116821289, 0.40715326549485326, -4.128863690793515, 0.13519324362277985, 0.16495808959007263, 0.05305427685379982
19718.52838954167, -8.587192840576172, 0.22348498592153193, -3.636687469482422, 0.21462641656398773, 0.14104744791984558, 0.05481010675430298
19718.538442541667, -8.51159945189953, 0.08951385498046875, -2.8910873669385913, 0.23169434070587158, 0.09768665581941605, 0.059602461755275726
19718.54849654167, -8.390052795410156, 0.0886154668405652, -2.135010223388672, 0.17760102450847626, 0.03722473606467247, 0.0703272819519043
19718.558549541667, -8.30877182006836, 0.14370089778676629, -1.5670909246802331, 0.07986168563365936, -0.043201662600040436, 0.07721714675426483
19718.56860254167, -8.316256840825082, 0.206121185682714, -1.2702587762475015, -0.02030402421951294, -0.11388248205184937, 0.08194026350975037
19718.578656541667, -8.278386179208756, 0.21106086778454483, -1.1960128784179689, -0.11644680052995682, -0.13268546760082245, 0.08443644642829895
19718.58870954167, -8.233028742671014, 0.18501520397141577, -1.2213096874952316, -0.1972014158964157, -0.14697259664535522, 0.08065104484558105
19718.598763541668, -8.281229095458984, 0.10553042018786073, -1.3859678649902345, -0.23757226765155792, -0.16425570845603943, 0.07804274559020996
19718.60881654167, -8.381969604492188, 0.04415795333683491, -1.66753205627203, -0.23879046738147736, -0.17310762405395508, 0.07206606864929199
19718.618870541668, -8.462651824951172, 0.040266293277964, -1.8772462463378907, -0.22644484043121338, -0.15575340390205383, 0.05864160507917404
19718.628923541666, -8.560099182128907, 0.061821359423920516, -1.9390673956274986, -0.2127661556005478, -0.1344306915998459, 0.03203264996409416
19718.63897754167, -8.691825256347657, 0.03921831691637635, -1.896705780029297, -0.2040778547525406, -0.1193542629480362, -0.003500307211652398
19718.649030541666, -8.8647151440382, -0.0396676982799545, -1.8273993176221848, -0.20079727470874786, -0.10894129425287247, -0.048828091472387314
19718.65908354167, -9.052425384521484, -0.12184660951606929, -1.7080979919433594, -0.207997664809227, -0.08247506618499756, -0.099690742790699
19718.669137541667, -9.124275970458985, -0.17004639585502446, -1.6054110909998418, -0.2349691241979599, -0.06147320196032524, -0.14437831938266754
19718.67919054167, -9.100175501704216, -0.199086053352803, -1.4578183047473432, -0.27567631006240845, -0.04478530213236809, -0.1770811378955841
19718.689244541667, -9.076974919438362, -0.20926509649492803, -1.5687376467883587, -0.32000255584716797, -0.037901751697063446, -0.1964644193649292
19718.69929754167, -9.047635345458986, -0.1571734034176916, -1.6670831362903118, -0.36472901701927185, -0.06900187581777573, -0.21074269711971283
19718.709351541667, -8.980125732421875, -0.0565826013777405, -1.8949092230200768, -0.40063297748565674, -0.10120756924152374, -0.22099293768405914
19718.71940454167, -8.989107055664062, 0.00763386894017458, -2.2197338931262496, -0.4034753441810608, -0.14822807908058167, -0.22565239667892456
19718.729458541668, -8.982968063950539, 0.003592273481190205, -2.404749005734921, -0.39591383934020996, -0.1922760009765625, -0.220700204372406
19718.73951154167, -8.934771219491958, -0.02499812599271536, -2.4391778500378134, -0.3919055163860321, -0.18679600954055786, -0.20772048830986023
19718.749565541668, -8.992400207519532, -0.12858270244672895, -2.4658220037817955, -0.38496527075767517, -0.1592148095369339, -0.19300119578838348
19718.75961854167, -9.126969782710075, -0.1784292108938098, -2.3763080026209358, -0.3926197290420532, -0.14105470478534698, -0.18648549914360046
19718.769671541668, -9.207653757333755, -0.1525330804847181, -2.28095687225461, -0.40872809290885925, -0.1182277649641037, -0.18368276953697205
19718.779725541666, -9.287735468745232, -0.09295675037428737, -2.337688605040312, -0.4331386089324951, -0.0818742960691452, -0.18341778218746185
19718.789778541668, -9.317225900888443, -0.02814157085493207, -2.4586373837292195, -0.46018970012664795, -0.06971297413110733, -0.17672473192214966
19718.799832541667, -9.345515899658203, 0.043259802740067244, -2.5967999267578126, -0.46708062291145325, -0.092124804854393, -0.16952994465827942
19718.80988554167, -9.429640375971795, 0.0712515752390027, -2.825973358154297, -0.4577540457248688, -0.13123449683189392, -0.15825973451137543
19718.819939541667, -9.588011042475701, 0.0739460270293057, -2.986139996945858, -0.4169323146343231, -0.17424267530441284, -0.1435292512178421
19718.82999254167, -9.820627899169923, -0.03293170128017664, -3.0838870239257816, -0.34578579664230347, -0.1664760857820511, -0.12604635953903198
19718.840046541667, -10.093659541010856, -0.2526745970919728, -3.084335797727108, -0.270090788602829, -0.06617903709411621, -0.09860994666814804
19718.85009954167, -10.27912386596203, -0.4001181697100401, -2.8954286321997644, -0.23993250727653503, 0.043188758194446564, -0.08579476922750473
19718.860153541667, -10.420280914306641, -0.44412663532420993, -2.4462127813696863, -0.27652645111083984, 0.07853662967681885, -0.05977249518036842
19718.87020654167, -10.513235855698586, -0.23231693107634785, -2.196830934137106, -0.31567057967185974, 0.05746602639555931, -0.023071523755788803
19718.880260541668, -10.627899169921875, -0.04805022552609444, -2.3261625735461715, -0.33128416538238525, 0.07979556918144226, 0.020113229751586914
19718.89031354167, -10.697054774165155, 0.06556344039738178, -2.4096887335181236, -0.3528043031692505, 0.17229877412319183, 0.05092202126979828
19718.900367541668, -10.852432250976562, 0.095650854986161, -2.504741363525391, -0.3752496838569641, 0.29099375009536743, 0.06049901247024536
19718.910420541666, -10.93131820678711, 0.20447462802752853, -2.6005421447753907, -0.40377920866012573, 0.3605121970176697, 0.038979511708021164
19718.92047454167, -11.01274887084961, 0.4387373297475279, -2.7924427923560144, -0.423559308052063, 0.3805370330810547, -0.0011697739828377962
19718.930527541666, -11.21003860473633, 0.6860232059843838, -3.08718017578125, -0.43276581168174744, 0.378743439912796, -0.0695667639374733
19718.94058154167, -11.476036046147348, 0.7438030339032412, -3.23088134765625, -0.4287811815738678, 0.3464784324169159, -0.14681868255138397
19718.950634541667, -11.624077606201173, 0.5792951481230557, -3.3934430059790612, -0.4022926092147827, 0.30860498547554016, -0.21556979417800903
19718.96068754167, -11.431277949213982, 0.43978516906499865, -3.5676806768774987, -0.3589451313018799, 0.294865220785141, -0.24776101112365723
19718.970741541667, -10.908116455078126, 0.5610331241972745, -3.6672239685058594, -0.3046494126319885, 0.29304760694503784, -0.24228262901306152
19718.98079454167, -10.365196634531022, 0.750539190787822, -3.6133366137742997, -0.273790568113327, 0.31320294737815857, -0.20884104073047638
19718.990848541667, -10.075847167968751, 0.8345144900120796, -3.4371524047851563, -0.2679149806499481, 0.3333030939102173, -0.1794136017560959
19719.00090154167, -10.105934016108513, 0.757873773649335, -3.2781823986768726, -0.28947913646698, 0.35187146067619324, -0.17086006700992584
19719.010955541667, -10.08901919066906, 0.7229965209960938, -3.210074323117733, -0.3263026773929596, 0.36785492300987244, -0.1761523187160492
19719.02100854167, -9.904603271484376, 0.8249343936145306, -3.208128662109375, -0.36537763476371765, 0.3592798113822937, -0.18002668023109436
19719.031062541668, -9.601782989501954, 0.9457331364043058, -3.308420104980469, -0.384023517370224, 0.343222975730896, -0.17704367637634277
19719.04111554167, -9.358688507080078, 0.9642946474067867, -3.366798413693905, -0.39109551906585693, 0.3271886706352234, -0.16110998392105103
19719.051169541668, -8.983418884277345, 1.074016589317471, -3.3673974609375, -0.3950299322605133, 0.31405389308929443, -0.13543596863746643
19719.061222541666, -8.77175961792469, 1.1713139654137195, -3.3123123040795326, -0.4063992202281952, 0.2980639934539795, -0.11339537799358368
19719.07127654167, -8.824599151611329, 1.0466235534287989, -3.0514042791724205, -0.4326084554195404, 0.24034982919692993, -0.10003403574228287
19719.081329541666, -8.673412958979608, 1.0496172912977637, -2.9310542553663255, -0.4472137689590454, 0.1682836264371872, -0.08987061679363251
19719.09138354167, -8.57701400756836, 1.0437792119197549, -3.003054822385311, -0.4343951344490051, 0.09124469757080078, -0.0798720046877861
19719.101436541667, -8.510252838134766, 0.9645938786678017, -2.9740157952904704, -0.41313403844833374, 0.04274240881204605, -0.0730934590101242
19719.11149054167, -8.519083887934686, 0.841100592724979, -2.9184809875488282, -0.3792666792869568, 0.0012427102774381638, -0.07244688272476196
19719.121543541667, -8.536298090815544, 0.6924599854275585, -2.741848004758358, -0.3474975526332855, -0.02068868651986122, -0.07771195471286774
19719.13159754167, -8.577912139892579, 0.5748044316843153, -2.4914190673828127, -0.34120073914527893, -0.024984706193208694, -0.08156311511993408
19719.141650541667, -8.626710078120231, 0.45280816085636616, -2.174078394770622, -0.36564427614212036, -0.04601169377565384, -0.08936617523431778
19719.15170454167, -8.697963663339616, 0.3951779485680163, -1.901495819091797, -0.4155270457267761, -0.08343172818422318, -0.0969792827963829
19719.161757541668, -8.734635645747185, 0.420475433729589, -1.7827926635742188, -0.47105342149734497, -0.1272204965353012, -0.1036936417222023
19719.171811541666, -8.726103388667108, 0.49292486591264606, -1.8705099615454674, -0.5131215453147888, -0.17058074474334717, -0.11158673465251923
19719.181864541668, -8.718469263911247, 0.6171663761883974, -2.041454188227654, -0.5408453345298767, -0.21033962070941925, -0.12201806902885437
19719.191919, -8.78612856566906, 0.6891667422093452, -2.26389191955328, -0.5256920456886292, -0.24325703084468842, -0.14783242344856262
19719.201972000003, -8.826395416259766, 0.6897654605470598, -2.423160718381405, -0.48994359374046326, -0.270392507314682, -0.1742326021194458
19719.212026, -8.826546274423599, 0.6321352482587099, -2.3809487915039065, -0.4451657235622406, -0.24535231292247772, -0.20118723809719086
19719.222079000003, -8.935517324209213, 0.46508278213441373, -2.2573056158423426, -0.4120525121688843, -0.18766610324382782, -0.23954235017299652
19719.232133, -9.175919748544693, 0.18007522037252785, -2.082918840944767, -0.38122060894966125, -0.16189472377300262, -0.28368517756462097
19719.242186, -9.283244222402573, -0.023052263986319304, -1.9564309948682785, -0.36220377683639526, -0.1486489623785019, -0.3140859603881836
19719.25224, -9.122928771972656, -0.04715222110971809, -1.8730546697974206, -0.35106122493743896, -0.1508244425058365, -0.32529422640800476
19719.262293, -8.891809387207031, 0.0377213018015027, -1.8290464782714844, -0.3519318103790283, -0.14328263700008392, -0.3161558508872986
19719.272347000002, -8.738228759765626, 0.08038262374699116, -1.802850659787655, -0.3634911775588989, -0.13263094425201416, -0.29401159286499023
19719.2824, -8.74900634765625, -0.03068648010492325, -1.7857861456274988, -0.3776112496852875, -0.158122718334198, -0.27038535475730896
19719.292454000002, -8.791367670893669, -0.1606160704046488, -1.8585348638892174, -0.37301698327064514, -0.2062627226114273, -0.23721644282341003
19719.302507, -8.791966425776483, -0.19264949318021538, -2.1576129278540614, -0.33395907282829285, -0.2549397051334381, -0.19405193626880646
19719.312561000002, -8.696766153573991, -0.11765551719814539, -2.4842343011498453, -0.26375266909599304, -0.28433507680892944, -0.14336971938610077
19719.322614, -8.644822998046875, -0.03861987266689539, -2.738555145263672, -0.17501693964004517, -0.29196903109550476, -0.08846332877874374
19719.332668000003, -8.807983118891716, 0.01781270194798708, -2.7753779858350756, -0.09551717340946198, -0.2921178638935089, -0.051712870597839355
19719.342722, -9.158853480219841, -0.05493608940392733, -2.6574238586425785, -0.03222555294632912, -0.27521026134490967, -0.035351742058992386
19719.352775, -9.520951080322266, -0.15732310127466917, -2.4062458929419517, -0.005612034350633621, -0.2598913908004761, -0.04152972623705864
19719.362829, -9.794282099604606, -0.17513602249324323, -2.10342561095953, -0.010705862194299698, -0.24193182587623596, -0.06265871971845627
19719.372882, -9.90580078125, -0.152533098757267, -2.011367047727108, -0.02992105670273304, -0.20969825983047485, -0.07759875059127808
19719.382936, -9.869276733398438, -0.12783427711576223, -2.0675006103515625, -0.05525517836213112, -0.1787983775138855, -0.08787242323160172
19719.392989, -9.795928675532341, -0.10493186630308629, -2.228864758908749, -0.06633250415325165, -0.19416292011737823, -0.07796777784824371
19719.403043000002, -9.732311553955078, -0.052989916764199736, -2.405497741699219, -0.07125722616910934, -0.23923932015895844, -0.057587407529354095
19719.413096, -9.71704330444336, 0.0028439395129680636, -2.657573255002499, -0.06188685819506645, -0.3118947744369507, -0.027053166180849075
19719.423150000002, -9.765692138671875, 0.00928055450320244, -2.932850958555937, -0.01560138538479805, -0.4284062087535858, 0.01731642708182335
19719.433203, -9.879005915522576, -0.06017504844814539, -3.195105597227812, 0.08070163428783417, -0.523507833480835, 0.06388039141893387
19719.443257000003, -9.956993739008904, -0.07978441704064608, -3.4358052062988285, 0.21059119701385498, -0.5011466145515442, 0.11114484071731567
19719.45331, -10.08976704955101, -0.027393072433769705, -3.3203950564563276, 0.33309754729270935, -0.40314698219299316, 0.1350141167640686
19719.463364000003, -10.624007263183595, -0.21645010940730572, -2.7461894161999227, 0.41967344284057617, -0.3138229548931122, 0.12224451452493668
19719.473417, -11.28862518310547, -0.6722522639483214, -2.05073518127203, 0.47354432940483093, -0.19263754785060883, 0.08163841813802719
19719.483471, -11.57318461060524, -0.8898997734859586, -1.6816035269200802, 0.4365583658218384, 0.09346318244934082, 0.03595801442861557
19719.493524, -11.842472864985467, -1.0132431697100401, -1.169667663574219, 0.27197182178497314, 0.3424868583679199, -0.03985843062400818
19719.503578, -11.973750457763673, -0.939895660020411, -0.5837858645617963, 0.011288831941783428, 0.38972601294517517, -0.129513218998909
19719.513632000002, -11.739337336421013, -0.6590796565264464, -0.9401948547363281, -0.21876132488250732, 0.3568807542324066, -0.20579296350479126
19719.523685, -11.11723159790039, -0.17842902816832065, -2.0463946469128134, -0.39558401703834534, 0.25451549887657166, -0.2327316403388977
19719.533739000002, -10.423723754882813, 0.164208343885839, -2.761906293332577, -0.4855646789073944, 0.013084454461932182, -0.2208186835050583
19719.543792, -9.655072174072266, 0.4782552068307996, -3.5807035955786706, -0.4751245677471161, -0.227758526802063, -0.1705073118209839
19719.553846000003, -9.096882349848748, 0.5525008488446475, -4.4676094119250775, -0.32212504744529724, -0.37343135476112366, -0.09329923987388611
19719.563899, -8.730593465566635, 0.4924757814779878, -4.946912695616484, -0.11846085637807846, -0.3261679708957672, -0.0048940060660243034
19719.573953000003, -8.77819447875023, 0.15387982215732338, -4.7054643505811695, 0.044836003333330154, -0.18110057711601257, 0.052288152277469635
19719.584006, -9.311087493896485, -0.42062552444636825, -3.816912396848202, 0.13644716143608093, -0.06658279150724411, 0.052764859050512314
19719.59406, -9.793833618164063, -0.7649095820635557, -3.018173529356718, 0.14976005256175995, 0.1076136976480484, 0.015428170561790466
19719.604113, -10.010133234858513, -0.768202843554318, -2.589015967100859, 0.10363437235355377, 0.2800256609916687, -0.048846956342458725
19719.614167, -10.021060511469841, -0.7003936703503132, -2.1891973941028118, 0.018740862607955933, 0.33883941173553467, -0.11024097353219986
19719.62422, -9.62199038207531, -0.4180806700140238, -1.9749925424158574, -0.08225978910923004, 0.31089726090431213, -0.13937541842460632
19719.634274, -8.982669855952263, -0.09026237167418004, -2.1622531320154668, -0.1476227194070816, 0.27936360239982605, -0.11705134809017181
19719.644328000002, -8.431217193603516, 0.09011250022798777, -2.4718094064295295, -0.17032137513160706, 0.2680529057979584, -0.061891958117485046
19719.654381, -8.127947845458985, 0.1663040590658784, -2.6213487307727337, -0.17383235692977905, 0.24019519984722137, 0.0021347817964851856
19719.664435000002, -8.094118194580078, 0.11211659599095583, -2.5024957403540613, -0.16611477732658386, 0.18309596180915833, 0.056687772274017334
19719.674488, -8.130492553710939, 0.0013470157608389856, -2.391576398313046, -0.16302838921546936, 0.11075698584318161, 0.10125824809074402
19719.684542000003, -8.243357849121095, -0.10762626327574254, -2.1882994079589846, -0.15514276921749115, 0.08887352049350739, 0.13283801078796387
19719.694595, -8.374036102294923, -0.2059719355031848, -2.2260208193957807, -0.13336579501628876, 0.1372045874595642, 0.15368181467056274
19719.704649000003, -8.484655482172967, -0.30790999084711074, -2.2332057318091394, -0.09705758839845657, 0.1833244115114212, 0.1644844114780426
19719.714702, -8.56189603149891, -0.3282674741372466, -2.125879211425781, -0.083868607878685, 0.1984173208475113, 0.1582762449979782
19719.724756, -8.626560974121094, -0.20357687942683697, -1.9170637384057045, -0.10276107490062714, 0.17476524412631989, 0.13520580530166626
19719.73481, -8.678952026367188, -0.08232890602201223, -1.799108441770077, -0.14233098924160004, 0.13649658858776093, 0.108766108751297
19719.744863, -8.648565216064453, -0.0360752009600401, -1.7941690063476563, -0.19725149869918823, 0.08854103088378906, 0.08744990080595016
19719.754917000002, -8.530460815429688, -0.02604587394744158, -1.8272499212622644, -0.2506564259529114, 0.02813548594713211, 0.07030180841684341
19719.76497, -8.401578826904297, 0.06511437423527242, -1.8773956426978111, -0.2928834855556488, -0.028805028647184372, 0.0567319355905056
19719.775024000002, -8.336314544677736, 0.23471165824681522, -1.9639157232642175, -0.3291280269622803, -0.046289727091789246, 0.041606031358242035
19719.785077, -8.321346842050552, 0.2571651490777731, -2.0682493463158607, -0.3479704260826111, -0.06435954570770264, 0.02268666960299015
19719.795131000003, -8.422535247802735, 0.1782791384495795, -2.159259796142578, -0.3492979407310486, -0.0731794685125351, -0.0075595867820084095
19719.805184, -8.620573425292969, 0.0452057926543057, -2.3140379333496095, -0.32838892936706543, -0.055006854236125946, -0.040503423660993576
19719.815238000003, -8.720566660165787, -0.0082331719994545, -2.4734564208984375, -0.29566138982772827, -0.03884369134902954, -0.06801336258649826
19719.825292, -8.731492767333984, -0.020956567078828814, -2.518213348388672, -0.27216804027557373, -0.044403307139873505, -0.08817162364721298
19719.835345, -8.795708643794061, -0.06391730301082135, -2.320923029780388, -0.276660680770874, -0.07254362106323242, -0.1013018786907196
19719.845399, -8.81936004638672, -0.009280865136533976, -2.093097381591797, -0.315999299287796, -0.08854416012763977, -0.10617732256650925
19719.855452, -8.86800829589367, -0.07364712467417121, -1.8923645147681236, -0.366155743598938, -0.12491287291049957, -0.1067119836807251
19719.865506000002, -8.876241175532341, -0.09684865711256863, -1.7491121166944505, -0.42288535833358765, -0.15923117101192474, -0.09816642850637436
19719.875559, -8.887767207026481, -0.03218322113156319, -1.7200729434192181, -0.4798295497894287, -0.18399012088775635, -0.08961816132068634
19719.885613000002, -9.010362854003906, 0.01781282985582948, -1.6771124267578126, -0.5281906723976135, -0.19545289874076843, -0.08818191289901733
19719.895667, -9.195677490234376, -0.01871132763102651, -1.7359399478137494, -0.5688406229019165, -0.19009467959403992, -0.09523070603609085
19719.905720000002, -9.349257532954217, -0.0538881952688098, -1.8483563232421876, -0.5955878496170044, -0.1926766186952591, -0.10480237007141113
19719.915774, -9.453740844726562, -0.12349346866831185, -2.020797583311796, -0.5932762026786804, -0.20832987129688263, -0.10589027404785156
19719.925827000003, -9.403295161128044, -0.022154149934649467, -2.235900274962187, -0.5839567184448242, -0.1779184341430664, -0.09118882566690445
19719.935881, -9.414521815180779, 0.1008899967558682, -2.3487652780115607, -0.5831266641616821, -0.14093828201293945, -0.07951393723487854
19719.945935, -9.598489252924919, 0.09130995517596603, -2.2640414620935916, -0.6033642888069153, -0.13054636120796204, -0.08493906259536743
19719.955988, -9.900261129140855, 0.05373814109712839, -2.2336547979712487, -0.6360000967979431, -0.11540112644433975, -0.10670609772205353
19719.966042, -10.124046936035157, -0.0005990106984972955, -2.283351745605469, -0.6779659390449524, -0.10617833584547043, -0.1355326920747757
19719.976095, -10.20353106200695, 0.005837713927030564, -2.343526465147734, -0.7128826975822449, -0.11044757068157196, -0.16661052405834198
19719.986149, -10.230924682617188, 0.017962427213788032, -2.6000930786132814, -0.7176854610443115, -0.1026700809597969, -0.18764843046665192
19719.996202000002, -10.19215530395508, 0.07319758342579008, -2.8708799743652347, -0.6960437893867493, -0.12350533157587051, -0.18644709885120392
19720.006256, -10.153984680175782, 0.11810416309162974, -2.869682318419218, -0.6683970093727112, -0.148902028799057, -0.16217291355133057
19720.016310000003, -10.260862426757813, 0.05927651412785054, -2.885249945372343, -0.6300641894340515, -0.11420614272356033, -0.12392044812440872
19720.026363, -10.502609125971794, -0.08068243972957134, -2.7478356997668745, -0.6194238066673279, -0.05093023553490639, -0.10085694491863251
19720.036417000003, -10.793753687739374, -0.1537304806150496, -2.447261040955782, -0.6284032464027405, -0.01603787951171398, -0.09140519052743912
19720.04647, -11.08025965332985, -0.08981352478265762, -2.302512340396643, -0.636444091796875, 0.008219522424042225, -0.08788129687309265
19720.056524, -11.374695612788202, -0.0443081171438098, -2.3147859384119513, -0.6315867304801941, 0.06552695482969284, -0.09938448667526245
19720.066578, -11.580068537592888, -0.03308137172833085, -2.2763162295520307, -0.6281299591064453, 0.170784130692482, -0.1152137890458107
19720.076631, -11.703861694335938, -0.03562607998028398, -2.2601497015357017, -0.6523995995521545, 0.32516804337501526, -0.16143476963043213
19720.086685000002, -11.823911463618279, 0.01960905795916915, -2.1137539865076542, -0.7076199650764465, 0.4197917580604553, -0.2376408576965332
19720.096738, -11.518995539546014, 0.38290360137820245, -2.1176463317871095, -0.7763750553131104, 0.44501569867134094, -0.3097797930240631
19720.106792000002, -11.08325108885765, 0.8098157049156726, -2.4637262155115605, -0.8087148666381836, 0.40582728385925293, -0.36899062991142273
19720.116845, -10.801986567378044, 0.9358536991104484, -3.0012588500976562, -0.7887120246887207, 0.35111111402511597, -0.4059244990348816
19720.126899000003, -10.580896326899529, 0.7649091983400286, -3.485801239013672, -0.7125235199928284, 0.30875006318092346, -0.4075128138065338
19720.136953, -10.275232543945313, 0.6084843938425184, -3.7709582519531253, -0.6082583665847778, 0.2734079658985138, -0.3750728368759155
19720.147006000003, -9.863588562011719, 0.6358774297311902, -3.7588337579369546, -0.5163175463676453, 0.24568232893943787, -0.30797556042671204
19720.15706, -9.599837036132813, 0.6547382450848818, -3.4913397216796875, -0.4555346369743347, 0.26331743597984314, -0.23481667041778564
19720.167113, -9.614955012202264, 0.6348297183215619, -3.1379246520996094, -0.4587804973125458, 0.3147904574871063, -0.18343044817447662
19720.177167, -9.845775604248047, 0.6436612797528506, -2.7714866638183597, -0.5260130167007446, 0.3359597623348236, -0.17175956070423126
19720.187221, -10.086624755859376, 0.7075783269479872, -2.591560821533203, -0.6199251413345337, 0.2763829827308655, -0.19436873495578766
19720.197273875, -10.048153585195541, 0.8723856084421278, -2.7056233343482017, -0.6911129951477051, 0.19331255555152893, -0.22190815210342407
19720.207327875, -9.776768519282342, 1.0135421086102725, -3.121159223020077, -0.7138201594352722, 0.19510780274868011, -0.24370026588439941
19720.217380875, -9.495953063964844, 0.9003773261234165, -3.3793728509545327, -0.6758034825325012, 0.16991734504699707, -0.24516834318637848
19720.227434875, -8.77729751586914, 1.0217749517038466, -3.5046620178222656, -0.6161292195320129, 0.18054015934467316, -0.20976108312606812
19720.237488875002, -8.267309213876725, 1.074465271756053, -3.427722307741642, -0.543552577495575, 0.1732221245765686, -0.14839662611484528
19720.247541875, -7.869734217524529, 1.059346784055233, -3.2144150036573413, -0.4892573654651642, 0.20116347074508667, -0.07152263075113297
19720.257595875002, -7.822881063222885, 0.8687931887805462, -2.910397504270077, -0.4726097285747528, 0.20570474863052368, -0.0016038379399105906
19720.267649875, -7.9929280346632, 0.6420146307349205, -2.456391322016716, -0.4933568239212036, 0.1689257025718689, 0.05509326606988907
19720.277702875002, -8.180786794424057, 0.6072868840768934, -2.098335902094841, -0.5619168877601624, 0.1250166893005371, 0.09268846362829208
19720.287756875, -8.403674468994142, 0.675694720800966, -1.8769468688964845, -0.6423267722129822, 0.05522962287068367, 0.10366281121969223
19720.297809875003, -8.598867976069451, 0.8038281378149986, -1.816472625732422, -0.7310965657234192, -0.012795367278158665, 0.09420022368431091
19720.307863875, -8.784182612299919, 0.9183400456979871, -1.9155665588378907, -0.7834806442260742, -0.09293174743652344, 0.05944064259529114
19720.317917875, -8.975484797358513, 1.0089017217233778, -2.152223841547966, -0.7875829935073853, -0.1314181536436081, 0.0021819157991558313
19720.327970875, -9.11274935424328, 1.0485692327097058, -2.48662873595953, -0.7473143935203552, -0.1261187195777893, -0.06690873205661774
19720.338024875, -9.121431884765625, 1.0330015692114831, -2.635569305419922, -0.6866436004638672, -0.11322709918022156, -0.1318758726119995
19720.348077875, -9.016649195551873, 1.0316544620878996, -2.5472526678442957, -0.6293366551399231, -0.10225275158882141, -0.18372973799705505
19720.358131875, -8.81337191283703, 1.003063806798309, -2.41657470703125, -0.582801878452301, -0.10630303621292114, -0.21258766949176788
19720.368185875002, -8.627459106445313, 0.9536665472388268, -2.3183786138892173, -0.5313624143600464, -0.1036907434463501, -0.2204413264989853
19720.378238875, -8.571025289297104, 0.8400528264977039, -2.1963823065161705, -0.4952326714992523, -0.08679158985614777, -0.22955210506916046
19720.388292875003, -8.654401906728745, 0.6903641423396767, -1.8920651373267174, -0.480620414018631, -0.07819677144289017, -0.24229960143566132
19720.398346875, -8.792565180659295, 0.550704565923661, -1.5763719177246094, -0.49923500418663025, -0.08870862424373627, -0.26304715871810913
19720.408399875003, -8.922494405508042, 0.4911285281740129, -1.3492938360571862, -0.5331828594207764, -0.09719531983137131, -0.277927041053772
19720.418453875, -8.952583592534065, 0.41583495547994975, -1.2714562860131264, -0.5622648596763611, -0.10002468526363373, -0.28563299775123596
19720.428506875, -8.946894251704217, 0.3558097967505455, -1.287173309326172, -0.5862612724304199, -0.09134544432163239, -0.2820979356765747
19720.438560875, -9.016200714111328, 0.3652402044273913, -1.3968951416015625, -0.6075431704521179, -0.09319983422756195, -0.28213852643966675
19720.448614875, -9.156008809804916, 0.38499911556020383, -1.542541682124138, -0.6006826162338257, -0.09290528297424316, -0.28512683510780334
19720.458667875002, -9.252259241938592, 0.3846997746638954, -1.8202145513892174, -0.5820286870002747, -0.047356016933918, -0.28862008452415466
19720.468721875, -9.374705200195313, 0.3058138005807996, -2.016157086789608, -0.5487029552459717, -0.03990502655506134, -0.2975129187107086
19720.478775875003, -9.499695281982422, 0.2083664434030652, -2.115550689697266, -0.5077422261238098, -0.0635705441236496, -0.3121700882911682
19720.488828875, -9.520052363276482, 0.23156821338459851, -2.286644605100155, -0.464008629322052, -0.09126315265893936, -0.3133716881275177
19720.498882875003, -9.432186838388443, 0.19025407165288927, -2.3858891040086747, -0.4103139340877533, -0.138020858168602, -0.29825305938720703
19720.508935875, -9.251063486337662, 0.1860628240182996, -2.4260053887963298, -0.35594868659973145, -0.1739138811826706, -0.25935038924217224
19720.518989875, -9.138795776367187, 0.18441624809056523, -2.455942840576172, -0.3088821470737457, -0.17263264954090118, -0.20147360861301422
19720.529043875, -9.151219940185547, 0.21315651901066304, -2.370769666135311, -0.2801833748817444, -0.17721781134605408, -0.14400552213191986
19720.539096875, -9.330845820307733, 0.22483220268040896, -2.2107524237036706, -0.27715766429901123, -0.18802928924560547, -0.1040591299533844
19720.549150875002, -9.629177194833757, 0.2817138434574008, -2.154619738161564, -0.29771143198013306, -0.18920427560806274, -0.08279485255479813
19720.559204875, -9.936039072275163, 0.31644162666052583, -2.1372558465600013, -0.33904075622558594, -0.1927679479122162, -0.08295120298862457
19720.569257875002, -10.150241877436638, 0.4071531741321087, -2.231259778439999, -0.38386228680610657, -0.21408654749393463, -0.09639111161231995
19720.579311875, -10.242151336669922, 0.5522013983130455, -2.3902291998267176, -0.4272233247756958, -0.27354371547698975, -0.11070530116558075
19720.589365875003, -10.226135228276254, 0.6442599615454674, -2.6415571466088297, -0.441403329372406, -0.32606926560401917, -0.11835603415966034
19720.599418875, -10.104138336181641, 0.761166852414608, -2.981050580441952, -0.43151766061782837, -0.43544918298721313, -0.10704336315393448
19720.609472875, -9.968969421386719, 0.8575663885474205, -3.053050855100155, -0.4064221680164337, -0.5747769474983215, -0.07831664383411407
19720.619526875, -9.910141169428826, 0.8866060003638268, -2.972518469542265, -0.37081435322761536, -0.6601301431655884, -0.03935719653964043
19720.629579875, -10.048752924799919, 0.6721020635962487, -2.802622210085392, -0.3191753923892975, -0.6519725918769836, -0.0002606611233204603
19720.639633875002, -10.288703944087029, 0.43514481872320177, -2.3240670776367187, -0.2897309958934784, -0.585415244102478, 0.029139971360564232
19720.649686875, -10.692714970707893, 0.09220795959234238, -1.6934286434948445, -0.277886301279068, -0.5051017999649048, 0.04906601086258888
19720.659740875002, -10.986702448725701, -0.16435843460261823, -1.2266989199817182, -0.2899991571903229, -0.3260156214237213, 0.08192941546440125
19720.669794875, -11.534712855219842, -0.46613091381266714, -0.9818081729114057, -0.36697065830230713, -0.08143039792776108, 0.07552424818277359
19720.679847875002, -12.11640263915062, -0.7611673823185265, -0.626297607421875, -0.5208107829093933, 0.15374670922756195, 0.011270729824900627
19720.689901875, -12.54720853149891, -0.6544393792748452, -0.6966513061523438, -0.7205718159675598, 0.31056374311447144, -0.11093293875455856
19720.699955875, -12.50125292479992, -0.03338084053248167, -1.4630577023327351, -0.861194908618927, 0.3365979790687561, -0.2503790855407715
19720.710008875, -11.985875244140626, 0.6590791997127236, -2.658022321164608, -0.9286410808563232, 0.2611551582813263, -0.36772090196609497
19720.720062875, -11.262130279541017, 0.9650428900122643, -3.5661839358508587, -0.9074549078941345, 0.04270780831575394, -0.44283658266067505
19720.730116875002, -10.275682779550554, 1.1506568671390416, -4.3258547781407835, -0.7726611495018005, -0.17184311151504517, -0.44613543152809143
19720.740169875, -9.167686868906022, 1.1585904424265028, -4.95559522613883, -0.5719152688980103, -0.23627746105194092, -0.34999579191207886
19720.750223875002, -8.28751543700695, 0.8611589178442955, -4.957540740966797, -0.3954954743385315, -0.17075277864933014, -0.19463282823562622
19720.760277875, -8.342301508784294, 0.05298955131322146, -4.366419982910156, -0.248001828789711, -0.12936463952064514, -0.05833817645907402
19720.770330875002, -8.883427403569222, -0.6424642816185951, -3.589535668641329, -0.14488929510116577, -0.0672975406050682, 0.032500918954610825
19720.780384875, -9.360783564448358, -0.7328762689232826, -3.2305818240344526, -0.1024877056479454, 0.10954343527555466, 0.07175007462501526
19720.790438875, -9.888736267089845, -0.6668635065481067, -2.7738819757103923, -0.13144080340862274, 0.20935285091400146, 0.05293191224336624
19720.800491875, -10.208170827627182, -0.49023077957332134, -2.137405242919922, -0.22441366314888, 0.1564321517944336, -0.0012191408313810825
19720.810545875, -10.150841217041016, -0.1100215020775795, -1.8428179867565633, -0.34945759177207947, 0.08077520877122879, -0.05704059451818466
19720.820599875, -9.868976771235467, 0.19444542892277242, -2.0297789065539837, -0.4414561986923218, -0.019054127857089043, -0.10707956552505493
19720.830652875, -9.569899291992188, 0.32422547668218615, -2.31029556915164, -0.4936719834804535, -0.13682523369789124, -0.12825116515159607
19720.840706875002, -9.207501729726792, 0.3555104923993349, -2.775677947998047, -0.4748525321483612, -0.13710659742355347, -0.13028785586357117
19720.850760875, -8.876241760253906, 0.3638930242136121, -3.180735918581486, -0.4232889413833618, -0.06827959418296814, -0.11458586156368256
19720.860813875002, -8.667425994873048, 0.2951859014108777, -3.1707063357532026, -0.359296053647995, -0.010789607651531696, -0.10231002420186996
19720.870867875, -8.587792764902115, 0.09026196967810393, -3.0798455746471882, -0.2739899158477783, 0.0004292251542210579, -0.09921383112668991
19720.880921875003, -8.529562098383904, -0.02290266662836075, -2.9945231500267986, -0.18013080954551697, 0.0016910303384065628, -0.1026567667722702
19720.890974875, -8.496331202387811, -0.025147960893809797, -2.8148965390026572, -0.1173585057258606, 0.002199960872530937, -0.11789298057556152
19720.901028875, -8.600364863276482, -0.03293181091547012, -2.431244494020939, -0.09576641023159027, -0.044105950742959976, -0.1474190056324005
19720.911082875, -8.658744049072267, -0.17139387756586075, -2.0043319702148437, -0.10485844314098358, -0.10046695917844772, -0.1659623235464096
19720.921135875, -8.599916966557503, -0.25851274956017734, -1.6455283990502358, -0.15597301721572876, -0.10017213225364685, -0.17392563819885254
19720.931189875002, -8.513545989990234, -0.310604387819767, -1.3561801019310953, -0.2358044683933258, -0.08138486742973328, -0.16293850541114807
19720.941243875, -8.431965637207032, -0.39936976265162233, -1.100811144411564, -0.32762256264686584, -0.12446010112762451, -0.14601530134677887
19720.951296875002, -8.33317108154297, -0.35700789123773574, -1.0999130120873453, -0.3967108130455017, -0.15354128181934357, -0.11639402061700821
19720.961350875, -8.243356094956399, -0.256267309114337, -1.4431488101184369, -0.44305962324142456, -0.15613389015197754, -0.07591764628887177
19720.971404875003, -8.210275472402573, -0.1808242304250598, -1.6956736819446088, -0.45374396443367004, -0.15978242456912994, -0.04440926015377045
19720.981457875, -8.268355865478515, -0.17064543396234513, -1.9643653741478921, -0.44115492701530457, -0.15798266232013702, -0.018270637840032578
19720.991511875, -8.371939875483513, -0.15223368477076293, -2.1291722171008587, -0.42459431290626526, -0.16847285628318787, 0.006215530447661877
19721.001565875, -8.437503535151482, -0.07469492744654417, -2.155367889404297, -0.4033716022968292, -0.16650061309337616, 0.024030987173318863
19721.011618875, -8.649462178945543, 0.019758655317127706, -2.2204826290905477, -0.37890273332595825, -0.14128448069095612, 0.01769053377211094
19721.021672875002, -9.015451685786248, 0.052091455534100536, -2.2459294192492965, -0.3436067998409271, -0.10251948237419128, -0.01451739203184843
19721.031726875, -9.320217921137811, 0.041313831098377704, -2.1333636474609374, -0.32370924949645996, -0.08043255656957626, -0.06454833596944809
19721.041779875002, -9.42844286620617, 0.029039319455623627, -1.8688636779785157, -0.33214908838272095, -0.07478053867816925, -0.11170949041843414
19721.051833875, -9.316925938725472, 0.07379621040076018, -1.558709233403206, -0.367037832736969, -0.07624607533216476, -0.13500948250293732
19721.061887875003, -9.142988229990006, 0.11136811584234238, -1.3355229122936727, -0.41435444355010986, -0.07482542097568512, -0.1356290727853775
19721.071940875, -9.019944101572037, 0.07649060737341642, -1.2135270434617997, -0.47030532360076904, -0.07225334644317627, -0.11973398923873901
19721.081994875, -9.026079000234605, 0.024548694379627707, -1.1886779849231244, -0.5203477144241333, -0.08304625749588013, -0.1019376888871193
19721.092048875, -9.169631652832031, -0.005538775026798249, -1.2216096496582032, -0.5533269643783569, -0.09350688755512238, -0.09664945304393768
19721.102102875, -9.49235936522484, -0.11645804397761822, -1.3900094604492188, -0.5729418992996216, -0.08177196979522705, -0.11604607850313187
19721.112155875002, -9.807005640864373, -0.28575602363795044, -1.4944923336803915, -0.5844030976295471, -0.09342090040445328, -0.15302112698554993
19721.122209875, -9.973609771728515, -0.3748208124563098, -1.6277151489257813, -0.5779393315315247, -0.09265074133872986, -0.19565020501613617
19721.132263875003, -9.965077514648438, -0.4032617059350014, -1.8940112368762494, -0.5553589463233948, -0.07858552038669586, -0.22612954676151276
19721.142316875, -9.78724672973156, -0.3867959101125598, -2.0499873223900797, -0.5255048274993896, -0.07872369140386581, -0.23297874629497528
19721.152370875003, -9.610315831303597, -0.3365005730465055, -2.1609066644310952, -0.4895969331264496, -0.06500468403100967, -0.22116363048553467
19721.162424875, -9.557325439453125, -0.389640032351017, -2.2082080078125, -0.4651956856250763, -0.049382198601961136, -0.2041141837835312
19721.172477875, -9.660460383296014, -0.4980146661400795, -2.1333636474609374, -0.4462188184261322, -0.016991235315799713, -0.20107844471931458
19721.182531875, -9.91253677368164, -0.5842353692650796, -2.2044660821557045, -0.42416173219680786, 0.015305503271520138, -0.2157779335975647
19721.192586541667, -10.027348022460938, -0.6116283686086535, -2.243085333555937, -0.39629149436950684, 0.005974853411316872, -0.23655937612056732
19721.20263954167, -9.977801055908204, -0.5526510126516223, -2.21958464294672, -0.3877754807472229, -0.03363688662648201, -0.24276573956012726
19721.212693541667, -9.88080393433571, -0.4619397209957242, -2.1549192617833617, -0.38403451442718506, -0.12357529997825623, -0.22697186470031738
19721.22274754167, -9.825268834233285, -0.4134406120330095, -2.0169059689342976, -0.4034036695957184, -0.1968151330947876, -0.1956329345703125
19721.232801541668, -9.899662958979608, -0.44083353828638794, -1.7224679629504682, -0.4578586518764496, -0.31036004424095154, -0.1486249566078186
19721.24285454167, -10.054590784907342, -0.4191286737844348, -1.4717393557727338, -0.5051193833351135, -0.3871655762195587, -0.09837595373392105
19721.252908541668, -10.36324951171875, -0.4438273857906461, -1.6706758117675782, -0.5659385323524475, -0.34460586309432983, -0.07556305080652237
19721.262962541667, -10.898236414790155, -0.5671708185598254, -1.650767358094454, -0.6178288459777832, -0.39579764008522034, -0.09004657715559006
19721.27301554167, -11.297605921626092, -0.4385882440209389, -1.704804986268282, -0.6489457488059998, -0.43941381573677063, -0.12873591482639313
19721.283069541667, -11.51600293457508, -0.1317264762148261, -2.088457469791174, -0.6211376190185547, -0.39817121624946594, -0.16886261105537415
19721.29312354167, -11.464210052490236, 0.06406648010015488, -2.343377214968205, -0.5980197787284851, -0.236676886677742, -0.21322767436504364
19721.303176541667, -11.42933199584484, -0.1408573419973254, -2.1338130059838294, -0.6062700152397156, -0.037849389016628265, -0.2670380473136902
19721.31323054167, -11.200158564448357, -0.30237150818109515, -1.831591332703829, -0.6389917135238647, 0.11142158508300781, -0.3232315480709076
19721.323284541668, -10.620114771723747, -0.10313582092523575, -1.7125886535644532, -0.6740817427635193, 0.20951569080352783, -0.36461207270622253
19721.333338541666, -9.985735142827034, 0.15627469550818204, -1.9428100521862508, -0.6732825040817261, 0.2683263123035431, -0.38237428665161133
19721.343391541668, -9.50508349120617, 0.25806313522160057, -2.438878034055233, -0.6061365604400635, 0.2611047327518463, -0.37842392921447754
19721.353445541667, -9.030419973134995, 0.28620461471378805, -2.7066710092127324, -0.5020623803138733, 0.19842670857906342, -0.3330063819885254
19721.36349954167, -8.662786229252816, 0.2906952032446861, -2.650089549869299, -0.40496212244033813, 0.1375207006931305, -0.2646511197090149
19721.373552541667, -8.52791552245617, 0.20776757888495923, -2.2155429013073444, -0.34544554352760315, 0.08559465408325195, -0.18628598749637604
19721.38360654167, -8.704099146723747, -0.09086127273738384, -1.581012560427189, -0.3323875069618225, 0.0642068162560463, -0.12002570927143097
19721.393660541667, -9.134454218745232, -0.4364926750212908, -1.0599461236596108, -0.34926876425743103, 0.06452959030866623, -0.07950198650360107
19721.40371454167, -9.534272791743279, -0.5673205438256264, -0.7943981869518757, -0.3730870485305786, 0.14041970670223236, -0.0698830634355545
19721.413767541668, -9.850415369868278, -0.7119197018444539, -0.8496333248913288, -0.39922329783439636, 0.2503832280635834, -0.0899137631058693
19721.423821541666, -9.95804214477539, -0.764011449739337, -0.9138496398925782, -0.4265102446079254, 0.32101279497146606, -0.11596373468637466
19721.43387554167, -9.732760620117189, -0.5791459527611733, -1.1226654052734375, -0.4434008300304413, 0.37405523657798767, -0.12575218081474304
19721.443928541667, -9.370213953852653, -0.28171446472406386, -1.553320293277502, -0.45083457231521606, 0.3813847601413727, -0.11732325702905655
19721.45398254167, -8.979676666259767, -0.007634417116641998, -1.7854873529076578, -0.45399412512779236, 0.3585295081138611, -0.07992874830961227
19721.464036541667, -8.672065760493279, 0.1799256230145693, -1.9931053161621095, -0.454517126083374, 0.3503282070159912, -0.02113032154738903
19721.47409054167, -8.605605137944222, 0.19040368728339674, -2.1591103997826577, -0.43794161081314087, 0.3194293975830078, 0.037504494190216064
19721.484143541667, -8.766369654536248, 0.1472935549914837, -2.276466064453125, -0.4031218886375427, 0.3288382291793823, 0.08082812279462814
19721.49419754167, -9.047485072016716, 0.13187554366886617, -2.4525, -0.3615158498287201, 0.3631210923194885, 0.10479070991277695
19721.504251541668, -9.311086324453354, 0.07050320472568274, -2.4207659912109376, -0.3343587815761566, 0.35939380526542664, 0.11730990558862686
19721.514305541667, -9.47349917113781, 0.09265706229954958, -2.286645043641329, -0.32143208384513855, 0.3280489444732666, 0.11765105277299881
19721.52435854167, -9.560470072031022, 0.23800477355718613, -2.1972811697423458, -0.319400817155838, 0.2521164119243622, 0.11152398586273193
19721.534412541667, -9.53023178100586, 0.4019138861820102, -2.08456527069211, -0.32993149757385254, 0.16429069638252258, 0.11083715409040451
19721.54446654167, -9.515861079096794, 0.5032531500980258, -2.036365356445313, -0.33184099197387695, 0.10141105949878693, 0.1080290749669075
19721.554519541667, -9.534870961904526, 0.5408250920847059, -1.9443066470324994, -0.3383350968360901, 0.048740118741989136, 0.09951893985271454
19721.56457354167, -9.541009368896486, 0.5897732672095299, -1.6995658810436727, -0.3599545955657959, 0.00995476171374321, 0.0882643535733223
19721.574627541668, -9.552535400390626, 0.6438108588382602, -1.4855107180774212, -0.3879910409450531, -0.034899793565273285, 0.07005871832370758
19721.584681541666, -9.610764312744141, 0.6623723332956434, -1.435365289002657, -0.40037843585014343, -0.07170581817626953, 0.04242932051420212
19721.594734541668, -9.669292602539063, 0.6527921455353499, -1.5637985037267208, -0.3889489471912384, -0.08472840487957001, 0.009870310313999653
19721.604788541666, -9.712104161381722, 0.6158191046118736, -1.7088467279076578, -0.3532647490501404, -0.09247812628746033, -0.030853163450956345
19721.61484254167, -9.72617431640625, 0.5592367316409945, -1.7619863699376583, -0.3042162358760834, -0.11312241852283478, -0.07676047086715698
19721.624896541667, -9.645491511225702, 0.5376817020401359, -1.6621435546875, -0.2622186839580536, -0.12720359861850739, -0.11874432116746902
19721.63494954167, -9.446405512690545, 0.5086419805884361, -1.4397062619030476, -0.2310301512479782, -0.11851689964532852, -0.15121863782405853
19721.645003541667, -9.27396352171898, 0.37257493346929554, -1.1493099975585939, -0.21114937961101532, -0.10694748908281326, -0.17838570475578308
19721.65505754167, -9.13175923705101, 0.17423748817294837, -0.8416995303332806, -0.20045678317546844, -0.11749041080474854, -0.1865863800048828
19721.665111541668, -9.086105346679688, -0.07215025573968888, -0.6721022097766399, -0.19567450881004333, -0.06636720150709152, -0.18132998049259186
19721.675164541666, -9.09867802977562, -0.25506990898400544, -0.7039861996471882, -0.20219899713993073, 0.035860899835824966, -0.1699654757976532
19721.68521854167, -9.212742004394531, -0.3565588250756264, -0.7614666683971882, -0.19254077970981598, 0.11576592922210693, -0.16152304410934448
19721.695272541667, -9.360932668447495, -0.35640909980982544, -1.0292597897350788, -0.16894331574440002, 0.17408622801303864, -0.1461360901594162
19721.70532654167, -9.370662435293198, -0.3200346310436726, -1.2419671694934369, -0.14383074641227722, 0.1850435584783554, -0.11593519151210785
19721.715379541667, -9.194479395747186, -0.2330655574053526, -1.3947996456921101, -0.13277488946914673, 0.17872095108032227, -0.06472953408956528
19721.72543354167, -9.168733520507812, -0.16166403762996198, -1.6051121520996094, -0.11701302230358124, 0.14518222212791443, -0.010182088240981102
19721.735487541668, -9.369913991689682, -0.1871111932396889, -1.8262022463977339, -0.08054769039154053, 0.05317026749253273, 0.03802698478102684
19721.745541541666, -9.549541041254997, -0.21899481765925885, -2.023043352663517, -0.03939652815461159, -0.010363258421421051, 0.07840154320001602
19721.755594541668, -9.716443964838982, -0.12513995323330165, -2.2257214419543745, 0.013482398353517056, -0.04171612113714218, 0.10755117237567902
19721.765648541666, -9.818831634521485, 0.04834916442632675, -2.1683906619250775, 0.045055218040943146, -0.07569576799869537, 0.12363523244857788
19721.77570254167, -9.909541829824448, 0.14444939620792865, -1.89595719024539, 0.0527685321867466, -0.11655744910240173, 0.1275538057088852
19721.785756541667, -9.969719034433366, 0.17214173644781114, -1.6269669976830483, 0.03606768697500229, -0.16917450726032257, 0.11992092430591583
19721.79580954167, -10.011779810786248, 0.21839562423527242, -1.4108163388073445, 0.00018878121045418084, -0.20088103413581848, 0.11091278493404388
19721.805863541667, -10.046208216547967, 0.24339356750249863, -1.410966173708439, -0.03279661387205124, -0.1999061554670334, 0.09897962212562561
19721.81591754167, -10.060877711176873, 0.2189942329376936, -1.5115568478405477, -0.06396891176700592, -0.20385615527629852, 0.08765798807144165
19721.825971541668, -10.023007049560547, 0.16615418761968614, -1.682800890505314, -0.06489382684230804, -0.25232061743736267, 0.0833873450756073
19721.836024541666, -9.873318328857422, 0.26195493232458833, -1.9893630981445314, -0.03335587680339813, -0.29191887378692627, 0.09146337956190109
19721.84607854167, -9.747879180908203, 0.47586015075445176, -2.4016058349609377, 0.04708648473024368, -0.3228326141834259, 0.10286349058151245
19721.856132541667, -9.76853563964367, 0.623303504101932, -2.5674612298607826, 0.13326451182365417, -0.3604276776313782, 0.09969699382781982
19721.86618654167, -9.918824869394303, 0.637823346555233, -2.488575274050236, 0.20200490951538086, -0.36833542585372925, 0.08651915192604065
19721.876239541667, -10.083331019282342, 0.540825055539608, -2.3153849856555464, 0.26008498668670654, -0.417066752910614, 0.07331706583499908
19721.88629354167, -10.099647674560547, 0.4177809636667371, -2.022594432681799, 0.30809280276298523, -0.4740227162837982, 0.06763426959514618
19721.896347541668, -10.046358489990235, 0.3279677312448621, -1.7013619995117188, 0.3436167240142822, -0.5005819201469421, 0.07781899720430374
19721.906401541666, -9.999954401850701, 0.37287438400089745, -1.1814930725097657, 0.31877338886260986, -0.4298553168773651, 0.08199497312307358
19721.916454541668, -10.353071848154068, 0.11720597594976426, -0.6951548574864864, 0.26455703377723694, -0.3395797312259674, 0.06379919499158859
19721.926508541666, -11.02143081665039, -0.3299141597002745, -0.4305047607421875, 0.23042279481887817, -0.30240967869758606, 0.015588730573654175
19721.93656254167, -11.325896505117417, -0.5245094600692392, -0.5343887329101563, 0.1684848666191101, -0.1130826398730278, -0.028407223522663116
19721.946616541667, -11.660002314448358, -0.9195380670949818, -0.6237531915307045, 0.0850566029548645, 0.06923384964466095, -0.0840502455830574
19721.95666954167, -11.710597686767578, -1.1934684990718962, -0.5900729370117188, -0.06111765280365944, 0.22137410938739777, -0.12758760154247284
19721.966723541667, -11.318561757802964, -0.7499406734481454, -0.9713299624621868, -0.22390525043010712, 0.28755730390548706, -0.15129832923412323
19721.97677754167, -10.93520894408226, -0.0928072626516223, -1.8146763610839844, -0.3467179834842682, 0.23274171352386475, -0.1697433739900589
19721.986831541668, -10.794202753901482, 0.22378430854529144, -2.7213407962024214, -0.3857673704624176, 0.07986783981323242, -0.20262707769870758
19721.996884541666, -10.447373988032341, 0.4763092900067568, -3.7080888430774213, -0.32345765829086304, -0.08291921764612198, -0.20964956283569336
19722.00693854167, -9.760900930166246, 0.6542892154678702, -4.33259033203125, -0.20017175376415253, -0.24656455218791962, -0.16942328214645386
19722.016992541667, -9.00647036254406, 0.5749540838599205, -4.332740166932345, -0.044411446899175644, -0.3341764211654663, -0.07595538347959518
19722.02704654167, -8.558602294921876, 0.2556680791452527, -4.023932189941407, 0.09070675075054169, -0.32657748460769653, 0.032511718571186066
19722.037100541667, -8.614585291743278, -0.17932734321802857, -3.1677131460607053, 0.16773442924022675, -0.30650046467781067, 0.12327331304550171
19722.04715354167, -8.9588687646389, -0.4998108942434192, -2.279908905029297, 0.2058916836977005, -0.2682623267173767, 0.1677660495042801
19722.057207541668, -9.309291229248048, -0.534239300005138, -1.7250132559239866, 0.19510987401008606, -0.16528722643852234, 0.17971672117710114
19722.067261541666, -9.63995361328125, -0.5554951348900795, -1.286425158083439, 0.13964714109897614, -0.04579118266701698, 0.14947812259197235
19722.07731554167, -9.867330195307732, -0.5701645564287902, -0.9066645812988282, 0.04426390677690506, 0.024525858461856842, 0.09851506352424622
19722.087368541666, -9.770931243896484, -0.3917357109859586, -0.8027806091308595, -0.05986834689974785, 0.042583245784044266, 0.05371566489338875
19722.09742254167, -9.468560028076173, -0.08128119461238385, -1.0746156182885171, -0.14373527467250824, 0.05550091341137886, 0.02641480229794979
19722.107476541667, -9.15017153441906, 0.22168870300054552, -1.4751826348900796, -0.19356276094913483, 0.06131814047694206, 0.005622732453048229
19722.11753054167, -8.97144437134266, 0.33290745902806523, -1.8230593679845335, -0.19988350570201874, 0.08672603964805603, -0.016529174521565437
19722.127583541667, -8.975335108637811, 0.2598593633249402, -2.148033288270235, -0.15272848308086395, 0.13457772135734558, -0.05765518173575401
19722.13763754167, -9.075328928232194, 0.018112042844295503, -2.4117849603295327, -0.07309037446975708, 0.17834997177124023, -0.1076272651553154
19722.147691541668, -9.11185122191906, -0.2905460627004504, -2.359842828065157, 0.0029889338184148073, 0.16702620685100555, -0.156370609998703
19722.157745541666, -8.924442113041879, -0.48858427673578264, -2.182611382752657, 0.08015376329421997, 0.15032684803009033, -0.17706550657749176
19722.16779954167, -8.552464472651483, -0.5629794612899423, -2.023641815185547, 0.12328843027353287, 0.15517769753932953, -0.16204240918159485
19722.177852541667, -8.183034464120865, -0.6489010062441231, -1.6015202075242998, 0.12273049354553223, 0.1304880678653717, -0.1125587522983551
19722.18790654167, -7.9793063610792165, -0.7325768183916808, -1.249601586610079, 0.10073626786470413, 0.09401991218328476, -0.05751167610287666
19722.19796, -8.015980682373048, -0.7201527642086148, -1.171763598024845, 0.07255177199840546, 0.09213172644376755, -0.003912365064024925
19722.208014, -8.101003875732422, -0.637674279101193, -1.1246116510033608, 0.022256365045905113, 0.09499932825565338, 0.027970705181360245
19722.218068000002, -8.307874272465707, -0.6219569999724627, -1.0786573599278928, -0.03278345242142677, 0.06539296358823776, 0.03514286130666733
19722.228121, -8.578810272216797, -0.718506078645587, -1.1901753106713295, -0.06370829790830612, 0.02263176068663597, 0.027139727026224136
19722.238175000002, -8.742868525385857, -0.7770343684405089, -1.4232405026257038, -0.07221496850252151, 0.01973291113972664, 0.01377705205231905
19722.248229, -8.69751284301281, -0.723745256960392, -1.6124468994140626, -0.07089527696371078, 0.0179574154317379, -0.0005029751919209957
19722.258283000003, -8.600215759277344, -0.5885764152556658, -1.6676820373535157, -0.05975448340177536, 0.013167453929781914, -0.007249028421938419
19722.268337, -8.491542917490007, -0.4454739982634783, -1.6949258230626585, -0.044966261833906174, 0.029601983726024628, -0.003523461055010557
19722.27839, -8.496480306386948, -0.4242179806530476, -1.7763561947643758, -0.03169653192162514, 0.06145339086651802, 0.014097876846790314
19722.288444, -8.612789027094841, -0.5334908929467201, -1.8288967895507813, -0.01105811633169651, 0.04053611308336258, 0.035437703132629395
19722.298498, -8.707540817856788, -0.5788464656844735, -1.8464100775122643, 0.008525438606739044, 0.03915153443813324, 0.06844571977853775
19722.308552000002, -8.863967285156251, -0.5144804619625211, -1.9017950503528118, 0.02133667841553688, 0.06452351063489914, 0.094620481133461
19722.318605, -9.112150599360467, -0.509540734179318, -1.7417776617407799, 0.006636561825871468, 0.05495557188987732, 0.10847450792789459
19722.328659000003, -9.403894500732422, -0.5137320549041033, -1.4958398245275022, -0.015398962423205376, 0.046795554459095, 0.10711844265460968
19722.338713, -9.661208242177963, -0.4739147821068764, -1.4058766110241414, -0.05146961286664009, 0.035991374403238297, 0.09630920737981796
19722.348767, -9.80565902709961, -0.39413069397211076, -1.2088864007592202, -0.11253215372562408, 0.00878408458083868, 0.07848047465085983
19722.358821, -9.929451599121094, -0.2854567192867398, -1.0960208129882814, -0.1743939220905304, -0.016233917325735092, 0.05643722787499428
19722.368874, -10.073750941157341, -0.21195955742150546, -1.1852354367077351, -0.2279357761144638, -0.018857773393392563, 0.027283061295747757
19722.378928000002, -10.279722620844842, -0.23830462608486416, -1.3488452084362508, -0.2628895044326782, -0.04345313087105751, -0.008608893491327763
19722.388982, -10.41593994140625, -0.3236273065209389, -1.5096107482910157, -0.2646956741809845, -0.06488785147666931, -0.047031424939632416
19722.399036000003, -10.460548349618913, -0.3487751212343574, -1.8516500598192216, -0.23488664627075195, -0.048595428466796875, -0.07404759526252747
19722.40909, -10.361005350351334, -0.33500372238457204, -2.0661538504064083, -0.20602349936962128, -0.0395614355802536, -0.0842626541852951
19722.419143000003, -10.21640429198742, -0.34757746528834105, -2.03007828399539, -0.19403260946273804, -0.06535654515028, -0.08512232452630997
19722.429197, -10.17883183836937, -0.34817622017115357, -1.9714004516601564, -0.18373684585094452, -0.09915143996477127, -0.07706578820943832
19722.439251, -10.180179621577263, -0.3330576593801379, -1.986369323730469, -0.1842614859342575, -0.14492826163768768, -0.06777188926935196
19722.449305000002, -10.180630441904068, -0.29698278732597827, -1.8928146041929723, -0.19425661861896515, -0.17079570889472961, -0.06294016540050507
19722.459359, -10.229727172851563, -0.2921926386281848, -1.7676741027832032, -0.21587428450584412, -0.1854846477508545, -0.07112140208482742
19722.469412000002, -10.315199432373047, -0.3451824092119932, -1.6513662591576577, -0.22460515797138214, -0.15470097959041595, -0.08779344707727432
19722.479466, -10.484796752929688, -0.534239300005138, -1.6244219970703127, -0.23754625022411346, -0.13544580340385437, -0.11396380513906479
19722.489520000003, -10.573562164306642, -0.6924603143334389, -1.5774197387695312, -0.22437743842601776, -0.12447827309370041, -0.1375255137681961
19722.499574, -10.583441035151482, -0.6939572015404701, -1.7961152520775796, -0.19456148147583008, -0.09335843473672867, -0.14130374789237976
19722.509628, -10.48419741332531, -0.6976993464678526, -1.7959652709960938, -0.16493861377239227, -0.09967492520809174, -0.1260656714439392
19722.519682000002, -10.48659360229969, -0.7903568107634783, -1.6657366687059403, -0.15158525109291077, -0.08657483011484146, -0.08404418081045151
19722.529735, -10.573262786865236, -0.9092095453664661, -1.5769711111485958, -0.17118346691131592, -0.08564592152833939, -0.04072973132133484
19722.539789000002, -10.546617609858513, -0.7222482601180673, -1.5263758850097657, -0.2048972100019455, -0.1183045357465744, 0.009996294975280762
19722.549843, -10.536738154292108, -0.4134404293075204, -1.4937438900768758, -0.23004338145256042, -0.1459842026233673, 0.04516146332025528
19722.559897000003, -10.73896878540516, -0.318238585665822, -1.569786052554846, -0.24795474112033844, -0.10787490010261536, 0.0532233826816082
19722.569951, -10.985804901123048, -0.2715355586260557, -1.5929873657226563, -0.2571074068546295, 0.017274783924221992, 0.021039988845586777
19722.580004, -11.156599146723748, -0.3427874262258411, -1.6163390985131265, -0.2755415439605713, 0.12737998366355896, -0.05451123043894768
19722.590058, -10.985354665517807, -0.29982672683894634, -1.6292120361328126, -0.3024064600467682, 0.26110225915908813, -0.13758912682533264
19722.600112, -10.614576289057732, -0.19145209304988386, -1.9600241088867187, -0.3128998279571533, 0.34169724583625793, -0.20679403841495514
19722.610166000002, -10.31430246949196, -0.26390154350548983, -2.3842425280809403, -0.2702452838420868, 0.31731948256492615, -0.2511366307735443
19722.62022, -9.974956970214844, -0.4421807367727161, -2.928809509277344, -0.17982697486877441, 0.24717792868614197, -0.2550804913043976
19722.630274000003, -9.455985590815544, -0.47571101021021606, -3.339106438905001, -0.059012655168771744, 0.15948918461799622, -0.1962413340806961
19722.640327, -8.86082323729992, -0.30431746155023576, -3.337459570616484, 0.037026528269052505, 0.12641513347625732, -0.089503712952137
19722.650381, -8.544381281733513, -0.19205088447779417, -3.0027555911242962, 0.07257489860057831, 0.09896725416183472, 0.027572456747293472
19722.660435, -8.554709218740463, -0.1450485896319151, -2.3869363403320314, 0.05425554886460304, 0.054044514894485474, 0.12327127903699875
19722.670489, -8.781637319326402, -0.06107314422726631, -1.9074835141003132, -0.017522111535072327, 0.04439261555671692, 0.1807536482810974
19722.680543000002, -9.186844101548195, 0.01332204032689333, -1.712887884825468, -0.11059719324111938, 0.0771644115447998, 0.19132772088050842
19722.690596, -9.561966374516487, 0.13172574531286957, -1.8655712570250036, -0.19468098878860474, 0.12495739758014679, 0.16246682405471802
19722.700650000002, -9.812095642089844, 0.32183049369603395, -2.312092418521643, -0.23355302214622498, 0.1713552623987198, 0.1062014102935791
19722.710704, -9.88679089844227, 0.5402263372018934, -2.8589053152501585, -0.21748287975788116, 0.19108645617961884, 0.044980935752391815
19722.720758, -9.689202371835709, 0.6219563787057996, -3.315006701052189, -0.1511475294828415, 0.20465312898159027, 0.008239435032010078
19722.730812, -9.317972590327264, 0.665964935682714, -3.5440300051867966, -0.06004570797085762, 0.23034986853599548, -0.00043673976324498653
19722.740866, -9.0004833984375, 0.6942560673505068, -3.43954786285758, 0.027419958263635635, 0.24608835577964783, 0.012993581593036652
19722.750919000002, -8.816516545414926, 0.5908211247995496, -3.0081451159715655, 0.08972790837287903, 0.2423136830329895, 0.042365141212940216
19722.760973, -8.772657165527344, 0.45146085273474457, -2.5331822204589844, 0.0977133959531784, 0.25011247396469116, 0.07039278000593185
19722.771027000003, -9.018595148921014, 0.1953434881567955, -1.9278407415747643, 0.05665378272533417, 0.21125571429729462, 0.07388503104448318
19722.781081, -9.315877532958984, -0.04326029609888792, -1.468297099918127, -0.0031051551923155785, 0.152665376663208, 0.06079213321208954
19722.791135, -9.402695821523666, -0.15956839554011823, -1.3892608706653118, -0.05486387386918068, 0.09520377963781357, 0.04981139302253723
19722.801189, -9.242230682373048, -0.10328558273613453, -1.4539266903698445, -0.09025834500789642, 0.04942616820335388, 0.05485009029507637
19722.811242, -9.020092036128045, 0.007484180219471455, -1.5425422668457032, -0.10956351459026337, -0.009804929606616497, 0.06662923097610474
19722.821296000002, -8.912316157221795, 0.10687749076634646, -1.6215780575573444, -0.11440940946340561, -0.04817255958914757, 0.08379729837179184
19722.83135, -8.965156275629997, 0.16076539367437365, -1.78099625274539, -0.09164631366729736, -0.06692831218242645, 0.08653607219457626
19722.841404000003, -9.111553013920785, 0.1164574958011508, -1.8992512191832067, -0.06109026446938515, -0.06872914731502533, 0.07013873010873795
19722.851458, -9.274863408207894, 0.06556329421699048, -1.9321822991967201, -0.015842925757169724, -0.07842802256345749, 0.034163590520620346
19722.861512, -9.318871892094613, -0.022902739718556404, -1.9517916677892209, 0.035481248050928116, -0.07079940289258957, -0.002103070728480816
19722.871565, -9.210345815420151, -0.08831663757562638, -1.9393672116100789, 0.08373167365789413, -0.06328146904706955, -0.031139329075813293
19722.881619, -9.0308707934618, -0.1844167597219348, -1.7658782766759396, 0.11990618705749512, -0.05239766463637352, -0.0507308728992939
19722.891673000002, -8.90992172241211, -0.35625948417931796, -1.554368114322424, 0.1393619328737259, -0.03229452669620514, -0.05509309098124504
19722.901727, -8.809181213378906, -0.5469628412649036, -1.3648620477318765, 0.1478491574525833, 0.00016700942069292068, -0.04424284026026726
19722.911781000003, -8.712481715083122, -0.7104228877276183, -1.240171197205782, 0.14484931528568268, 0.07343500852584839, -0.018238285556435585
19722.921835, -8.71233202636242, -0.815953508913517, -1.3388162103295327, 0.1536491960287094, 0.13989686965942383, 0.012234136462211609
19722.931889, -8.743467864990235, -0.7674543634057045, -1.3600717163085938, 0.1428414136171341, 0.15886442363262177, 0.037097763270139694
19722.941942, -8.914560903310775, -0.6951546747609973, -1.4673986752331258, 0.13338719308376312, 0.14315469563007355, 0.048417262732982635
19722.951996, -9.147028071284295, -0.6583312129229307, -1.7477657952904702, 0.1471157819032669, 0.13542069494724274, 0.04379582777619362
19722.962050000002, -9.344318389892578, -0.6963521845266223, -2.186204058229923, 0.19634057581424713, 0.12711535394191742, 0.03319351747632027
19722.972104, -9.294023564457893, -0.6068384391814471, -2.418521245121956, 0.23473875224590302, 0.09903189539909363, 0.03688444942235947
19722.982158000003, -9.189839630126954, -0.564626183398068, -2.6372163198888305, 0.3020949065685272, 0.07295794785022736, 0.046324554830789566
19722.992212, -9.220976053476335, -0.5948632318899035, -2.8936332446336746, 0.3797646760940552, -0.00039722584187984467, 0.060261450707912445
19723.002265000003, -9.299709981679916, -0.5745055658742786, -2.963088080137968, 0.46253064274787903, -0.03169868886470795, 0.07752326130867004
19723.012319, -9.418113175034524, -0.6276450617238879, -3.0380819830298424, 0.5296517014503479, -0.05353919416666031, 0.1040683165192604
19723.022373, -9.43038881957531, -0.6251004265621305, -2.676733995974064, 0.5369445085525513, -0.07958197593688965, 0.13927504420280457
19723.032427000002, -9.459728393554688, -0.6277948235347868, -2.3830445797741415, 0.5092220902442932, -0.10926955938339233, 0.17921757698059082
19723.042481, -9.56166582763195, -0.5951626458764077, -2.2845495477318765, 0.4786902666091919, -0.1282576322555542, 0.19908475875854492
19723.052535000003, -9.841433461904526, -0.49816428177058697, -2.564317182004452, 0.4695684313774109, -0.11694888025522232, 0.19832105934619904
19723.062589, -10.122249501943589, -0.36628848228603605, -2.8716281256079674, 0.4714944362640381, -0.156194806098938, 0.17342743277549744
19723.072642000003, -10.311755422353745, -0.29967707466334104, -3.0636789004504683, 0.4965323507785797, -0.2332131564617157, 0.14216922223567963
19723.082696, -10.441237335205079, -0.3403924066945911, -3.226390832215548, 0.5503998398780823, -0.30307480692863464, 0.11522894352674484
19723.09275, -10.513836364746094, -0.5510045098140836, -3.3073721377551557, 0.6518785953521729, -0.2992137372493744, 0.10258737951517105
19723.102804000002, -10.528205897212029, -0.747096587754786, -3.103197015076876, 0.7481518983840942, -0.13238908350467682, 0.10584869235754013
19723.112858, -10.563533020019532, -1.0238711054250598, -2.4420219357311725, 0.7532634139060974, 0.12093041837215424, 0.11029618233442307
19723.122912000003, -10.57446029663086, -1.165476671755314, -1.4959892208874226, 0.6613616943359375, 0.3088025748729706, 0.10744153708219528
19723.132966, -10.593470764160157, -1.030457445681095, -1.206341692507267, 0.48268982768058777, 0.48644840717315674, 0.08016910403966904
19723.143019000003, -10.947333730459214, -0.9690851067379117, -1.2853770446777344, 0.2963455319404602, 0.4790930151939392, 0.02477349154651165
19723.153073, -10.90931396484375, -0.6646182122826576, -1.9975962701439858, 0.17340822517871857, 0.4073929190635681, -0.016997985541820526
19723.163127, -10.41848523437977, -0.29368952583521607, -3.2950985397398473, 0.1566561460494995, 0.3397291898727417, -0.026201071217656136
19723.173181000002, -9.818533426523208, -0.15747282654047012, -4.2415800283849245, 0.23736006021499634, 0.19768671691417694, 0.0028969058766961098
19723.183235, -9.081315307617189, 0.02799153495579958, -4.617597948610783, 0.34433045983314514, 0.061492666602134705, 0.07074306905269623
19723.19328904167, -8.474177856445312, 0.1471437566354871, -4.790937048643828, 0.498561829328537, -0.043374449014663696, 0.1699860394001007
19723.203343041667, -8.154143956303598, 0.07678991172462703, -4.615652141422034, 0.6434657573699951, -0.06507015973329544, 0.2712878882884979
19723.21339604167, -8.452322718501092, -0.36359415840357545, -4.0231837463378906, 0.7381680011749268, -0.032835349440574646, 0.33069294691085815
19723.223450041667, -9.04883285522461, -0.8376583368703724, -3.2045362789928915, 0.7605151534080505, 0.02002733200788498, 0.3371540307998657
19723.23350404167, -9.575438359379769, -1.0924286125972869, -2.4694154101610186, 0.7232850193977356, 0.060320597141981125, 0.3154464662075043
19723.243558041668, -9.780062255859375, -1.0847944878414273, -1.9181111209094526, 0.6218273639678955, 0.08363310247659683, 0.2863360047340393
19723.253612041666, -9.816735407710075, -1.0425822137854994, -1.4350657653808594, 0.4848349392414093, 0.07606102526187897, 0.26175907254219055
19723.26366604167, -9.690398712158204, -0.8870556329749525, -1.295556316226721, 0.35065290331840515, 0.08120332658290863, 0.24595801532268524
19723.273720041667, -9.54055971801281, -0.6902149652503431, -1.5952329888939858, 0.2645328938961029, 0.11469142884016037, 0.2356032431125641
19723.28377404167, -9.453740844726562, -0.5068463006615639, -2.049987468570471, 0.21966738998889923, 0.13417617976665497, 0.21946555376052856
19723.293827041667, -9.341773681640625, -0.37452145328745245, -2.244133739322424, 0.1860131025314331, 0.11324451863765717, 0.201070174574852
19723.30388104167, -9.181457646489143, -0.3637439202144742, -2.4397766049206258, 0.1739572286605835, 0.11081892251968384, 0.19086626172065735
19723.313935041668, -9.144335428476333, -0.4215237298607826, -2.809208806157112, 0.2010786533355713, 0.16748502850532532, 0.17172332108020782
19723.323989041666, -9.223968658447266, -0.5483101128414274, -3.181932989805937, 0.26745954155921936, 0.21416383981704712, 0.14394734799861908
19723.33404304167, -9.243576711416244, -0.6303394404239953, -3.37997102111578, 0.3613860309123993, 0.23685361444950104, 0.11953896284103394
19723.344097041667, -9.08879915893078, -0.5830378960445524, -3.409010925292969, 0.43512284755706787, 0.2634700536727905, 0.11077529937028885
19723.35415104167, -8.872948608398438, -0.5602851191349327, -3.197800432741642, 0.46957212686538696, 0.2583988904953003, 0.12152055650949478
19723.364205041667, -8.793165104985238, -0.6607263238169253, -2.800227482914925, 0.461945116519928, 0.22788436710834503, 0.13660576939582825
19723.37425904167, -8.870403900146485, -0.815953508913517, -2.5164170837402344, 0.4306878447532654, 0.2127869874238968, 0.1476677507162094
19723.384312041668, -8.950038299560548, -0.9187896600365639, -2.4360342407226563, 0.38645461201667786, 0.1924971640110016, 0.15234160423278809
19723.394366041666, -8.932973200678825, -0.9030723443627358, -2.3305036926269533, 0.334543377161026, 0.14916937053203583, 0.15601785480976105
19723.40442004167, -8.81411977171898, -0.8357124200463295, -2.3501129150390625, 0.288960725069046, 0.09497297555208206, 0.17236967384815216
19723.414474041667, -8.593030115962028, -0.7075788751244545, -2.455344378054142, 0.25436192750930786, 0.046439994126558304, 0.20359905064105988
19723.42452804167, -8.476273498535157, -0.5718111689016223, -2.5113279595971107, 0.23928867280483246, -0.007289547938853502, 0.24209104478359222
19723.434582041667, -8.544682413339615, -0.4903805596567691, -2.52315366089344, 0.22922466695308685, -0.02623112127184868, 0.2579454779624939
19723.44463604167, -8.872200164794922, -0.5270542962290347, -2.4857311883568767, 0.2260805368423462, -0.021435566246509552, 0.24311968684196472
19723.454690041668, -9.268725585937501, -0.6716535364743322, -2.4571406427025795, 0.23127762973308563, -0.015240328386425972, 0.19777128100395203
19723.464743041666, -9.539511312246324, -0.7502401787973941, -2.448009046018124, 0.23036256432533264, 0.0142262177541852, 0.13078851997852325
19723.47479704167, -9.672136688232422, -0.7478451638342813, -2.4429196295142175, 0.22456058859825134, 0.012122323736548424, 0.056512922048568726
19723.484851041667, -9.577383143305779, -0.7744897424150259, -2.4192688116431236, 0.22193045914173126, -0.003979147877544165, 0.005177829880267382
19723.49490504167, -9.296417999267579, -0.7671549585554749, -2.514021771848202, 0.2251744419336319, 0.002040308900177479, -0.016229216009378433
19723.504959041667, -8.957072499990463, -0.7839201135467738, -2.5123751959204674, 0.22268705070018768, 0.008038013242185116, -0.009209656156599522
19723.51501304167, -8.836725107431413, -0.8205938958004118, -2.4176228204369545, 0.21250289678573608, 0.0007971357554197311, 0.009049315005540848
19723.525067041668, -8.872798334956169, -0.8690929864905775, -2.2574555969238284, 0.189625546336174, -0.015837233513593674, 0.02398805133998394
19723.535121041667, -9.01440444946289, -0.9249269067216666, -2.1398005548119547, 0.15770410001277924, -0.026967830955982208, 0.029599886387586594
19723.54517504167, -9.20540725708008, -1.0232723596785218, -2.142045300900936, 0.12956194579601288, -0.034228671342134476, 0.023299381136894226
19723.555229041667, -9.329947687983513, -1.0810522150062025, -2.1938375982642175, 0.11444566398859024, -0.03883329778909683, 0.018069608137011528
19723.56528204167, -9.308991851806642, -1.093476342279464, -2.340084063112736, 0.11610667407512665, -0.029231537133455276, 0.031825900077819824
19723.575336041667, -9.195527801513672, -0.9916880670189858, -2.3854397454857827, 0.10631933063268661, -0.044133178889751434, 0.057544901967048645
19723.58539004167, -9.252110137939454, -0.8770265160966665, -2.2784123101830485, 0.09339181333780289, -0.09268926084041595, 0.08056101202964783
19723.595444041668, -9.563013610839844, -0.9271722375322133, -2.225272814333439, 0.07947809994220734, -0.1282908320426941, 0.084093376994133
19723.605498041667, -9.963880004882814, -1.0990149163082243, -2.214345537722111, 0.07957103848457336, -0.1806485801935196, 0.06286159157752991
19723.61555204167, -10.217452697753906, -1.1746076471731068, -2.1972810235619544, 0.09672056883573532, -0.2117057591676712, 0.026350881904363632
19723.625606041667, -10.25637176513672, -1.082249715635553, -2.2011726379394534, 0.10751276463270187, -0.16132888197898865, -0.00829098466783762
19723.63566004167, -10.240504176020623, -1.0147401025984437, -2.124532451480627, 0.10485207289457321, -0.12733864784240723, -0.03481425344944
19723.645714041668, -10.150391566157342, -0.9518708124943078, -1.8853292910754682, 0.08143968880176544, -0.1443333476781845, -0.05064248666167259
19723.65576704167, -10.16476168334484, -0.9039704766869545, -1.7744099490344525, 0.05740007013082504, -0.16528910398483276, -0.06908001750707626
19723.665821041668, -10.19963915526867, -0.8207435205671937, -1.7732122930884362, 0.023718804121017456, -0.14302293956279755, -0.08905213326215744
19723.675875041667, -10.25472460448742, -0.8303235895559192, -1.7812959225475788, -0.021008139476180077, -0.13760074973106384, -0.11560218781232834
19723.68592904167, -10.31864227294922, -0.9455839775875211, -1.760639025270939, -0.05323958024382591, -0.15064625442028046, -0.1425163447856903
19723.695983041667, -10.237660090327264, -0.9645944085717202, -1.950294049680233, -0.06670720875263214, -0.12411929666996002, -0.16022054851055145
19723.70603704167, -10.155632425546647, -0.8943904533796013, -2.140249620974064, -0.058242082595825195, -0.10431070625782013, -0.16555646061897278
19723.716091041668, -10.016270472407342, -0.8900493891164661, -2.072590026855469, -0.06134985759854317, -0.0996173694729805, -0.15434995293617249
19723.726145041666, -9.94651611328125, -0.9500745661184192, -1.9118241946399213, -0.08177470415830612, -0.12514403462409973, -0.1390381157398224
19723.73619904167, -10.007887904047967, -1.0018668452091515, -1.8663188235461712, -0.08828174322843552, -0.17488500475883484, -0.11337527632713318
19723.746253041667, -9.972711054682732, -0.8731346002221108, -1.9088304202258588, -0.09951841831207275, -0.17141836881637573, -0.07732486724853516
19723.75630704167, -9.925560861825943, -0.7379657585173846, -1.82350814178586, -0.13865536451339722, -0.14070440828800201, -0.04146450385451317
19723.766360041667, -10.06836214721203, -0.7279365594126285, -1.6224764822423459, -0.19976931810379028, -0.10656855255365372, -0.014032612554728985
19723.77641404167, -10.212214177250862, -0.6756952141597867, -1.664539012759924, -0.2449338138103485, -0.05624539032578468, 0.004919328726828098
19723.786468041668, -10.335405655503273, -0.5192703913897276, -1.9175122198462486, -0.2648097574710846, -0.0670812577009201, 0.017804233357310295
19723.796522041666, -10.491981811523438, -0.4014654778316617, -2.1541706719994544, -0.2385992854833603, -0.0892477035522461, 0.015732450410723686
19723.80657604167, -10.639125239253044, -0.29398895809426906, -2.3912774594128132, -0.18672597408294678, -0.05228595435619354, 0.0019753589294850826
19723.816630041667, -10.735375086665154, -0.27976851135492325, -2.417023480832577, -0.13473275303840637, 0.047809287905693054, -0.020875006914138794
19723.82668404167, -10.71651430785656, -0.24159786930307747, -2.218386987000704, -0.11686693131923676, 0.18553759157657623, -0.05515734478831291
19723.836738041668, -10.660680415034294, -0.08607127021998168, -2.0875590451061727, -0.12073703855276108, 0.29201486706733704, -0.09253482520580292
19723.846792041666, -10.552008157968523, 0.14893992992118002, -2.0230432064831256, -0.1435249149799347, 0.3188459277153015, -0.13632650673389435
19723.856846041668, -10.356812896728517, 0.35042100280523303, -2.127077013552189, -0.15301170945167542, 0.3011001646518707, -0.1732289046049118
19723.866900041667, -10.178083394765855, 0.3968245610408485, -2.3561006100475788, -0.14382566511631012, 0.24944551289081573, -0.19709908962249756
19723.87695404167, -10.02959276854992, 0.36015078792348504, -2.4821380743384363, -0.12750504910945892, 0.20994284749031067, -0.21495375037193298
19723.887008041667, -10.077193197011947, 0.16495667785406112, -2.521356519162655, -0.10300236940383911, 0.1667623519897461, -0.23449043929576874
19723.89706104167, -10.03917284667492, -0.005688463747501374, -2.460882422178984, -0.08765322715044022, 0.13070589303970337, -0.25060465931892395
19723.907115041668, -9.914931793212892, -0.11840403389185668, -2.327809734195471, -0.09138458222150803, 0.10447376221418381, -0.24817825853824615
19723.917169041666, -9.655071589350701, -0.07155150085687638, -2.143093414306641, -0.11108159273862839, 0.05793990567326546, -0.2296312153339386
19723.92722304167, -9.474547576904298, 0.08128064643591643, -1.9952011044323446, -0.14081765711307526, 0.011607293039560318, -0.21168950200080872
19723.937277041667, -9.34551531493664, 0.19100255180150272, -2.0736377017199996, -0.16482438147068024, -0.03184957057237625, -0.20285117626190186
19723.94733104167, -9.227111536860466, 0.33994279235601427, -2.198029320985079, -0.16937066614627838, -0.053476035594940186, -0.20146207511425018
19723.957385041667, -9.110054957270624, 0.5075941595435143, -2.3987618954479695, -0.13846157491207123, -0.0389382541179657, -0.2062196582555771
19723.96743904167, -9.021739196777345, 0.5773491033911705, -2.5379721133410933, -0.0856044813990593, 0.013832015916705132, -0.21543686091899872
19723.977493041668, -8.968450012207033, 0.45116154838353395, -2.456541887819767, -0.029878325760364532, 0.07860762625932693, -0.22761116921901703
19723.987547041666, -8.900490748286249, 0.3076100652292371, -2.2097050411999226, 0.009732467122375965, 0.15241259336471558, -0.22966021299362183
19723.99760104167, -8.70679412841797, 0.2674935246258974, -1.8735040283203126, 0.005226691719144583, 0.24201013147830963, -0.2110564112663269
19724.007655041667, -8.452772369384766, 0.31314858444035054, -1.5563136291503907, -0.05344727262854576, 0.2726692259311676, -0.16857047379016876
19724.01770904167, -8.22300018310547, 0.38440030585974455, -1.2814848455786705, -0.1398836076259613, 0.2313050925731659, -0.1088503897190094
19724.027763041668, -8.101602045893669, 0.4349951300024987, -1.2922627258300783, -0.2314918339252472, 0.18383930623531342, -0.033779606223106384
19724.03781604167, -8.097260488271713, 0.4638850896432996, -1.5462844848632813, -0.2973344326019287, 0.13520720601081848, 0.040680576115846634
19724.047870041668, -8.235273488759995, 0.5122345098853112, -1.8004559326171876, -0.32898610830307007, 0.09177105873823166, 0.10520683974027634
19724.057924041666, -8.486152369379997, 0.42840893592685464, -2.1234838995337486, -0.3118717670440674, 0.049485184252262115, 0.14970728754997253
19724.06797804167, -8.730144399404526, 0.3790115484595299, -2.373164978027344, -0.2672744691371918, 0.03465829789638519, 0.17700016498565674
19724.078032041667, -8.877738062739372, 0.49112847335636617, -2.484982452392578, -0.2144196778535843, 0.041396863758563995, 0.18941377103328705
19724.08808604167, -8.972041956782341, 0.6804846685007215, -2.369123090207577, -0.1893255114555359, 0.05151048302650452, 0.1877133548259735
19724.098140041668, -9.18100799560547, 0.7247924567386508, -2.1514762750267984, -0.1918426752090454, 0.0754978209733963, 0.16096541285514832
19724.108194041666, -9.489515864253045, 0.6027962955459952, -2.118843549191952, -0.19996558129787445, 0.06382998079061508, 0.11617930233478546
19724.11824804167, -9.643695831298828, 0.4947208930179477, -2.1869522094726563, -0.1905440241098404, 0.042402952909469604, 0.06831545382738113
19724.128302041667, -9.622290344238282, 0.4203255988284946, -2.3839425659179687, -0.16151636838912964, 0.04796922206878662, 0.025170648470520973
19724.13835604167, -9.551936645507814, 0.30326909232884647, -2.5379722595214846, -0.11353190988302231, 0.04308290034532547, -0.010313956066966057
19724.148410041667, -9.442214228510856, 0.19175095885992052, -2.4962091064453125, -0.05458363890647888, 0.03719918057322502, -0.030594460666179657
19724.15846404167, -9.29237581908703, 0.10373402763158084, -2.321971435546875, -0.0072509716264903545, 0.035876549780368805, -0.032898321747779846
19724.168518041668, -9.096881765127183, 0.033080914914608, -2.0103192266821863, 0.017120415344834328, 0.038588181138038635, -0.020064016804099083
19724.178572041666, -8.940906702876092, -0.0094306817650795, -1.6604966863989832, 0.010864836163818836, 0.052388887852430344, 0.008431196212768555
19724.18862604167, -8.911419779062271, -0.017214531786739828, -1.3955485278367996, -0.025019660592079163, 0.05200938507914543, 0.035569604486227036
19724.198679125002, -9.016649195551873, -0.008083483278751373, -1.2346328607201578, -0.07512787729501724, 0.02086382359266281, 0.04899003729224205
19724.208733125, -9.169480794668198, 0.059426129758358, -1.3406121826171875, -0.11008506268262863, -0.015821754932403564, 0.04989364743232727
19724.218787125003, -9.349109013676644, 0.10942216247320176, -1.670825792849064, -0.10580116510391235, -0.06954382359981537, 0.03467227518558502
19724.228841125, -9.433083216547967, 0.12274445861577989, -2.0332216009497643, -0.06396316736936569, -0.0913495197892189, 0.016518037766218185
19724.238895125, -9.442214228510856, 0.11765511520206928, -2.467768249511719, 0.02120714820921421, -0.0796944722533226, 0.004912809934467077
19724.248949125, -9.40329574584961, 0.07708939880132676, -2.674787750244141, 0.11907858401536942, -0.11180873215198517, 0.0068622431717813015
19724.259003125, -9.281598231196403, 0.09415398605167866, -2.5568330383300784, 0.20701023936271667, -0.15652601420879364, 0.022602790966629982
19724.269057125002, -9.164841613769532, 0.17528519958257677, -2.3150857543945316, 0.2666991353034973, -0.1849275678396225, 0.05055692791938782
19724.279111125, -9.184151458740235, 0.19010438293218615, -1.9157162475585938, 0.2741781771183014, -0.20145288109779358, 0.07312384992837906
19724.289165125003, -9.39611068725586, 0.11256566215306521, -1.4307250848412514, 0.2421606034040451, -0.22626662254333496, 0.08241108804941177
19724.299219125, -9.6887533056736, -0.046104418337345125, -1.1301501336693764, 0.19594919681549072, -0.25925174355506897, 0.07209189981222153
19724.309273125, -9.901010157465935, -0.14474921219050885, -1.0569520568847657, 0.1470242589712143, -0.28071334958076477, 0.05263005197048187
19724.319327125002, -9.976305338144304, -0.15627538986504078, -1.1852354367077351, 0.11887381970882416, -0.3017784357070923, 0.03504810109734535
19724.329381125, -9.98049545288086, -0.054786364138126376, -1.3892611630260945, 0.11691585928201675, -0.3165661692619324, 0.017437949776649475
19724.339435125003, -9.991271871328355, 0.06960499931126833, -1.629661102294922, 0.140054851770401, -0.3181772530078888, -0.001410215743817389
19724.349489125, -10.006989771723747, 0.14055745292454958, -1.7548010189831258, 0.17991091310977936, -0.3020259737968445, -0.02520848996937275
19724.359543125, -10.084229736328126, 0.1546281561255455, -1.846859289854765, 0.23466312885284424, -0.2809436619281769, -0.05785457417368889
19724.369597125, -10.179581451416016, 0.15567601371556522, -1.8995498657226564, 0.2916816473007202, -0.23842470347881317, -0.09056005626916885
19724.379651125, -10.249635772705078, 0.16600453544408084, -1.7537533441185953, 0.3197226822376251, -0.20192645490169525, -0.12832869589328766
19724.389705125002, -10.27867479979992, 0.0910104863718152, -1.461710065305233, 0.3174896240234375, -0.16373565793037415, -0.15675954520702362
19724.399759125, -10.204278920888902, 0.04415795333683491, -1.3376179696619512, 0.2957960367202759, -0.11807478964328766, -0.17501311004161835
19724.409812125003, -10.080488687753677, 0.06182111274451018, -1.2898679986596109, 0.2641201317310333, -0.104021817445755, -0.17835991084575653
19724.419866125, -9.985435180664062, 0.03457780212163925, -1.3763877868652346, 0.2534872591495514, -0.10006377100944519, -0.15607213973999023
19724.429920125, -9.897268524169922, 0.039068463742733005, -1.6524140802025795, 0.2693522274494171, -0.09751991927623749, -0.1270146518945694
19724.439974125, -9.886490936279298, 0.008082935102283955, -1.810335534363985, 0.3137432038784027, -0.09887930005788803, -0.08910345286130905
19724.450028125, -9.927655334472657, 0.04086476493626833, -1.8610800106823446, 0.35664352774620056, -0.04581768065690994, -0.04215032234787941
19724.460082125002, -10.050848566889764, -0.01212504219263792, -1.5147000186145307, 0.3505944609642029, -0.005240269470959902, 0.0030558027792721987
19724.470136125, -10.207572657465935, -0.11301531303673983, -0.9002279663085938, 0.30694204568862915, 0.022718926891684532, 0.05473470687866211
19724.480190125003, -10.442134882807732, -0.16795100044459105, -0.5287002691626549, 0.24152939021587372, 0.018084151670336723, 0.09802690893411636
19724.490244125, -10.493478114008903, -0.025597100146114826, -0.4086502075195313, 0.1392461657524109, 0.14300638437271118, 0.15309442579746246
19724.500298125, -10.860963923335076, -0.18636271309107544, -0.23501099914312365, -0.04041966423392296, 0.2805141806602478, 0.16089361906051636
19724.510352125002, -11.30164693236351, -0.31629248611629013, -0.11256562560796739, -0.2646477222442627, 0.3282313644886017, 0.11559085547924042
19724.520406125, -11.501034647226334, -0.12573889084160328, -0.8304737533628941, -0.43114176392555237, 0.2840730845928192, 0.03810546547174454
19724.530460125003, -11.284882380366327, 0.20537263244390488, -2.0875590451061727, -0.5048884153366089, 0.20501208305358887, -0.03449949622154236
19724.540514125, -10.724747187495232, 0.2724332158640027, -3.374432830810547, -0.4727875590324402, 0.1476474553346634, -0.06280522793531418
19724.550568125, -9.949808680415154, 0.14459901183843613, -4.280947723388672, -0.3756420910358429, 0.0536344051361084, -0.023373931646347046
19724.560622125002, -9.071135305166244, 0.1341208379343152, -4.554279181212187, -0.2471386045217514, -0.07375670969486237, 0.08257681876420975
19724.570676125, -8.272546564936638, 0.2668947697430849, -4.535718072205782, -0.10794875770807266, -0.1801111251115799, 0.227691650390625
19724.580730125002, -7.904462585449219, 0.3388949713110924, -4.353247375488282, 0.028089705854654312, -0.22444680333137512, 0.36647310853004456
19724.590784125, -8.180338312983514, 0.19549317687749865, -3.8335281372070313, 0.1295050084590912, -0.2098524123430252, 0.4435250163078308
19724.600838125, -8.97907732665539, -0.11451218197122216, -3.2480956967175008, 0.20584237575531006, -0.176224485039711, 0.4387126564979553
19724.610892125, -9.742340698242188, -0.41748209785670043, -2.591561260074377, 0.22238460183143616, -0.11618458479642868, 0.3736591041088104
19724.620946125, -10.181377131342888, -0.5179232477210463, -2.1854554684460163, 0.19002844393253326, 0.006377318874001503, 0.29330164194107056
19724.631000125002, -10.254125264883042, -0.47151972603052855, -1.90793228790164, 0.10361871868371964, 0.06782469898462296, 0.22750318050384521
19724.641054125, -10.134374288320542, -0.35865444889292125, -1.5229328982532024, -0.021492378786206245, 0.07963379472494125, 0.1831441968679428
19724.651108125003, -9.909991480708122, -0.15043742012232542, -1.5163467407226563, -0.16489934921264648, 0.09034396708011627, 0.15523187816143036
19724.661162125, -9.737101008296014, 0.08637015430256725, -1.8440154965221882, -0.2786538004875183, 0.08707642555236816, 0.13548776507377625
19724.671216125, -9.608668085932733, 0.22692775340750815, -2.3010150146484376, -0.33045494556427, 0.08127659559249878, 0.10256097465753555
19724.681270125002, -9.501789754629135, 0.3194354467559606, -2.880609448850155, -0.31150272488594055, 0.1042904257774353, 0.05428539589047432
19724.691324125, -9.37650029540062, 0.4221218634769321, -3.3609609921276573, -0.24120911955833435, 0.14255072176456451, -0.0029579196125268936
19724.701378125003, -9.20406005859375, 0.484093057801947, -3.523672485351563, -0.15564458072185516, 0.20032991468906403, -0.06455571204423904
19724.711432125, -9.071435852050781, 0.3956269690487534, -3.4555644097924234, -0.07549621164798737, 0.22800175845623016, -0.11944052577018738
19724.721486125, -8.929230397939682, 0.17318953008390964, -3.155138854980469, -0.012243296951055527, 0.2521490454673767, -0.15488964319229126
19724.731540125, -8.765920588374138, -0.01990885566920042, -2.812800750732422, 0.0099685313180089, 0.2530902028083801, -0.1712217479944229
19724.741594125, -8.64407338500023, -0.1884583551809192, -2.418670056760311, 0.003365076147019863, 0.21260316669940948, -0.16533903777599335
19724.751648125002, -8.55530855834484, -0.25207609802484515, -2.1814135806262493, -0.02990233153104782, 0.1456739455461502, -0.14207471907138824
19724.761702125, -8.433161977529526, -0.2525251459144056, -2.0143608221411706, -0.06963718682527542, 0.10351743549108505, -0.10742072761058807
19724.771756125003, -8.36535415649414, -0.3070118402503431, -1.8926643307507038, -0.12073925137519836, 0.053885433822870255, -0.06831274181604385
19724.781810125, -8.375234781503679, -0.45984404236078263, -1.7600401242077353, -0.15973225235939026, 0.011902118101716042, -0.032244905829429626
19724.791864125, -8.484356689453126, -0.555944164507091, -1.8383274713158608, -0.18402959406375885, 0.0011520013213157654, -0.004601558204740286
19724.801918125002, -8.542884979248047, -0.5583391657657921, -1.945205217897892, -0.1941622644662857, -0.0013131690211594105, 0.018500901758670807
19724.811972125, -8.60096420288086, -0.4495155023597181, -1.9999912896752359, -0.20795556902885437, -0.004002694971859455, 0.03121509775519371
19724.822026125003, -8.712330856919289, -0.3745214167423547, -2.0294795291125776, -0.2185920923948288, -0.023919828236103058, 0.02638152614235878
19724.832080125, -8.897198181152344, -0.34323649238795045, -2.151027208864689, -0.2194642722606659, -0.05431634932756424, 0.014185578562319279
19724.842134125, -9.001830012202264, -0.29548582702875137, -2.304607690125704, -0.21078327298164368, -0.07659859210252762, 0.004713862203061581
19724.852188125, -9.012608184814454, -0.2278265435434878, -2.343227233886719, -0.20030905306339264, -0.10968197137117386, -0.0001605211291462183
19724.862242125, -9.039252192378045, -0.19534407287836075, -2.292332922667265, -0.18104304373264313, -0.13067567348480225, -0.008499843999743462
19724.872296125002, -9.167086359858514, -0.2598598932288587, -2.2791606076061726, -0.16024695336818695, -0.13079391419887543, -0.026808544993400574
19724.882350125, -9.32695391356945, -0.3830536920949817, -2.1516255252063274, -0.1392967849969864, -0.12164761126041412, -0.052952203899621964
19724.892404125003, -9.49071337401867, -0.5508547205943615, -2.0333717282116415, -0.12556126713752747, -0.10157536715269089, -0.0846981480717659
19724.902458125, -9.638606414794923, -0.6575828241370618, -1.9516418328881264, -0.11026124656200409, -0.09662148356437683, -0.1157969981431961
19724.912512125, -9.685309295654298, -0.7518867912702263, -1.9703527767956257, -0.07507742941379547, -0.05335443839430809, -0.1327565312385559
19724.922566125002, -9.561365865468979, -0.7625146173499525, -1.9592756652832033, -0.05932586267590523, 0.002443445846438408, -0.13082002103328705
19724.932620125, -9.523346099853516, -0.7801779229380191, -1.769021593630314, -0.04628436267375946, 0.02616395615041256, -0.12704552710056305
19724.942674125003, -9.610764312744141, -0.7818244988657534, -1.7480651727318766, -0.048446014523506165, 0.02658359706401825, -0.12132115662097931
19724.952728125, -9.70821108520031, -0.7596705133840442, -1.6435821533203125, -0.06650410592556, 0.0009362893179059029, -0.12231665104627609
19724.962782125, -9.795629298090935, -0.7872132197208703, -1.6414868035912515, -0.0878635048866272, -0.0432327501475811, -0.11968039721250534
19724.972836125, -9.776917623281479, -0.8514297539927066, -1.723366095274687, -0.11081249266862869, -0.08039956539869308, -0.10690814256668091
19724.982890125, -9.748028284907342, -0.8869059625267983, -1.8980528323352337, -0.10317745059728622, -0.10676424205303192, -0.08824869245290756
19724.992944125002, -9.75745867431164, -0.9521702082082629, -2.114352887570858, -0.07073508203029633, -0.12201404571533203, -0.06974585354328156
19725.002997125, -9.818232294917108, -1.031505266726017, -2.211501159667969, -0.03168091922998428, -0.1265891045331955, -0.051533982157707214
19725.013052125003, -9.864935760498048, -1.0364449579641224, -2.205663299560547, 0.012402386404573917, -0.10095617920160294, -0.04260493442416191
19725.023106125, -9.950706812739373, -1.0472225275821985, -2.2046156246960162, 0.04265212267637253, -0.08371112495660782, -0.039253368973731995
19725.033160125, -10.070308685302734, -1.079255950357765, -2.047592156678438, 0.057248376309871674, -0.0762723833322525, -0.044487543404102325
19725.043214125002, -10.155630671381951, -1.0840459528751671, -1.8980528323352337, 0.03576952964067459, -0.06894265860319138, -0.04886586219072342
19725.053268125, -10.147398376464844, -0.9678875238820911, -1.746717828065157, -0.007968626916408539, -0.07899929583072662, -0.045707620680332184
19725.063322125003, -10.126141993403435, -0.8047268183156848, -1.8251545715332032, -0.04572426900267601, -0.10049111396074295, -0.032565873116254807
19725.073376125, -10.132579193115236, -0.6427636956050993, -2.0712428283691406, -0.06757257878780365, -0.14063693583011627, -0.01125951949506998
19725.083430125, -10.234815419912339, -0.49532023262232544, -2.2842494393885135, -0.06728392839431763, -0.20904991030693054, 0.011642949655652046
19725.093484125002, -10.394833247065545, -0.3995195244625211, -2.3920257568359378, -0.06350037455558777, -0.28858494758605957, 0.03524281829595566
19725.103538125, -10.621461970210076, -0.36658793281763796, -2.263892358094454, -0.07912435382604599, -0.3022761642932892, 0.04356465861201286
19725.113592125002, -10.808722559809686, -0.362097307741642, -2.0926481692492964, -0.12638401985168457, -0.28125157952308655, 0.03183130547404289
19725.123646125, -10.85063540160656, -0.16869949886575342, -2.013912048339844, -0.17352324724197388, -0.29863056540489197, 0.009247619658708572
19725.133700125, -10.77354571044445, 0.20836638858541848, -2.1627029290795328, -0.19734469056129456, -0.3452361524105072, -0.023513521999120712
19725.143754125, -10.802585906982422, 0.4071530462242663, -2.379751574099064, -0.19388462603092194, -0.3914361894130707, -0.06949909031391144
19725.153808125, -10.774444427490234, 0.4330491035431624, -2.485132141113281, -0.1694546490907669, -0.43605557084083557, -0.11517550051212311
19725.163862125002, -10.683582789301873, 0.3433855963870883, -2.463427568972111, -0.10234397649765015, -0.43650510907173157, -0.15680670738220215
19725.173916125, -10.757979252934456, 0.055234809033572675, -2.3297556875646115, -0.026753075420856476, -0.33951276540756226, -0.20426903665065765
19725.183970125003, -10.93086797118187, -0.49591898750513796, -1.8995500119030477, 0.019120465964078903, -0.20045135915279388, -0.26316705346107483
19725.194024125, -10.8462955981493, -0.9020245598629117, -1.3874650445580483, 0.0074632782489061356, -0.0034560170024633408, -0.3127005100250244
19725.20407804167, -10.6195166015625, -1.0446778741478921, -1.0600955200195312, -0.057584792375564575, 0.07223395258188248, -0.3587627708911896
19725.214132041667, -10.242749506831169, -0.8517290400713683, -1.0566528256237508, -0.13830013573169708, 0.12235517799854279, -0.3802371621131897
19725.22418604167, -9.955946502685547, -0.8562197382375598, -1.4010867181420328, -0.20887058973312378, 0.1000387892127037, -0.3781659007072449
19725.234240041667, -9.505233179926872, -0.6186637750267983, -1.82410660430789, -0.2448032796382904, 0.08388538658618927, -0.34692755341529846
19725.24429404167, -8.996741765141488, -0.34727812439203265, -2.413431536257267, -0.23302581906318665, 0.09495292603969574, -0.28624674677848816
19725.254348041668, -8.690927124023437, -0.21659983467310667, -2.834056549072266, -0.1777532398700714, 0.05524200201034546, -0.21482554078102112
19725.264402041666, -8.519834085702897, -0.15507780700922014, -2.9973672357201577, -0.08893667906522751, 0.02947824075818062, -0.13882900774478912
19725.27445604167, -8.419092407226563, -0.007035698778927326, -3.1094836489856243, 0.008263644762337208, 0.10241689532995224, -0.06575452536344528
19725.284510041667, -8.532406768798829, 0.07948445487767458, -2.866539147645235, 0.08452661335468292, 0.20263344049453735, -0.018396031111478806
19725.29456404167, -8.901239776611328, -0.0568819696828723, -2.341132030338049, 0.12213098257780075, 0.30612120032310486, -0.004380879458039999
19725.304618041668, -9.221422196030618, -0.12364317566156388, -1.8574873352050782, 0.11733721196651459, 0.38063845038414, -0.013246825896203518
19725.314672041666, -9.281598815917969, 0.03038659103214741, -1.4021343930065633, 0.06663195788860321, 0.4108421802520752, -0.02062298357486725
19725.32472604167, -9.019493281245232, 0.2670444219186902, -1.1027565130591392, -0.01031536515802145, 0.3969704806804657, -0.0031880871392786503
19725.334780041667, -8.660390040278434, 0.43319893844425683, -0.9990223757922649, -0.09503158926963806, 0.3711274564266205, 0.038250699639320374
19725.34483404167, -8.494236145019531, 0.5189705754071474, -1.1178755123913289, -0.1675160825252533, 0.3202829658985138, 0.08302244544029236
19725.354888041667, -8.545129140615463, 0.5683679263293744, -1.3653108215332033, -0.2033209502696991, 0.24584947526454926, 0.1183231920003891
19725.36494204167, -8.655301208496095, 0.5963594978302718, -1.7470173516869545, -0.19980022311210632, 0.19487904012203217, 0.13931743800640106
19725.374996041668, -8.836124598383904, 0.5903720220923424, -2.0808227603137492, -0.16170716285705566, 0.14483265578746796, 0.13448858261108398
19725.385050041667, -9.006770324707032, 0.5831868904083968, -2.2734727285802365, -0.09734390676021576, 0.1157212033867836, 0.1089981347322464
19725.39510404167, -9.063801142573357, 0.5990540044382214, -2.259701220095158, -0.04345324635505676, 0.09597573429346085, 0.07690703868865967
19725.405158041667, -9.127569122314453, 0.5740560611709953, -2.009721056520939, -0.01258570421487093, 0.08309384435415268, 0.03285999223589897
19725.41521204167, -9.201215388178825, 0.46912419486790896, -1.648671569824219, -0.01658071205019951, 0.07394801825284958, -0.016333119943737984
19725.425266041668, -9.249115778803827, 0.35895329643040896, -1.240021508485079, -0.05236421525478363, 0.046375077217817307, -0.06370414793491364
19725.435320041666, -9.267379556894303, 0.22917299285531045, -0.9430392327904702, -0.11611469835042953, 0.04567280411720276, -0.11324799805879593
19725.44537404167, -9.24791943848133, 0.06960492622107267, -0.9175922964513302, -0.17219576239585876, 0.039634596556425095, -0.15730437636375427
19725.455428041667, -9.125774027109147, -0.0013475273922085762, -1.0069561703503132, -0.21040946245193481, 0.023885458707809448, -0.1895771026611328
19725.46548204167, -8.948092346191407, 0.022003986127674582, -1.2545414605736733, -0.2279016226530075, 0.03148030489683151, -0.20810279250144958
19725.475536041668, -8.77385350584984, 0.057929242551326754, -1.5765216064453125, -0.2144041806459427, 0.01485605537891388, -0.21455056965351105
19725.485591041666, -8.671467590332032, 0.04775048263370991, -1.8125807189941407, -0.1695564240217209, -0.0076235695742070675, -0.21429036557674408
19725.49564504167, -8.622069727778435, 0.0014965948462486267, -2.0118165524303913, -0.1078382059931755, -0.009294703602790833, -0.20457994937896729
19725.505699041667, -8.640331751704217, -0.11825434517115355, -2.033521563112736, -0.04394151270389557, -0.003176889382302761, -0.18900711834430695
19725.51575304167, -8.715476074218751, -0.2451904168725014, -1.8904191461205484, 0.0064484234899282455, 0.009847300127148628, -0.1768852025270462
19725.525807041668, -8.808881251215935, -0.36943205505609517, -1.7417779541015626, 0.02901182696223259, 0.018555909395217896, -0.16278429329395294
19725.535861041666, -8.879684600830078, -0.43933676071465017, -1.503772888183594, 0.028079720214009285, -0.001475323922932148, -0.14332856237888336
19725.54591504167, -8.882678375244142, -0.457898088991642, -1.3245954895019532, 0.009141787886619568, -0.03802973031997681, -0.11570997536182404
19725.555969041667, -8.883575922846795, -0.44397696487605576, -1.2864248657226562, -0.022122656926512718, -0.06272948533296585, -0.08199595659971237
19725.56602304167, -8.95422899901867, -0.4269125238060951, -1.3558805783092975, -0.053605519235134125, -0.09136199951171875, -0.053678568452596664
19725.576077041667, -9.115443751215935, -0.3848498471081257, -1.4322216796875, -0.07414115220308304, -0.12565472722053528, -0.0431247279047966
19725.58613104167, -9.363627650141716, -0.4553533807396889, -1.7012121646106244, -0.07194908708333969, -0.12382496148347855, -0.04550612345337868
19725.596185041668, -9.62273941040039, -0.45490424148738384, -2.042353051453829, -0.050907984375953674, -0.11042207479476929, -0.060899727046489716
19725.606239041666, -9.821076380610467, -0.4851415092498064, -2.3712191708385943, -0.004443498328328133, -0.10838092118501663, -0.08438671380281448
19725.61629304167, -9.906998291015626, -0.491428362429142, -2.745590515136719, 0.06886666268110275, -0.06878823786973953, -0.10117288678884506
19725.626347041667, -10.052046661376954, -0.5565429559350014, -3.034040826112032, 0.13889241218566895, -0.03451075404882431, -0.14242519438266754
19725.63640104167, -10.05953109741211, -0.5572914726287127, -3.1111302249133588, 0.2290228307247162, -0.026901306584477425, -0.149097740650177
19725.646455041668, -9.749226379394532, -0.30850881882011894, -3.1753468322753906, 0.28831151127815247, -0.020951999351382256, -0.12919913232326508
19725.656509041666, -9.629025167226791, -0.2884503109753132, -3.036435845643282, 0.3392742872238159, -0.024740345776081085, -0.09111939370632172
19725.66656304167, -9.700876922607423, -0.37512029953300957, -2.848876024782658, 0.35948342084884644, -0.023307299241423607, -0.047007858753204346
19725.676617041667, -9.92376284301281, -0.49816428177058697, -2.6304801812767984, 0.35762640833854675, -0.009174969047307968, -0.007027953863143921
19725.68667104167, -10.186765925288201, -0.6020483270287514, -2.5225547598302365, 0.341886430978775, -0.01889938861131668, 0.027637366205453873
19725.696725041667, -10.391839472651482, -0.6331835809350014, -2.5023464901745323, 0.33779847621917725, -0.08715993911027908, 0.06452054530382156
19725.706780041666, -10.561586481928826, -0.6141731134057046, -2.4960595639050007, 0.334774374961853, -0.20530739426612854, 0.1068088710308075
19725.71683404167, -10.520722630620003, -0.5616324455291033, -2.4593859735131267, 0.32560110092163086, -0.27411866188049316, 0.1622963696718216
19725.726888041667, -10.397976710200311, -0.5074449824541808, -2.441872100830078, 0.32077932357788086, -0.2927568554878235, 0.2147824913263321
19725.73694204167, -10.50171040892601, -0.5421727656573058, -2.484234154969454, 0.3543125092983246, -0.28101658821105957, 0.23661960661411285
19725.746996041667, -10.88895688354969, -0.7750885612517596, -2.5300391958653927, 0.41772741079330444, -0.20624957978725433, 0.23098808526992798
19725.75705004167, -11.242819849848749, -1.09871550232172, -2.375559997558594, 0.4609329402446747, -0.044373590499162674, 0.19518721103668213
19725.767104041668, -11.496841608881951, -1.3991406916826965, -2.0734883053600788, 0.4463650584220886, 0.15615339577198029, 0.1407918930053711
19725.777158041667, -11.565548731684686, -1.4166543450951576, -1.72531234100461, 0.3548484444618225, 0.2427908182144165, 0.10009559988975525
19725.78721204167, -11.368558959960938, -1.1337427360564472, -1.4964384332299234, 0.22964322566986084, 0.23286747932434082, 0.08144842088222504
19725.797266041667, -10.935209528803826, -0.6861733880639077, -1.8411712646484375, 0.09775789082050323, 0.19326095283031464, 0.09131436794996262
19725.80732004167, -10.62834765136242, -0.3216812800616026, -2.3757093939185143, 0.029907578602433205, 0.013811824843287468, 0.10352947562932968
19725.817374041668, -10.455308074951173, -0.188458391726017, -2.9327014160156253, 0.0425618551671505, -0.17805135250091553, 0.11852679401636124
19725.827428041666, -10.294691492915154, -0.16031683914363384, -3.4305662472546103, 0.13221003115177155, -0.2838526666164398, 0.13360455632209778
19725.83748204167, -10.123297907710075, -0.2980305352807045, -3.542683099061251, 0.23993118107318878, -0.2532595992088318, 0.1422443836927414
19725.847536041667, -10.081535339355469, -0.6230047479271889, -3.0302984619140627, 0.29897168278694153, -0.1621515154838562, 0.1430654227733612
19725.85759004167, -10.124496002197267, -0.8963363519310952, -2.210453338623047, 0.2912653088569641, -0.05138852447271347, 0.12875865399837494
19725.867644041668, -10.311157252192498, -1.0852434443682433, -1.6952247619628906, 0.24301157891750336, 0.07768038660287857, 0.08880937844514847
19725.877699041666, -10.53134877562523, -1.1755057429522278, -1.4931446966528894, 0.1780584156513214, 0.16871201992034912, 0.03545081987977028
19725.88775304167, -10.561136831045152, -1.1683206843584777, -1.493893578797579, 0.10224000364542007, 0.23254621028900146, -0.017285875976085663
19725.897807041667, -10.326275228261949, -1.034498968049884, -1.6875903448462488, 0.032561060041189194, 0.257353812456131, -0.05842692404985428
19725.90786104167, -9.906997121572495, -0.8713382624834777, -1.9946020571887495, -0.013320861384272575, 0.28246623277664185, -0.08001236617565155
19725.917915041668, -9.46556508421898, -0.7364686520397663, -2.463876050412655, -0.021620336920022964, 0.30410709977149963, -0.07669833302497864
19725.927969041666, -9.043293203115464, -0.6134245967119932, -2.860701141357422, 0.009887054562568665, 0.30384212732315063, -0.06179153546690941
19725.93802304167, -8.737031250000001, -0.5378318658471107, -3.170706481933594, 0.0821567177772522, 0.2951146960258484, -0.04322158172726631
19725.948077041667, -8.57222396850586, -0.5399275810271502, -3.3581167602539064, 0.18334393203258514, 0.28197044134140015, -0.03489680960774422
19725.95813104167, -8.479715754389764, -0.6171668147295714, -3.2795301818847657, 0.29182326793670654, 0.27021870017051697, -0.03309917822480202
19725.968185041667, -8.366700185537338, -0.758023900911212, -2.9572502200305464, 0.37334516644477844, 0.2716643810272217, -0.030914047732949257
19725.97823904167, -8.224645589590073, -0.9318125056475401, -2.453547821044922, 0.40894392132759094, 0.27794623374938965, -0.02402152121067047
19725.988293041668, -8.077351888418198, -1.0539585017412902, -1.8657200686633588, 0.3991577625274658, 0.24489158391952515, -0.006305910646915436
19725.998347041666, -7.8875471752882005, -1.1264078425616026, -1.410067456662655, 0.36114302277565, 0.18733453750610352, 0.02327435277402401
19726.00840104167, -7.623795064687729, -1.0669814935326576, -1.0219246038794518, 0.28674179315567017, 0.11513911187648773, 0.07024772465229034
19726.018455041667, -7.337142333984375, -0.8629557672142983, -0.7548803646862507, 0.18684978783130646, 0.0315515398979187, 0.13636469841003418
19726.02851004167, -7.123536529541016, -0.6330338922142983, -0.6297403018176556, 0.08644142001867294, -0.02005394548177719, 0.2051597237586975
19726.038564041668, -7.100184504389763, -0.4912786737084389, -0.7291336123645306, -0.007085070013999939, -0.037835605442523956, 0.26251864433288574
19726.048618041666, -7.338938013911248, -0.427511205598712, -0.74964111328125, -0.07860776782035828, -0.06902775913476944, 0.2866798937320709
19726.05867204167, -7.825725148916245, -0.4315528010576964, -0.9479786682128907, -0.12301971018314362, -0.06317280232906342, 0.27804699540138245
19726.068726041667, -8.262368316650392, -0.555644750520587, -1.2067903201282024, -0.14896245300769806, -0.07109078764915466, 0.23738718032836914
19726.07878004167, -8.644672724604607, -0.5516032281517983, -1.515149523317814, -0.13423117995262146, -0.026310529559850693, 0.18068554997444153
19726.088834041668, -8.89749638915062, -0.42586459312587976, -2.0477414068579676, -0.09868840873241425, -0.010185685940086842, 0.11675822734832764
19726.098888041666, -8.88118148803711, -0.2911448906734586, -2.252665850222111, -0.05423305928707123, -0.04769444465637207, 0.06924237310886383
19726.10894204167, -8.762926813960076, -0.17633356880396606, -2.3930737240612507, -0.007816883735358715, -0.09613998234272003, 0.046007897704839706
19726.118996041667, -8.68359179198742, -0.169298235476017, -2.3803500366210937, 0.035668011754751205, -0.1359425187110901, 0.04342276602983475
19726.12905004167, -8.729246851801873, -0.25791388504207136, -2.1947360229492188, 0.06377402693033218, -0.17923273146152496, 0.05783047154545784
19726.139104041667, -8.896899388432503, -0.4878359062224627, -1.7862362350523473, 0.059385400265455246, -0.20286189019680023, 0.08339975029230118
19726.14915804167, -9.165140406489373, -0.6733001215383411, -1.3284875424206257, 0.024015571922063828, -0.2105015069246292, 0.10083971917629242
19726.15921304167, -9.4315869140625, -0.7831716425344348, -0.8752300961315632, -0.045264966785907745, -0.22936202585697174, 0.10854744166135788
19726.169267041667, -9.67917205810547, -0.8048765070363879, -0.6511460812389851, -0.12684091925621033, -0.22242841124534607, 0.10772370547056198
19726.17932104167, -9.872121403813363, -0.7041360710933805, -0.6565350213646889, -0.211356058716774, -0.20589764416217804, 0.0973469689488411
19726.189375041668, -10.042615687251091, -0.5810918695852161, -0.7943980407714845, -0.2864050567150116, -0.24415095150470734, 0.0868525356054306
19726.199428750002, -10.16476168334484, -0.49367365669459107, -1.0542578060925007, -0.33470043540000916, -0.27105259895324707, 0.07328639179468155
19726.20948275, -10.293644841313363, -0.47526201713830235, -1.477428258061409, -0.35145536065101624, -0.2865734100341797, 0.06013808399438858
19726.219536750003, -10.38360659301281, -0.4381391778588295, -1.7815954461693764, -0.3373001217842102, -0.2777114808559418, 0.0481695681810379
19726.22959075, -10.443782043457032, -0.4173324456810951, -2.0266357357800007, -0.31089338660240173, -0.21727998554706573, 0.03427960351109505
19726.23964475, -10.54452196776867, -0.4791538873314858, -2.2050643984973433, -0.2759183645248413, -0.1699095368385315, 0.010226729325950146
19726.24969875, -10.656489130854608, -0.49502089172601704, -2.290686346739531, -0.22697262465953827, -0.14077596366405487, -0.022385552525520325
19726.25975275, -10.614876251220704, -0.46238875061273577, -2.4020551934838297, -0.19167055189609528, -0.14500559866428375, -0.042896151542663574
19726.269806750002, -10.336754608154298, -0.3198850885033608, -2.222279186099768, -0.15726865828037262, -0.15234726667404175, -0.021987665444612503
19726.27986175, -10.121351954340936, -0.31464594673365354, -2.0863618277013303, -0.15883485972881317, -0.17390315234661102, 0.021248754113912582
19726.28991575, -10.013426971435548, -0.3113528314232826, -1.7064515621960163, -0.16711124777793884, -0.21229873597621918, 0.09436876326799393
19726.29996975, -10.180031687021255, -0.3739227897673845, -1.3698017755150795, -0.1937497854232788, -0.23855909705162048, 0.16965578496456146
19726.31002375, -10.29169771850109, -0.3582054010033608, -1.1472143554687502, -0.23120258748531342, -0.1948535293340683, 0.24641475081443787
19726.320077750002, -10.766959406733513, -0.5209170769527555, -1.2347821108996868, -0.2957208752632141, -0.08360850811004639, 0.28450462222099304
19726.33013175, -11.449989624023438, -0.6610256464406848, -1.02267333984375, -0.38335469365119934, -0.0766904428601265, 0.26294153928756714
19726.340185750003, -12.025990067124367, -0.5370834222435952, -1.1144325256347656, -0.45488160848617554, -0.14140525460243225, 0.20455998182296753
19726.35023975, -12.332702840566636, -0.3204837885685265, -1.5727790960669519, -0.46854671835899353, -0.15670129656791687, 0.13057948648929596
19726.36029375, -12.294682490229608, -0.27692440738901497, -2.1107606506347656, -0.4554378390312195, -0.09351620823144913, 0.06497730314731598
19726.370347750002, -11.933932673335075, -0.23635874580591917, -2.3707698123157024, -0.41837990283966064, -0.013669610023498535, 0.02513689175248146
19726.38040275, -11.485015615224839, -0.07095274597406388, -2.5710531744360927, -0.3957984149456024, 0.04964597895741463, -0.018043069168925285
19726.39045675, -11.071575953364373, 0.22887377986684443, -2.64949006408453, -0.3677874207496643, 0.08185577392578125, -0.06598392874002457
19726.40051075, -10.900931396484376, 0.4851407966203988, -2.862647240906954, -0.3084053099155426, 0.10599386692047119, -0.1370551735162735
19726.41056475, -11.08849136352539, 0.3486247381567955, -3.1365774536132816, -0.21996207535266876, 0.15014246106147766, -0.23572447896003723
19726.420618750002, -11.262278798818588, -0.11960152538493277, -3.141517035216093, -0.1281016618013382, 0.19619330763816833, -0.32889223098754883
19726.43067275, -10.967092641592027, -0.45116204174235464, -2.916684869080782, -0.06933561712503433, 0.2506197690963745, -0.389211505651474
19726.440726750003, -10.247389272451402, -0.41448835998773575, -2.617456970214844, -0.05361364781856537, 0.29463809728622437, -0.38441357016563416
19726.45078075, -9.491312713623048, -0.273481585085392, -2.2992188961803914, -0.08462806791067123, 0.3179859220981598, -0.3383252024650574
19726.46083475, -9.043893127441407, -0.18306963432580234, -2.0951933160424234, -0.1455068588256836, 0.30868297815322876, -0.27129238843917847
19726.470888750002, -8.898545379638673, -0.157323137819767, -2.1737797482311727, -0.19359980523586273, 0.29896217584609985, -0.21287694573402405
19726.48094375, -8.951984837651253, -0.16465792167931795, -2.500101159363985, -0.22176939249038696, 0.2714144289493561, -0.17832402884960175
19726.490997750003, -8.948991063237191, -0.08906511772423983, -2.781965166628361, -0.20351916551589966, 0.22775799036026, -0.14978857338428497
19726.50105175, -8.793913548588753, 0.0170641852542758, -3.017275981754065, -0.1561495065689087, 0.22859102487564087, -0.11591209471225739
19726.51110575, -8.522078247070313, 0.12019971381872893, -2.9886851437389854, -0.11110042035579681, 0.22093714773654938, -0.07083916664123535
19726.521159750002, -8.294252598881721, 0.22543084792792797, -2.796335283815861, -0.059475574642419815, 0.2133103758096695, -0.022612784057855606
19726.53121375, -8.267608006596566, 0.29877835761755706, -2.599943682253361, -0.020819982513785362, 0.20946499705314636, 0.008599720895290375
19726.541267750003, -8.461603419184685, 0.19429563056677582, -2.285596784055233, 0.004178312141448259, 0.19061169028282166, 0.016897864639759064
19726.55132175, -8.710536346435548, 0.01601640075445175, -1.9550846734642984, 0.01011037640273571, 0.1750337779521942, 0.001902950694784522
19726.56137575, -8.906628570556641, -0.1342711113765836, -1.7441729736328127, -0.005111186299473047, 0.1796032190322876, -0.02647862397134304
19726.57142975, -8.957371292710304, -0.19923594307154419, -1.5751739694178106, -0.02293199487030506, 0.1548917591571808, -0.05668099969625473
19726.58148475, -8.802743428945542, -0.15702376037836074, -1.4816189575195313, -0.060201335698366165, 0.11817527562379837, -0.0674913078546524
19726.591538750003, -8.531508051753045, 0.009879199750721455, -1.3677062796056272, -0.11710701882839203, 0.0691872090101242, -0.07165432721376419
19726.60159275, -8.402176997065544, 0.13277367599308493, -1.337618846744299, -0.17783001065254211, 0.021188795566558838, -0.06772296875715256
19726.61164675, -8.425230229496956, 0.16136418510228395, -1.4205465441942215, -0.23144294321537018, -0.04643670469522476, -0.07348320633172989
19726.62170075, -8.502169062495232, 0.17318955749273302, -1.576371771544218, -0.26112067699432373, -0.0908486470580101, -0.0826340988278389
19726.63175475, -8.487948049306869, 0.25102776534855364, -1.7971624884009363, -0.26653528213500977, -0.1272357702255249, -0.09789668768644333
19726.641808750002, -8.481362330317499, 0.23995069038122893, -2.036963965147734, -0.23533500730991364, -0.13651315867900848, -0.11347165703773499
19726.65186275, -8.554710388183594, 0.19010441947728396, -2.2595515313744547, -0.16352501511573792, -0.11183509230613708, -0.14429645240306854
19726.661916750003, -8.711134516596795, 0.07155098922550679, -2.378703753054142, -0.06624960154294968, -0.042272262275218964, -0.19185198843479156
19726.671971750002, -8.86052444458008, -0.11900286186486483, -2.3899304071068763, 0.03175639733672142, 0.007021134719252586, -0.23708511888980865
19726.68202575, -8.761580200195313, -0.206421038210392, -2.0728892581164837, 0.10105185210704803, 0.025854211300611496, -0.2584732174873352
19726.692079750002, -8.543184356689453, -0.151335588991642, -1.7220193353295328, 0.12717652320861816, 0.057309575378894806, -0.24853168427944183
19726.70213375, -8.40532046020031, -0.13951021660119295, -1.2858258184790612, 0.10714343935251236, 0.0692376121878624, -0.2193429172039032
19726.71218775, -8.415501047372818, -0.2935399102047086, -0.8508309808373452, 0.04215727373957634, 0.059324152767658234, -0.16999055445194244
19726.72224175, -8.555907897949218, -0.45655096359550956, -0.6198614309728145, -0.047277532517910004, 0.04326236620545387, -0.1166389063000679
19726.73229575, -8.797205531001092, -0.48080053634941583, -0.6755456350743771, -0.13439670205116272, 0.01775534823536873, -0.06717899441719055
19726.742349750002, -9.036109313964845, -0.42107466369867325, -1.0132429504394531, -0.2018015831708908, -0.027896292507648468, -0.02846914529800415
19726.75240475, -9.254356638193132, -0.309856017306447, -1.5519728024303914, -0.2200486958026886, -0.07147509604692459, 0.000570974312722683
19726.76245875, -9.431437225341798, -0.16555609054863454, -2.2397924740612507, -0.17453926801681519, -0.11875179409980774, 0.012721380218863487
19726.77251275, -9.547595672607422, 0.01272328544408083, -2.7828631527721885, -0.0787934884428978, -0.15737947821617126, 0.013369668275117874
19726.78256675, -9.624685363769531, 0.07020364455878735, -3.1268478329479694, 0.042342785745859146, -0.1803540289402008, 0.009312341921031475
19726.792620750002, -9.71120661377907, 0.024847962185740473, -3.180436687320471, 0.16824248433113098, -0.1993008255958557, 0.002515900181606412
19726.80267475, -9.814789454340936, -0.09804633133113384, -2.912942651063204, 0.2717507481575012, -0.20977264642715454, -0.0060389721766114235
19726.812728750003, -9.81673599243164, -0.24294501297175886, -2.4273522949218753, 0.32464224100112915, -0.2112405151128769, -0.0031324077863246202
19726.82278275, -9.718240229487419, -0.33799749679863456, -1.8794915771484375, 0.33390259742736816, -0.21600623428821564, 0.0113152414560318
19726.83283775, -9.67722727417946, -0.3635942680388689, -1.4440475271642208, 0.3050696551799774, -0.22180457413196564, 0.03121197782456875
19726.842891750002, -9.702073262929916, -0.37422202102839947, -1.1440710385143757, 0.2562640309333801, -0.23447535932064056, 0.044611141085624695
19726.85294575, -9.790540466308594, -0.38455054275691514, -0.983155956119299, 0.19278530776500702, -0.24101664125919342, 0.04549000784754753
19726.862999750003, -9.899362996816636, -0.38499953582882884, -0.9267227236926556, 0.11551982909440994, -0.2378871589899063, 0.03909016400575638
19726.87305375, -9.990823974609375, -0.403561010286212, -0.9726774533092976, 0.04467783868312836, -0.23830260336399078, 0.018035123124718666
19726.88310775, -10.068960902094842, -0.39413062088191514, -1.2445120239257814, -0.016455819830298424, -0.24668224155902863, -0.00651948805898428
19726.893161750002, -10.04606028199196, -0.24698675461113453, -1.614542833864689, -0.032149069011211395, -0.25902247428894043, -0.0233218465000391
19726.90321575, -10.059680786132812, -0.2871032586693764, -2.3040090814232825, 0.020364470779895782, -0.2500614523887634, -0.02861914038658142
19726.913270750003, -10.061326777338982, -0.21974333435297014, -2.8044183285534383, 0.12890750169754028, -0.2509393095970154, -0.02387477643787861
19726.92332475, -10.09545639038086, -0.27632567077875136, -3.022364813536406, 0.25403133034706116, -0.19528909027576447, -0.004155133385211229
19726.93337875, -10.180629857182502, -0.45625165924429895, -2.877167485356331, 0.3537158966064453, -0.1463228464126587, 0.027344245463609695
19726.943432750002, -10.281220677495003, -0.5614828298985959, -2.3399348129332065, 0.40952643752098083, -0.10126269608736038, 0.06035918369889259
19726.95348675, -10.42716601073742, -0.6128257687389851, -1.808689104616642, 0.4066908359527588, -0.059313610196113586, 0.10280231386423111
19726.963540750003, -10.581046600341798, -0.6367761833220721, -1.337618408203125, 0.3437073528766632, 0.05443292856216431, 0.13956326246261597
19726.97359475, -11.096124903559685, -0.9087604426592589, -0.9864483770728112, 0.21161913871765137, 0.1211901530623436, 0.1375676542520523
19726.98364875, -11.577074763178826, -0.9984239863604307, -0.6617736880481243, 0.015177179127931595, 0.18861259520053864, 0.09297781437635422
19726.993703750002, -11.7882861328125, -0.7893089897185565, -0.8704400570690632, -0.18738162517547607, 0.16631919145584106, 0.024776887148618698
19727.00375775, -11.599377797842026, -0.35625930145382884, -1.6239732232689859, -0.3166288137435913, 0.10198575258255005, -0.04398992657661438
19727.013811750003, -11.248807398676872, -0.04595458343625069, -2.8048673947155476, -0.3357045352458954, 0.05407611280679703, -0.09598532319068909
19727.02386575, -10.848390655517578, -0.06257010452449321, -3.8461022821068767, -0.26356056332588196, -0.0193839892745018, -0.10791148990392685
19727.03391975, -10.319988886713983, -0.3390453178435564, -4.173621349185705, -0.11688845604658127, -0.08634532988071442, -0.08029613643884659
19727.043973750002, -9.713601048588753, -0.44592313751578333, -4.42390089020133, 0.051814544945955276, -0.007137595675885677, -0.017997877672314644
19727.05402775, -9.569149094223977, -0.69380729354918, -4.238735650330782, 0.19757984578609467, 0.1259356290102005, 0.027494067326188087
19727.064082750003, -9.925709965825082, -1.1463164424151182, -3.574267857670784, 0.2755606770515442, 0.24171015620231628, 0.03563801199197769
19727.07413675, -10.377019704580308, -1.5058687495440246, -2.8460315005481243, 0.26904985308647156, 0.31201744079589844, 0.01223700400441885
19727.08419075, -10.660231348872186, -1.604962755739689, -2.276017290651798, 0.18480023741722107, 0.34213539958000183, -0.025087997317314148
19727.094244750002, -10.689120102524758, -1.583257671967149, -2.0478909493982793, 0.07682808488607407, 0.3558168113231659, -0.06423602998256683
19727.10429875, -10.513536987304688, -1.5132034968584778, -2.24503157928586, -0.021676644682884216, 0.3457660377025604, -0.08170237392187119
19727.114352750003, -10.12659164428711, -1.3825253167748452, -2.540966033935547, -0.09595014899969101, 0.3139830231666565, -0.07210472226142883
19727.12440675, -9.648635559082031, -1.2344831719994545, -2.916086260378361, -0.1303589940071106, 0.2809704840183258, -0.035658303648233414
19727.13446175, -9.194479395747186, -1.0883868344128131, -3.3757803216576576, -0.10949330031871796, 0.24411392211914062, 0.01871011033654213
19727.144515750002, -8.904232966303827, -0.892444445192814, -3.748654778748751, -0.03472265601158142, 0.22092150151729584, 0.06804011017084122
19727.15456975, -8.839866231679917, -0.7798784541338682, -3.955524298399687, 0.07182855159044266, 0.21442899107933044, 0.09310338646173477
19727.164623750003, -8.852290980219841, -0.7933504389971495, -3.8320309576392177, 0.18422886729240417, 0.19785426557064056, 0.09530741721391678
19727.17467775, -8.851094055175782, -0.8741824212670327, -3.437003008425236, 0.2831529378890991, 0.17999005317687988, 0.07672624289989471
19727.18473175, -8.786729074716568, -0.9565112176537515, -2.951712322086096, 0.3474304676055908, 0.18036982417106628, 0.05455808714032173
19727.19478575, -8.669522806406022, -1.0157880241423847, -2.2975724664330484, 0.34759631752967834, 0.15699593722820282, 0.02826264500617981
19727.204841416667, -8.56189603149891, -1.015189269259572, -1.7054038873314858, 0.3057282269001007, 0.09999523311853409, 0.012340670451521873
19727.21489541667, -8.334667384028435, -0.9505235957354308, -1.3343249639868737, 0.2294244021177292, 0.043771300464868546, 0.01043638214468956
19727.224949416668, -8.070317103266717, -0.8385564326494933, -1.1930192501842976, 0.15000174939632416, -0.021826885640621185, 0.03154086694121361
19727.235003416667, -7.736511840820313, -0.6900652948021889, -1.152453753054142, 0.07335473597049713, -0.07971260696649551, 0.07110956311225891
19727.24505741667, -7.478897552490235, -0.5674702325463296, -1.2111315853893758, 0.005755183286964893, -0.12345422804355621, 0.12479063123464584
19727.255111416667, -7.385791168212891, -0.4834948602318764, -1.342857805788517, -0.04667934402823448, -0.13860851526260376, 0.17211095988750458
19727.26516641667, -7.503896738290787, -0.5110376579314471, -1.5739773367345333, -0.06526660919189453, -0.16813285648822784, 0.19648952782154083
19727.275220416668, -7.724087092280389, -0.5096903498098254, -1.850901177674532, -0.04163200408220291, -0.15200600028038025, 0.19243371486663818
19727.285274416667, -7.985593287348748, -0.4830457575246692, -2.1981788635253907, -0.0016129470895975828, -0.0966239720582962, 0.16797123849391937
19727.29532841667, -8.158334655761719, -0.4763097650930286, -2.2341041564941406, 0.031962912529706955, -0.07220467180013657, 0.13025274872779846
19727.305382416667, -8.28751543700695, -0.45685030449181796, -2.146087188720703, 0.04918184503912926, -0.09041456878185272, 0.09767936170101166
19727.31543641667, -8.36984423339367, -0.3983219416067004, -2.0240910275280477, 0.04459453001618385, -0.12576279044151306, 0.07742481678724289
19727.325490416668, -8.386310577392578, -0.3616482050344348, -1.8383276174962522, 0.017575427889823914, -0.15804189443588257, 0.07087424397468567
19727.335545416667, -8.440946960449219, -0.4541558709740639, -1.665436706542969, -0.011382626369595528, -0.18396681547164917, 0.08065779507160187
19727.34559941667, -8.559498673081398, -0.6126761165633798, -1.5889454779028893, -0.035437628626823425, -0.1932375431060791, 0.0950324758887291
19727.355653416667, -8.768016815185547, -0.7488929620385171, -1.5570622189342977, -0.06065069139003754, -0.19621150195598602, 0.11017272621393204
19727.36570741667, -8.976384099125863, -0.755030236132443, -1.4983846789598465, -0.07796470075845718, -0.2165394127368927, 0.11387825012207031
19727.375761416668, -9.168734105229378, -0.7138658744841815, -1.4871575863659383, -0.09526616334915161, -0.21668973565101624, 0.10879852622747421
19727.385815416666, -9.357490412592888, -0.6929094170406461, -1.478026720583439, -0.11019158363342285, -0.20889678597450256, 0.09734374284744263
19727.39587041667, -9.51466356933117, -0.6848261164873839, -1.4732365353405477, -0.12872742116451263, -0.20010609924793243, 0.0760042816400528
19727.405924416667, -9.74174135863781, -0.6780901971459389, -1.5250285403430464, -0.14828647673130035, -0.2006283402442932, 0.0505061112344265
19727.41597841667, -9.951606699228288, -0.6842274712398648, -1.658252232670784, -0.16027972102165222, -0.19662663340568542, 0.02236938290297985
19727.426032416668, -10.070908024907112, -0.6671629936248065, -1.875599962770939, -0.15278533101081848, -0.19066780805587769, 4.703388549387455e-05
19727.436086416667, -10.070009892582894, -0.6475536981225014, -2.0604656790196896, -0.13773484528064728, -0.1819315105676651, -0.011275897733867168
19727.44614041667, -9.995464324951172, -0.570464006960392, -2.072739715576172, -0.1327933520078659, -0.1744738668203354, -0.009741917252540588
19727.456195416667, -10.101742731928827, -0.6256991448998451, -2.017654266357422, -0.13085779547691345, -0.1790245622396469, -0.01700461283326149
19727.46624941667, -10.191555964350702, -0.6420151789113879, -1.9410137875378133, -0.14775128662586212, -0.18099290132522583, -0.021559150889515877
19727.476303416668, -10.208769582509994, -0.626297826692462, -1.8281481997668745, -0.1885673552751541, -0.19672153890132904, -0.021644743159413338
19727.486357416667, -10.221194915771484, -0.5481603510305286, -1.7796494928002358, -0.22169308364391327, -0.2242002934217453, -0.010235227644443512
19727.49641141667, -10.222242152094841, -0.5104387934133411, -1.8311422665417196, -0.2414277195930481, -0.2479938417673111, 0.011355145834386349
19727.506465416667, -10.371182429194452, -0.5417237725853921, -1.9142193603515627, -0.23742657899856567, -0.24542094767093658, 0.03625543788075447
19727.51652041667, -10.721603139638901, -0.6837783319875599, -1.950144799500704, -0.20946867763996124, -0.20051105320453644, 0.034382134675979614
19727.526574416668, -11.05061894774437, -0.7731424982473255, -1.949845129698515, -0.18546214699745178, -0.10965544730424881, 0.019399190321564674
19727.536628416667, -11.231893157958986, -0.7632631523162127, -1.9065853817760945, -0.17142878472805023, -0.05686398223042488, -0.0034812064841389656
19727.54668241667, -11.367811101078988, -0.7165602714568376, -1.837279650270939, -0.15077437460422516, -0.03603486344218254, -0.020785361528396606
19727.556736416667, -11.401041412353516, -0.6574331536889076, -1.8380280938744546, -0.13238440454006195, 0.00808109063655138, -0.028311464935541153
19727.56679041667, -11.278744558095932, -0.6259984857961536, -1.7054037411510945, -0.1369250863790512, 0.09033042192459106, -0.013668874278664589
19727.57684541667, -11.136691131591798, -0.6213580989092589, -1.5115567016601563, -0.17528888583183289, 0.19126571714878082, 0.008370797149837017
19727.586899416667, -11.035203348398209, -0.5553454827144743, -1.4292281976342203, -0.24938495457172394, 0.2509932219982147, 0.020408816635608673
19727.59695341667, -11.022777430415154, -0.3486252497881651, -1.5858024533092976, -0.3213968276977539, 0.23029062151908875, 0.015525379218161106
19727.607007416667, -11.027566884756089, -0.1630112361162901, -2.067051836550236, -0.3480404317378998, 0.1559697836637497, -0.009379970841109753
19727.61706141667, -10.9724837744236, -0.16450815986841918, -2.7455909536778926, -0.30703768134117126, 0.10029719769954681, -0.03812149539589882
19727.62711641667, -10.762917226552965, -0.20432535957545042, -3.2950975164771084, -0.22571004927158356, 0.06633150577545166, -0.061694733798503876
19727.637170416667, -10.49572344481945, -0.31180193413048984, -3.5935772641003134, -0.1094185933470726, 0.028685539960861206, -0.07325533777475357
19727.64722441667, -10.1405126953125, -0.3647917412593961, -3.677702032774687, 0.013981105759739876, 0.04910852387547493, -0.06255289167165756
19727.657278416667, -9.66435287475586, -0.3495233821123839, -3.3150064086914064, 0.08584906905889511, 0.06127975881099701, -0.03187084570527077
19727.66733241667, -9.300609283447265, -0.36030104309320454, -2.6614654541015628, 0.0983763113617897, 0.13803765177726746, 0.002915098564699292
19727.677386416668, -9.338779322504998, -0.4855904657766223, -2.2126983770728113, 0.05567418411374092, 0.2277016043663025, 0.008578907698392868
19727.687441416667, -9.538763453364373, -0.6592293817922473, -1.89116715118289, -0.007863781414926052, 0.25211426615715027, -0.015375960618257523
19727.69749541667, -9.505534311532974, -0.7045852103456856, -1.9501450918614864, -0.06752985715866089, 0.25534990429878235, -0.0328393280506134
19727.707549416667, -9.01575281739235, -0.4722682792693377, -2.241738719791174, -0.0895930826663971, 0.24655427038669586, -0.008555026724934578
19727.71760341667, -8.36625345826149, -0.10627928406000138, -2.508783397525549, -0.08973673731088638, 0.20300157368183136, 0.06115572527050972
19727.727657416668, -7.948321380615234, 0.18815839301794768, -2.523901665955782, -0.07148555666208267, 0.14728078246116638, 0.14441226422786713
19727.737712416667, -7.954907099604607, 0.28351014465093616, -2.534679107666016, -0.03384240344166756, 0.14011125266551971, 0.20587867498397827
19727.74776641667, -8.422985483407974, 0.11017064262181521, -2.4691160327196124, 0.02401823364198208, 0.16619770228862762, 0.21132910251617432
19727.757820416668, -9.089098536372186, -0.22483271431177856, -2.4023544247448445, 0.0947456881403923, 0.21063095331192017, 0.16446135938167572
19727.76787441667, -9.551486994624138, -0.4948711299151182, -2.3558007940649985, 0.16161899268627167, 0.24411249160766602, 0.09003400057554245
19727.777928416668, -9.657466024160385, -0.6791380547359586, -2.3219712893664837, 0.22664983570575714, 0.24485506117343903, 0.025189992040395737
19727.787982416667, -9.386379750967027, -0.7562276728078723, -2.300565802305937, 0.2764914333820343, 0.2324436753988266, -0.0018062045564875007
19727.79803741667, -8.960516510009766, -0.6653666924312711, -2.3207739257812503, 0.3269515335559845, 0.2644444704055786, -0.0038683549501001835
19727.808091416668, -8.837471796870233, -0.8446936701983214, -2.4574394354224207, 0.3810776174068451, 0.286716490983963, 0.003866796148940921
19727.818145416666, -8.921298649907113, -0.9536671319603921, -2.34502393707633, 0.41376468539237976, 0.27842581272125244, 0.0007060044445097446
19727.82819941667, -9.014106241464615, -0.9554634331539273, -2.170636285096407, 0.4049709439277649, 0.24177540838718414, -0.006306897848844528
19727.838253416667, -9.107362314462662, -1.013842070773244, -2.075733636170626, 0.38830673694610596, 0.17574818432331085, -0.02026958391070366
19727.84830841667, -9.122479705810548, -1.0582995111867786, -2.0649559020996096, 0.369920015335083, 0.10028750449419022, -0.03296780213713646
19727.858362416668, -9.001530634760858, -1.0867403681203724, -2.091600640565157, 0.36836662888526917, 0.027562551200389862, -0.03568058833479881
19727.868416416666, -8.808881251215935, -1.1024577203392982, -2.1457881036400797, 0.3825117349624634, -0.03219106048345566, -0.018129823729395866
19727.87847041667, -8.58494692504406, -1.0562039421871305, -2.004481805115938, 0.39305028319358826, -0.07197494804859161, 0.016413457691669464
19727.888524416667, -8.49558334350586, -1.1023079950734973, -1.9206562677025796, 0.417797714471817, -0.08659303933382034, 0.053734730929136276
19727.89857941667, -8.603957977294922, -1.1786493157222868, -1.8714082400500776, 0.4523080885410309, -0.09105262160301208, 0.08194466680288315
19727.908633416668, -8.791517944335938, -1.214424846880138, -1.8661697195470335, 0.4928600490093231, -0.05560328811407089, 0.08888832479715347
19727.918687416666, -9.058863168954849, -1.2439135614037515, -1.9601743823289872, 0.5423737168312073, -0.03276721015572548, 0.07685825228691101
19727.92874141667, -9.247618891596794, -1.1955641777068378, -1.9046394284069539, 0.5714943408966064, -0.014989279210567474, 0.055928196758031845
19727.938795416667, -9.240733210444452, -1.107247649766505, -1.956581268310547, 0.5923001766204834, -0.0016941404901444912, 0.04961278662085533
19727.94884941667, -9.12023320555687, -1.0303077204152942, -2.1782705560326576, 0.6261455416679382, -0.016726620495319366, 0.05719107761979103
19727.958904416668, -8.841363703608513, -0.7777828485891224, -2.2712268130481243, 0.6482831239700317, -0.09037724137306213, 0.09216227382421494
19727.968958416666, -8.540789337158204, -0.4483179743215442, -2.373314520567656, 0.666934609413147, -0.13035660982131958, 0.15186074376106262
19727.97901241667, -8.517139104008676, -0.44936590500175955, -2.4370822079479697, 0.6986938118934631, -0.18516787886619568, 0.20704787969589233
19727.989066416667, -8.762477747797966, -0.603844591677189, -2.5483009274303914, 0.7673450112342834, -0.16318054497241974, 0.23527657985687256
19727.99912041667, -9.097332000732422, -0.5456156793236733, -2.726580193787813, 0.8396803736686707, -0.09954852610826492, 0.22636008262634277
19728.009175416668, -9.423054072260857, -0.4472701167315245, -2.601439984738827, 0.9115630388259888, -0.06531945616006851, 0.19651669263839722
19728.019229416666, -9.616601588129997, -0.38260466247797015, -2.4432194454967977, 0.9667525887489319, -0.048755332827568054, 0.15518762171268463
19728.02928341667, -9.621391627192498, -0.22213835388422012, -2.319576269835234, 0.9991244077682495, 0.0005701370537281036, 0.12617914378643036
19728.039337416667, -9.500592829585075, -0.051193798296153545, -2.0910018856823447, 0.9840531945228577, 0.027523519471287727, 0.11008740216493607
19728.04939241667, -9.409282125234604, 0.008681726530194283, -1.727856903076172, 0.9238404631614685, 0.0301217008382082, 0.11499853432178497
19728.059446416668, -9.358837611079217, 0.007184802778065205, -1.545086828917265, 0.8319141864776611, 0.006714439019560814, 0.12954652309417725
19728.069500416666, -9.350454457998277, -0.00508959922939539, -1.50796402618289, 0.7243016958236694, -0.03429824113845825, 0.14990611374378204
19728.07955441667, -9.41931185424328, -0.0754433710500598, -1.755848986208439, 0.64154052734375, -0.0818670466542244, 0.1707097440958023
19728.089608416667, -9.567055206298829, -0.16001749824732542, -2.2891894595324995, 0.6246712803840637, -0.10723818093538284, 0.19037292897701263
19728.09966341667, -9.657766571044922, -0.20312784980982543, -2.9362942376732826, 0.6801150441169739, -0.08925938606262207, 0.2165978103876114
19728.109717416668, -9.699380035400392, -0.2653983941674233, -3.3768279965221883, 0.7632395029067993, -0.09727949649095535, 0.2583649456501007
19728.119771416666, -9.694290618896485, -0.3138975031301379, -3.405268853455782, 0.8572832345962524, -0.11423448473215103, 0.31972479820251465
19728.12982541667, -9.811795095205307, -0.3285669977590442, -3.296295026242733, 0.9223248362541199, -0.17252416908740997, 0.379059761762619
19728.139879416667, -9.95894027709961, -0.11855375915765763, -3.0207183837890628, 0.9548710584640503, -0.24628089368343353, 0.4446612298488617
19728.14993441667, -10.046956660151482, 0.13247422546148302, -2.609972387999296, 0.9561973214149475, -0.3492054045200348, 0.5040361881256104
19728.159988416668, -10.24304946899414, 0.23381348937749863, -2.1062702813744547, 0.9486850500106812, -0.37070325016975403, 0.5601692795753479
19728.170042416667, -10.562334925532342, 0.1454971624352038, -1.586101830750704, 0.8781933188438416, -0.2935541570186615, 0.620082676410675
19728.18009641667, -10.84659322142601, -0.10373453926295043, -0.5830372747778892, 0.69964599609375, -0.11459088325500488, 0.6597490310668945
19728.190150416667, -11.121871948242188, -0.2692903009057045, -0.1562748782336712, 0.42579740285873413, 0.09175616502761841, 0.6521603465080261
19728.200205250003, -11.605816751718521, -0.17723174680955708, -0.4974156188964844, 0.19719362258911133, 0.17414644360542297, 0.5727807283401489
19728.21025925, -11.909683685302735, 0.22977189391851427, -1.8977534548938275, 0.09208265691995621, 0.23072849214076996, 0.44191086292266846
19728.22031325, -11.953990961909295, 0.28964739590417593, -3.428320624083281, 0.12250076979398727, 0.10757084935903549, 0.2819179594516754
19728.230367250002, -11.57123631834984, -0.025597054464742544, -4.560117041319609, 0.3035978674888611, -0.055309146642684937, 0.16233085095882416
19728.24042125, -10.598112283945085, -0.0019462457299232485, -5.291496861577034, 0.564556360244751, -0.14041554927825928, 0.12200114876031876
19728.250476250003, -9.422006251215935, -0.08786755314096809, -5.271587530821562, 0.8238587975502014, -0.06997308135032654, 0.16151392459869385
19728.26053025, -8.525221710205079, -0.4206256021047011, -4.249363695681096, 0.9833117723464966, 0.08607826381921768, 0.2565021514892578
19728.27058425, -8.42567754149437, -0.8547228784393519, -2.834505176693201, 1.0099036693572998, 0.24967040121555328, 0.3304331302642822
19728.280638250002, -8.92773351073265, -1.109193720765179, -1.4148577880859377, 0.8844796419143677, 0.3531588912010193, 0.3513707220554352
19728.29069325, -9.480384852290154, -1.0253680444518978, -0.41134489685297015, 0.6331648826599121, 0.43967488408088684, 0.3058397173881531
19728.30074725, -10.076145960688592, -0.9535173987003509, -0.13486939117312433, 0.35302138328552246, 0.45201075077056885, 0.2026132345199585
19728.31080125, -10.208171412348747, -0.7265893609263003, -0.5986051940917969, 0.14147718250751495, 0.3787791430950165, 0.1013214960694313
19728.32085525, -9.55942108154297, -0.2263296197913587, -1.653012250363827, 0.04520800709724426, 0.2592911422252655, 0.05861106142401695
19728.330909250002, -8.62775965332985, 0.2630028196075, -2.8054661495983604, 0.08007703721523285, 0.20499035716056824, 0.07487072050571442
19728.34096425, -7.99457402586937, 0.5195692480634898, -3.6094442684948445, 0.21366307139396667, 0.13826744258403778, 0.1395762413740158
19728.35101825, -7.468718134760857, 0.6659648808650673, -3.7628752072155476, 0.3686302900314331, 0.11295890063047409, 0.22328631579875946
19728.36107225, -7.313041865229607, 0.5894738851999864, -3.754043280333281, 0.5398796796798706, 0.15312017500400543, 0.30429407954216003
19728.37112625, -7.713010711669923, 0.3399428106285632, -3.4169442813098434, 0.6668890118598938, 0.2095072865486145, 0.33967655897140503
19728.381181250003, -8.376132329106332, 0.014669247949495912, -2.608176708072424, 0.7024664282798767, 0.2228003591299057, 0.31980955600738525
19728.39123525, -8.860972926020622, -0.21360611507669092, -1.7329464657604696, 0.6401862502098083, 0.1972912698984146, 0.2711717188358307
19728.40128925, -9.039102503657341, -0.2933902306202799, -1.098864606320858, 0.5156461000442505, 0.16268256306648254, 0.21863065659999847
19728.41134325, -9.017697016596795, -0.23366436710581184, -0.8470883242785932, 0.36702486872673035, 0.11708444356918335, 0.17719906568527222
19728.42139825, -8.858877283930779, -0.11690721063874662, -0.8650508245825768, 0.22715118527412415, 0.047262951731681824, 0.1528620719909668
19728.431452250003, -8.639882685542107, -0.04385910579934717, -1.1148812994360924, 0.130365252494812, -0.0397782027721405, 0.1557721197605133
19728.44150625, -8.492738673090935, 0.004340662267059088, -1.5121551641821862, 0.09143753349781036, -0.08211396634578705, 0.16581204533576965
19728.45156025, -8.520580775141717, 0.009879199750721455, -1.998045190125704, 0.11234201490879059, -0.07342593371868134, 0.16449671983718872
19728.46161425, -8.691675567626953, -0.02005856266245246, -2.252515869140625, 0.16423290967941284, -0.05081051215529442, 0.14808490872383118
19728.47166925, -8.905731022953988, -0.04086529484018683, -2.23679884582758, 0.21682208776474, -0.022868093103170395, 0.11111278086900711
19728.481723250003, -9.046288146972657, -0.03278206737712026, -2.178419952392578, 0.2601354420185089, 0.013306016102433205, 0.061164818704128265
19728.49177725, -9.123526357412338, 0.0023946906253695488, -1.9966974069178105, 0.2790183126926422, 0.043442077934741974, 0.004396345000714064
19728.50183125, -9.15421371459961, -0.03368021797388792, -1.7600398318469526, 0.2662431001663208, 0.06872754544019699, -0.04095716401934624
19728.511886250002, -9.136701303720475, -0.1251400263234973, -1.5057188415527345, 0.21576635539531708, 0.07201148569583893, -0.0737776979804039
19728.52194025, -9.108559824228287, -0.20252909492701293, -1.294059575200081, 0.14998701214790344, 0.0662643164396286, -0.09177093952894211
19728.531994250003, -9.145531184077264, -0.2603089593909681, -1.290466168820858, 0.08222608268260956, 0.044099360704422, -0.0950908362865448
19728.54204825, -9.148226165771485, -0.2555189203284681, -1.2629235903918743, 0.021053709089756012, 0.010926931165158749, -0.08845028281211853
19728.55210325, -9.100476633310318, -0.23845439703203739, -1.3870158322155477, -0.028526626527309418, -0.01030085887759924, -0.06699719280004501
19728.562157250002, -9.069040247797966, -0.21465392698533833, -1.586550750732422, -0.0527723990380764, -0.019190428778529167, -0.040061552077531815
19728.57221125, -9.117839355468751, -0.15298217405565084, -1.7860858154296877, -0.05187677964568138, -0.03784720599651337, -0.01364885177463293
19728.582265250003, -9.198521575927735, -0.1344207818247378, -1.913321228027344, -0.039191875606775284, -0.029706593602895737, 0.010467598214745522
19728.59231925, -9.340875549316406, -0.16181379944086074, -2.022145074158907, -0.01708444207906723, -0.011422396637499332, 0.024669170379638672
19728.60237425, -9.512418823242188, -0.20028380066156387, -2.0727398617565633, 0.01769428327679634, 0.008780181407928467, 0.024273432791233063
19728.612428250002, -9.666148554682731, -0.15642503290437162, -2.0984860293567182, 0.029613260179758072, 0.028636710718274117, 0.017677050083875656
19728.62248225, -9.830656458735467, -0.09175944160670042, -1.9347264227271082, 0.012683804146945477, 0.005495160818099976, -0.002948206849396229
19728.632536250003, -10.012230046391487, -0.10777615299448372, -1.8230595141649246, -0.0025161870289593935, 0.012854538857936859, -0.02567296102643013
19728.64259125, -10.082433471679687, -0.1326244989037514, -1.8642231814563275, -0.031212421134114265, 0.005887305364012718, -0.04145660996437073
19728.65264525, -9.987081171870232, -0.19235032587312162, -1.7934205627441406, -0.057690102607011795, -0.009216280654072762, -0.03743577003479004
19728.662699250002, -9.845775019526481, -0.21136080253869297, -1.8573372079432011, -0.07501453906297684, 0.0012702764943242073, -0.020953861996531487
19728.67275325, -9.785001398921013, -0.19923601616173983, -1.968855597227812, -0.08374384790658951, 0.013574345968663692, 0.0049512386322021484
19728.68280825, -9.821825408935547, -0.2263296472001821, -2.0317250061035157, -0.08745387196540833, -0.017258107662200928, 0.034231290221214294
19728.69286225, -9.929451599121094, -0.22872465759515764, -2.057770697325468, -0.08098532259464264, -0.03899563103914261, 0.06820017844438553
19728.70291625, -10.041418762207032, -0.22303646793588996, -2.1124073727428914, -0.07942498475313187, -0.04042016714811325, 0.10891213268041611
19728.712970250002, -10.183472188711168, -0.20687008609995247, -2.092797711789608, -0.08506450057029724, -0.05154925212264061, 0.15430490672588348
19728.72302525, -10.398426361083985, -0.158221215326339, -1.971849664002657, -0.08732353895902634, -0.08471614122390747, 0.20217333734035492
19728.73307925, -10.682385864257814, -0.16585539489984513, -1.892215410768986, -0.09413111209869385, -0.0680580735206604, 0.23846156895160675
19728.743133250002, -10.800639953613281, -0.0880172235891223, -1.9089804013073446, -0.13622914254665375, -0.011517147533595562, 0.2542373538017273
19728.75318725, -11.05151824951172, -0.007634435389190912, -2.0216958618164065, -0.19730128347873688, 0.03821898624300957, 0.22177210450172424
19728.763242250003, -11.397299194335938, 0.009579822309315205, -2.0483404541015626, -0.23267216980457306, -0.01750163733959198, 0.1537420004606247
19728.77329625, -11.359578806161881, 0.2658469121530652, -2.460134417116642, -0.22529946267604828, 0.0024393126368522644, 0.0738556906580925
19728.78335025, -11.234138488769531, 0.29503613959997893, -2.924019470214844, -0.1614631861448288, 0.061946749687194824, 0.0008391353767365217
19728.793404250002, -10.938951746821404, 0.12618729919195176, -2.99137939453125, -0.10328537225723267, 0.1877233237028122, -0.05632854625582695
19728.80345925, -10.453811772465706, 0.1609151189401746, -2.8945309384167195, -0.0724399983882904, 0.32709211111068726, -0.09309437870979309
19728.813513250003, -10.050998840332031, 0.3870947759225965, -2.792742754518986, -0.047951169312000275, 0.40815871953964233, -0.130680650472641
19728.82356725, -10.046208216547967, 0.3881425421498716, -2.914289849549532, 0.008000448346138, 0.45578640699386597, -0.18634088337421417
19728.83362125, -10.315498809814454, 0.08232852229848504, -3.17489761993289, 0.09441309422254562, 0.4473133087158203, -0.2559008002281189
19728.843676250002, -10.286608301997186, -0.2517767571285367, -3.221301123350859, 0.18444141745567322, 0.4390011727809906, -0.2916795313358307
19728.85373025, -9.814940312504769, -0.4123926630802453, -3.0575419552624226, 0.24528346955776215, 0.4460985064506531, -0.26486629247665405
19728.863784250003, -9.143886362314225, -0.38200587105005984, -2.6349711352586747, 0.24847836792469025, 0.4254308342933655, -0.16186372935771942
19728.87383825, -8.605454864501954, -0.23785566955804827, -1.992506561279297, 0.16974440217018127, 0.3780313730239868, -0.012439887970685959
19728.88389325, -8.386609954833984, -0.022303930018097162, -1.5016775384545327, 0.0319749116897583, 0.33087632060050964, 0.12640053033828735
19728.893947250002, -8.653055877685548, 0.2239340520836413, -1.431622632443905, -0.11275803297758102, 0.29271772503852844, 0.21855735778808594
19728.90400125, -9.186546478271485, 0.44472489684820177, -1.7265099969506266, -0.21500857174396515, 0.25092628598213196, 0.24320119619369507
19728.914055250003, -9.69698501586914, 0.6014490422420204, -2.2842498779296876, -0.25717782974243164, 0.2586768865585327, 0.20856758952140808
19728.924110250002, -9.939631016850472, 0.7960444157011808, -2.8247764331102374, -0.26936960220336914, 0.2760927081108093, 0.15342611074447632
19728.93416425, -9.826316070556642, 1.0518623845651747, -3.0870307794213296, -0.2813604772090912, 0.25820663571357727, 0.11025255173444748
19728.944218250002, -9.496251856684685, 1.2190646673180163, -3.190315411984921, -0.2807404100894928, 0.2680584490299225, 0.08416221290826797
19728.95427225, -9.278605041503907, 1.2835804876685144, -3.5947746276855472, -0.2470940500497818, 0.2916513979434967, 0.0774097666144371
19728.96432725, -9.173673248291015, 1.3265411139652135, -3.9326220703125, -0.1747739613056183, 0.3007032871246338, 0.0608404166996479
19728.974381250002, -9.258246790766716, 1.3322292122617365, -4.177662506103516, -0.08896902948617935, 0.3041803240776062, 0.02839166484773159
19728.98443525, -9.338182321786881, 1.3021419255807996, -4.1692799377441405, -0.006126050837337971, 0.28608906269073486, -0.008741597644984722
19728.994490250003, -9.251660487055778, 1.2328360844403505, -4.062252502441407, 0.0448274090886116, 0.2676568031311035, -0.042071059346199036
19729.00454425, -9.214687373042107, 1.1180247625708581, -3.646117858886719, 0.06895308196544647, 0.16542348265647888, -0.08332417905330658
19729.01459825, -9.125471726059914, 1.0211761785484852, -3.2236962890625, 0.060259465128183365, 0.12764626741409302, -0.10989746451377869
19729.024652250002, -8.969497833251953, 0.987645923383534, -2.886746686398983, 0.013595730997622013, 0.1186324805021286, -0.1308998018503189
19729.03470725, -8.900791879892349, 0.8819657596573234, -2.455793736577034, -0.051170479506254196, 0.08977313339710236, -0.15397076308727264
19729.044761250003, -8.904232966303827, 0.7878114264272154, -2.2505696234107018, -0.10916253179311752, 0.06155439466238022, -0.17554892599582672
19729.05481525, -8.879983978271484, 0.7725431951880456, -2.288590850830078, -0.14924976229667664, 0.04038120061159134, -0.1993354856967926
19729.06486925, -8.833430201411248, 0.790805182568729, -2.4230110296607017, -0.15944911539554596, 0.019627481698989868, -0.21811829507350922
19729.074924250002, -8.755441793203355, 0.7926014654897153, -2.557281812131405, -0.15117335319519043, -0.009163419716060162, -0.2356400340795517
19729.08497825, -8.681197357177735, 0.7812251592613757, -2.7187962341308594, -0.11260636895895004, -0.008638896048069, -0.23717239499092102
19729.095032250003, -8.58809097290039, 0.818797046430409, -2.8289668402075767, -0.07094946503639221, -0.03605933487415314, -0.22883670032024384
19729.10508625, -8.52671859741211, 0.8625061254668981, -2.6213491693139077, -0.042822953313589096, -0.04864105209708214, -0.21246133744716644
19729.11514125, -8.589139378666879, 0.854273318918422, -2.388882293701172, -0.04326477274298668, -0.05231967568397522, -0.19550631940364838
19729.125195250002, -8.73029525756836, 0.8041275243926794, -2.0160076904296877, -0.07640661299228668, -0.06344950944185257, -0.17961107194423676
19729.13524925, -8.922046508789062, 0.6803349797800183, -1.7543515142798425, -0.13477565348148346, -0.07741005718708038, -0.17377714812755585
19729.14530425, -9.13385546386242, 0.5475610662437975, -1.6587007141113281, -0.20646482706069946, -0.09756568819284439, -0.17571738362312317
19729.155358250002, -9.247768580317498, 0.47092039556242526, -1.708995539546013, -0.2815028429031372, -0.12287743389606476, -0.17200599610805511
19729.16541225, -9.247469202876092, 0.44173114984296263, -1.9404145941138269, -0.3334178328514099, -0.15133436024188995, -0.15987133979797363
19729.175466250003, -9.088500366210939, 0.5319934210181236, -2.362237701416016, -0.3373393416404724, -0.10515221953392029, -0.1291152834892273
19729.18552125, -8.99060335814953, 0.6219563330244273, -2.671344909667969, -0.32845351099967957, -0.10176237672567368, -0.10143164545297623
19729.19557525, -9.088649470210076, 0.5760019049048424, -2.7481349310278893, -0.2793022096157074, -0.14981672167778015, -0.08240123093128204
19729.205628875003, -9.206304804682732, 0.6700064123701305, -2.9319529724121094, -0.22834013402462006, -0.14378780126571655, -0.07587989419698715
19729.215682875, -9.422755279541017, 0.7315284857153893, -3.066073773801327, -0.15797142684459686, -0.14017149806022644, -0.10069549828767776
19729.225737875, -9.800568441152572, 0.5899229696346447, -3.172652142941952, -0.05958763137459755, -0.1513018012046814, -0.1425854116678238
19729.235791875002, -10.027348022460938, 0.4719682577205822, -3.2250431951880456, 0.012561662122607231, -0.14916834235191345, -0.19237348437309265
19729.245845875, -10.091414794921876, 0.366138325331267, -3.2787817382812503, 0.1011892631649971, -0.1278095543384552, -0.23280179500579834
19729.255900875, -9.926008173823357, 0.34817568684113215, -3.2886609014868737, 0.15822671353816986, -0.08585971593856812, -0.2489679753780365
19729.265954875, -9.68875213623047, 0.3691321020293981, -2.9937747064232827, 0.16583827137947083, -0.05114687234163284, -0.24264569580554962
19729.276008875, -9.607619680166245, 0.32168079127091914, -2.7036776733398438, 0.13784311711788177, -0.02674992009997368, -0.23295924067497253
19729.286062875002, -9.66390380859375, 0.19699009606149048, -2.540217882692814, 0.08899082243442535, 0.000561373308300972, -0.2235524207353592
19729.296117875, -9.698780111074448, 0.09041172235272825, -2.5463548278808594, 0.036639727652072906, 0.03600431978702545, -0.2004271298646927
19729.306171875, -9.7269221752882, -0.11376370182260871, -2.6985876721143724, 0.019096694886684418, -0.011509131640195847, -0.16524800658226013
19729.316225875, -9.646539916992188, -0.07349742681719364, -3.004102935791016, 0.037250664085149765, -0.05948518216609955, -0.1091674268245697
19729.326280875, -9.604177424311638, 0.05179200500249863, -3.331023101806641, 0.09473679959774017, -0.10227052867412567, -0.041558366268873215
19729.336334875003, -9.694140345454217, 0.01511827756650746, -3.469934234619141, 0.16426846385002136, -0.09752929955720901, 0.017008276656270027
19729.346388875, -9.913883387446404, -0.058827923052012926, -3.489692853391171, 0.22578738629817963, -0.06421031057834625, 0.05027244985103607
19729.356442875, -10.166558532714845, -0.057929809000343085, -3.370241254270077, 0.2791706919670105, -0.06308219581842422, 0.050898827612400055
19729.366497875002, -10.433602625727653, -0.06885708561167121, -3.1575335821509363, 0.3320387005805969, -0.06827393174171448, 0.046467069536447525
19729.376551875, -10.649453176259994, -0.25222578674554824, -2.911894683837891, 0.3782120645046234, -0.02495202049612999, 0.047967761754989624
19729.386605875003, -10.730734736323358, -0.5319940240122378, -2.4658220037817955, 0.3681655824184418, 0.06795534491539001, 0.053822971880435944
19729.396660875, -10.724448394775392, -0.6012998468801379, -2.032622846066952, 0.30320414900779724, 0.21574532985687256, 0.05987048149108887
19729.406714875, -10.739416682124139, -0.4632868463918567, -1.7967137145996095, 0.15870656073093414, 0.3482549786567688, 0.03815215453505516
19729.416768875002, -10.933413848876954, -0.4975655999779702, -1.576970672607422, -0.028567185625433922, 0.3246993124485016, -0.02046961523592472
19729.426822875, -10.736871973872185, -0.24848355045542123, -1.9712507629394531, -0.17653076350688934, 0.27997851371765137, -0.080864317715168
19729.436877875, -10.239755147695542, 0.09415394950658083, -3.06322998046875, -0.2402261197566986, 0.23290902376174927, -0.1031579077243805
19729.446931875, -9.678572718501092, 0.3104541691951454, -3.900738080441952, -0.24121516942977905, 0.142446830868721, -0.10599605739116669
19729.456985875, -9.323960723876954, 0.2195930791832507, -4.346212005615235, -0.16557367146015167, 0.009253082796931267, -0.09247145801782608
19729.467040875003, -8.847800318598747, 0.37691592464223506, -4.844375483393669, -0.045462049543857574, 0.004141694866120815, -0.050501663237810135
19729.477094875, -8.687783660888673, 0.32198014587163926, -4.973408037722111, 0.06906532496213913, 0.07668779790401459, -0.025479134172201157
19729.487148875, -9.016649780273438, -0.10283642521128059, -4.473447418212891, 0.1332797408103943, 0.16984225809574127, -0.041718028485774994
19729.497203875002, -9.457783609628677, -0.600401751101017, -3.8211042657494545, 0.11894313991069794, 0.22896602749824524, -0.09100275486707687
19729.507257875, -9.643095906972885, -0.8267310237139464, -3.2775836437940598, 0.041555143892765045, 0.24231299757957458, -0.1385580152273178
19729.517311875003, -9.35689107298851, -0.648002709466964, -2.97281770080328, -0.08307839930057526, 0.23306863009929657, -0.15896075963974
19729.527365875, -8.89794779419899, -0.39682509094476703, -2.968177935183048, -0.20213770866394043, 0.20951412618160248, -0.143568217754364
19729.537420875, -8.55830291748047, -0.23456248115748168, -3.3245864868164063, -0.26836836338043213, 0.18448734283447266, -0.10718517750501633
19729.547474875002, -8.38286715209484, -0.17753109684213997, -3.8288880792260174, -0.26575180888175964, 0.18647821247577667, -0.0746631920337677
19729.557528875, -8.350085906982422, -0.12798413028940558, -4.218826611936093, -0.23045825958251953, 0.19352227449417114, -0.04211590439081192
19729.567583875, -8.422686105966568, -0.11930222103372216, -4.3125323358178145, -0.17570233345031738, 0.19991067051887512, -0.023429298773407936
19729.577637875, -8.547075093984605, -0.13127726387232544, -4.280348676145077, -0.11450450122356415, 0.1737951785326004, -0.0189456008374691
19729.587691875, -8.605903930664063, -0.09924391418695451, -4.0384517034888265, -0.07191012054681778, 0.16650272905826569, -0.020390700548887253
19729.597745875002, -8.631650390625001, -0.095052630007267, -3.833678118288517, -0.04171014204621315, 0.13872143626213074, -0.023044807836413383
19729.607800875, -8.588689727783203, -0.08741848697885872, -3.4639469781517986, -0.0246074628084898, 0.0893067717552185, -0.025880305096507072
19729.617854875, -8.500223693847657, -0.12903195133432746, -3.300486895143986, -0.015073079615831375, 0.09202878922224045, -0.016798125579953194
19729.627908875, -8.435109100341798, -0.18127329658716917, -3.165467669069767, -0.011159058660268784, 0.07758523523807526, -0.003223189152777195
19729.637963875, -8.44379221558571, -0.19758940368890762, -2.948718693852425, -0.023929448798298836, 0.0596453882753849, 0.0021433469373732805
19729.648017875003, -8.54108871459961, -0.226778704226017, -2.7812164306640628, -0.059345509856939316, 0.034848470240831375, -1.3069948181509972e-05
19729.658071875, -8.614436187744142, -0.24743572941049935, -2.598296813964844, -0.1067095622420311, 0.004138493910431862, -0.009630277752876282
19729.668126875, -8.612490234375, -0.28500759830698374, -2.5539889526367188, -0.16081856191158295, -0.0012601432390511036, -0.014013257808983326
19729.678180875002, -8.538094940185548, -0.2856063349172473, -2.5864711126685145, -0.20166932046413422, -0.02499130368232727, -0.00970799196511507
19729.688234875, -8.413704198002815, -0.26285370418801907, -2.6532325744628906, -0.22071361541748047, -0.055461760610342026, 0.009788483381271362
19729.698289875003, -8.337212677001954, -0.20417570739984514, -2.8427382025122645, -0.21538996696472168, -0.05878937989473343, 0.035311952233314514
19729.708343875, -8.454568634033203, -0.1914521661400795, -2.9859908929467203, -0.19289346039295197, -0.044913407415151596, 0.04679364711046219
19729.718397875, -8.71712206542492, -0.2486332026310265, -3.0789472961425783, -0.16704827547073364, -0.03343971073627472, 0.03686964139342308
19729.728451875002, -8.965156275629997, -0.23471220642328264, -3.020418713986874, -0.15239013731479645, -0.034175485372543335, 0.0072112660855054855
19729.738506875, -9.109754995107652, -0.1766329462453723, -2.9066555786132815, -0.15064816176891327, -0.032488636672496796, -0.028726762160658836
19729.748560875, -9.175618616938591, -0.13427107483148576, -2.7744801458716393, -0.17364107072353363, -0.040706925094127655, -0.06388495862483978
19729.758614875, -9.163644104003907, -0.06017513981088996, -2.5426126098632813, -0.2200240194797516, -0.061593566089868546, -0.0922636017203331
19729.768669875, -9.12697036743164, -0.0293392450734973, -2.392175445556641, -0.2708708643913269, -0.08016626536846161, -0.10908648371696472
19729.778723875002, -9.156009394526482, -0.07933527778834105, -2.3712190246582034, -0.3098297119140625, -0.07828633487224579, -0.11774229258298874
19729.788777875, -9.170978266596794, -0.2017806695960462, -2.4765998840332033, -0.3454075753688812, -0.06604885309934616, -0.11997176706790924
19729.798832875, -9.182653986811639, -0.2770740778371692, -2.6030868530273437, -0.36675575375556946, -0.06919830292463303, -0.10915134847164154
19729.808886875002, -9.219477996826173, -0.2537226556800306, -2.818338941037655, -0.3728996813297272, -0.08988899737596512, -0.10829672962427139
19729.818940875, -9.25315737426281, -0.19654158264398575, -3.119363250732422, -0.35140612721443176, -0.11900560557842255, -0.09987874329090118
19729.828995875003, -9.177115504145624, -0.12454128971323372, -3.284469909667969, -0.33322036266326904, -0.14629335701465607, -0.08802082389593124
19729.839049875, -9.129813868403435, -0.0832271845266223, -3.3477879461646083, -0.312751829624176, -0.16061317920684814, -0.06992890685796738
19729.849103875, -9.17531865477562, -0.0796346552297473, -3.2178581365942955, -0.314077764749527, -0.18133138120174408, -0.06019847095012665
19729.859158875002, -9.31422978758812, -0.12020031681284309, -2.986139996945858, -0.33445441722869873, -0.1781981736421585, -0.054334722459316254
19729.869212875, -9.483228353261948, -0.16196346988901497, -2.8298652648925784, -0.3675326108932495, -0.16587868332862854, -0.061109352856874466
19729.879266875003, -9.673632990717888, -0.22827557316049935, -2.7547215270996097, -0.4014498293399811, -0.14444291591644287, -0.07812988013029099
19729.889320875, -9.800569610595703, -0.25267484377138316, -2.8431875610351565, -0.4216592311859131, -0.1308971494436264, -0.10758007317781448
19729.899375875, -9.789193267822267, -0.21779736271128058, -3.067570953369141, -0.4215833246707916, -0.12260167300701141, -0.12165860086679459
19729.909429875002, -9.638156763911248, -0.12768475284799935, -3.2518371838331226, -0.4195486009120941, -0.1251489222049713, -0.11948314309120178
19729.919483875, -9.49071337401867, -0.02814175358042121, -3.34644074767828, -0.41611337661743164, -0.1657474786043167, -0.09647609293460846
19729.929538875, -9.45029800415039, 0.03891878415830433, -3.3861085510253908, -0.40476900339126587, -0.21803882718086243, -0.05502209812402725
19729.939592875002, -9.565108668208122, -0.05104412784799934, -3.269950103759766, -0.40550827980041504, -0.21287283301353455, -0.01696978695690632
19729.949646875, -9.800569025874138, -0.24773511598818004, -3.132834650874138, -0.42347773909568787, -0.15828880667686462, 0.00728117860853672
19729.959701875003, -9.97810043334961, -0.3493737482093275, -2.9633878961205484, -0.439010351896286, -0.13842909038066864, 0.025239672511816025
19729.969755875, -10.154734293222427, -0.29339020321145654, -3.017874590456486, -0.42448729276657104, -0.11925531923770905, 0.033757250756025314
19729.979809875, -10.373127797842026, -0.2775231622718275, -3.248544616699219, -0.3793347477912903, -0.04051070660352707, 0.03624863922595978
19729.989864875002, -10.591224848628045, -0.31105344941373914, -3.435954602658749, -0.3363909423351288, 0.06831026077270508, 0.026933318004012108
19729.999918875, -10.799441859126091, -0.39368163694627584, -3.3443451055884363, -0.313923716545105, 0.10848937183618546, -0.008121870458126068
19730.009972875003, -10.789712677001953, -0.237556292116642, -3.3560211181640627, -0.31603795289993286, 0.22976581752300262, -0.043086420744657516
19730.020027875, -10.560688934326173, 0.07843659728765488, -3.458258514404297, -0.3501754105091095, 0.25092223286628723, -0.08535158634185791
19730.030081875, -10.3449886572361, 0.266146250765305, -3.432362658083439, -0.36716338992118835, 0.15968915820121765, -0.114513099193573
19730.040135875002, -10.087971369624139, 0.31644166320562367, -3.688629163205624, -0.35648784041404724, 0.0658809095621109, -0.12432897835969925
19730.050190875, -9.748477935791016, 0.26000902006868276, -3.9477406311035157, -0.3069339394569397, 0.01669538952410221, -0.10648009181022644
19730.060244875, -9.347611541748048, 0.22034150451421738, -4.125421434938908, -0.24538029730319977, 0.019967349246144295, -0.06376884877681732
19730.070298875, -9.166488189697267, 0.16136415540939197, -4.0859033203125, -0.17001037299633026, 0.019803736358880997, -0.0179929006844759
19730.080353875, -9.178762080073357, 0.14879029373405503, -3.8246965026855473, -0.13531790673732758, -0.03877675160765648, 0.008848834782838821
19730.090407875003, -9.511520690917969, 0.041762860715389254, -3.4875972113013267, -0.0994887724518776, -0.11496791988611221, -0.00477313669398427
19730.100461875, -9.6502815502882, 0.06601244032150134, -3.516637115478516, -0.078005850315094, -0.04904162883758545, -0.025773227214813232
19730.110516875, -9.569601083993913, 0.19264910260448234, -3.4970284777879717, -0.0518171526491642, 0.05120459571480751, -0.05781935900449753
19730.120570875002, -9.447003682851792, 0.25791336884256455, -3.313958295285702, -0.02895977534353733, 0.1530127078294754, -0.08675859868526459
19730.130624875, -9.254954223632813, 0.34967253636103124, -3.0823901367187503, -0.029223890975117683, 0.24956610798835754, -0.10292240232229233
19730.140679875, -9.040749079585076, 0.40894931544084107, -2.797232539057732, -0.04107202589511871, 0.2819767892360687, -0.10974808037281036
19730.150733875, -8.835376739501953, 0.45610123048536483, -2.5432113647460937, -0.06816481053829193, 0.30387255549430847, -0.10949781537055969
19730.160787875, -8.710385488271713, 0.4953197027184069, -2.5729994201660156, -0.09655703604221344, 0.34834015369415283, -0.10874973237514496
19730.170842875003, -8.660688832998277, 0.5276524435495958, -2.679427808225155, -0.1283603012561798, 0.3458063006401062, -0.10790927708148956
19730.180896875, -8.583899103999139, 0.5539976903703064, -2.7358610406517982, -0.1585267186164856, 0.27873140573501587, -0.10245352983474731
19730.190950875, -8.474626922607422, 0.6342308446671814, -2.9511131286621097, -0.17335060238838196, 0.20578478276729584, -0.08602578192949295
19730.2010065, -8.363257344961166, 0.6583306921552867, -3.201093292236328, -0.16420982778072357, 0.14075039327144623, -0.0585816390812397
19730.2110605, -8.302035827636718, 0.5860310674645007, -3.3302749505639078, -0.14227859675884247, 0.10809861123561859, -0.0282314270734787
19730.2211145, -8.378824971914291, 0.4971159765031189, -3.3516798529028895, -0.10875951498746872, 0.09388026595115662, -0.014022663235664368
19730.231169500003, -8.577762451171875, 0.3962257559085265, -3.280278625488281, -0.07605943083763123, 0.08494092524051666, -0.019327234476804733
19730.2412235, -8.812324676513672, 0.357007315652445, -3.1031968688964846, -0.057642605155706406, 0.0632295086979866, -0.04643235728144646
19730.2512775, -8.905731022953988, 0.423918137261644, -2.882256317138672, -0.05844191461801529, 0.04974839836359024, -0.08143655955791473
19730.261332500002, -8.864864248037339, 0.4890327764488757, -2.6830206298828125, -0.07968621701002121, 0.031480178236961365, -0.10955367982387543
19730.2713865, -8.7066438549757, 0.5170245489478111, -2.5599762091040614, -0.09286811947822571, -0.00399564066901803, -0.1239214763045311
19730.281441500003, -8.524772644042969, 0.5373822058271617, -2.576143175661564, -0.08996527642011642, -0.018220648169517517, -0.12379364669322968
19730.2914955, -8.394844003915788, 0.5760018866322935, -2.613116289675236, -0.07601617276668549, -0.0317753404378891, -0.11198891699314117
19730.3015495, -8.351282832026483, 0.5736069219186902, -2.4505540466308595, -0.07402146607637405, -0.0290842168033123, -0.10139352828264236
19730.311604500002, -8.466542562246323, 0.5156773687340319, -2.2823036321997643, -0.07703583687543869, -0.005880451761186123, -0.09798341989517212
19730.3216585, -8.712781092524528, 0.39248356073163454, -2.1270764288306236, -0.089284248650074, 0.013430395163595676, -0.10896096378564835
19730.3317125, -9.053173243403435, 0.1898050054907799, -2.179018414914608, -0.09480202943086624, 0.04290270060300827, -0.13647647202014923
19730.341767500002, -9.209747645258904, 0.1778299078345299, -2.295176862180233, -0.10885952413082123, 0.06209130585193634, -0.16681867837905884
19730.3518215, -9.147177760004999, 0.25716492980718614, -2.5032441839575768, -0.10460280627012253, 0.04771954193711281, -0.17691822350025177
19730.361875500002, -8.985964761972427, 0.30805907657369974, -2.8059156543016437, -0.08679051697254181, 0.01890787109732628, -0.16751113533973694
19730.3719305, -8.773705571293831, 0.41358962466940286, -3.137625274658203, -0.04589324817061424, -0.006593620870262384, -0.13598807156085968
19730.3819845, -8.670869420170785, 0.4743632452748716, -3.3771278125047686, 0.0027368718292564154, -0.027394773438572884, -0.09931129217147827
19730.392038500002, -8.71353012084961, 0.4520596807077527, -3.453318786621094, 0.04979900270700455, -0.04488906264305115, -0.06408721953630447
19730.4020935, -8.922794952392579, 0.23620849063619972, -3.4488281250000004, 0.09703496098518372, -0.08421356976032257, -0.03606703504920006
19730.412147500003, -9.083710327148438, 0.11795441955327989, -3.410058746337891, 0.13966825604438782, -0.08225128054618835, -0.01951715350151062
19730.4222015, -9.227560603022576, 0.047301361653953794, -3.4883459472656253, 0.18484266102313995, -0.0566825345158577, -0.008182739838957787
19730.4322565, -9.340426483154298, -0.06167204529047013, -3.506757952272892, 0.21518737077713013, -0.035267651081085205, -0.0007453989237546921
19730.442310500002, -9.352999750971795, -0.11810469299554825, -3.52606721252203, 0.22081489861011505, -0.02778203785419464, 0.018731363117694855
19730.4523655, -9.276958465576172, -0.006137529909610749, -3.58714079529047, 0.2102743685245514, -0.07258572429418564, 0.04263269901275635
19730.4624195, -9.19088686645031, 0.21764712581411005, -3.599115308225155, 0.18652217090129852, -0.15026667714118958, 0.07206036895513535
19730.4724735, -9.161847839355469, 0.35655825862661006, -3.6577935791015626, 0.1630396693944931, -0.21359005570411682, 0.1065496951341629
19730.4825285, -9.23564437866211, 0.3144957281090319, -3.7223094177246097, 0.15367598831653595, -0.26592785120010376, 0.1320289522409439
19730.492582500003, -9.561515554189683, 0.15732257137075067, -3.8184095764160157, 0.19173452258110046, -0.2942139208316803, 0.14350450038909912
19730.5026365, -9.922265371084213, -0.08861599674448371, -4.012106781005859, 0.2699931263923645, -0.24375076591968536, 0.15334168076515198
19730.5126915, -10.18571927368641, -0.26704498836770657, -3.955524736940861, 0.32876652479171753, -0.13611510396003723, 0.16708490252494812
19730.522745500002, -10.286010716557504, -0.3935319390892983, -3.4657432428002357, 0.3271837830543518, -0.014263488352298737, 0.19155536592006683
19730.5327995, -10.420729980468751, -0.5007090631127358, -3.047662353515625, 0.2640577256679535, 0.13233521580696106, 0.21835413575172424
19730.5428545, -10.741514078378678, -0.5284014947153628, -2.8294161987304687, 0.13059712946414948, 0.25135505199432373, 0.22499899566173553
19730.5529085, -11.114985682368278, -0.445324245588854, -2.9349470391869548, -0.035346388816833496, 0.29168522357940674, 0.21485134959220886
19730.5629625, -11.16992202758789, -0.19848753601312638, -3.5160386529564858, -0.1750909686088562, 0.32499149441719055, 0.20111583173274994
19730.573017500003, -10.863958282470703, 0.26240402589552103, -4.513563995361328, -0.2694273889064789, 0.2713330388069153, 0.1959862858057022
19730.5830715, -10.547068430185318, 0.681382736871019, -5.395679626464844, -0.250177800655365, 0.0517415776848793, 0.18403027951717377
19730.5931265, -10.147100168466569, 1.0642865164065733, -6.22151288330555, -0.12858152389526367, -0.12462705373764038, 0.1737675666809082
19730.603180500002, -9.783206888437272, 1.2588818670250477, -6.6669862237572675, 0.05151686817407608, -0.24079492688179016, 0.16343849897384644
19730.6132345, -9.565408045649528, 0.9654919824411627, -6.414460767209531, 0.2552138864994049, -0.21835103631019592, 0.14408932626247406
19730.623289500003, -9.567055206298829, 0.3721258832956664, -5.802982635498047, 0.4359935224056244, -0.12429244816303253, 0.09642620384693146
19730.6333435, -9.706265716552736, -0.13561826874967664, -4.831802215576172, 0.5486745238304138, -0.03797357156872749, 0.027025198563933372
19730.6433975, -9.642946802973748, -0.3529662866424769, -3.6943173345923426, 0.5535129308700562, -0.004759691655635834, -0.03191641345620155
19730.653452500002, -9.384733759760858, -0.45759870698209854, -2.663710200190544, 0.4645581543445587, -0.011193446815013885, -0.06526502221822739
19730.6635065, -9.021438649892808, -0.4957693079207093, -2.0508851623535156, 0.32344552874565125, -0.032484620809555054, -0.06312224268913269
19730.6735615, -8.61009638428688, -0.44277953733690084, -1.7778532281517982, 0.16097910702228546, -0.06023702397942543, -0.022908605635166168
19730.683615500002, -8.222999598383904, -0.37377302795648576, -1.7019604620337487, -0.00759392324835062, -0.10805434733629227, 0.04006236791610718
19730.6936695, -8.072862396240234, -0.37197676330804824, -1.8872753906250002, -0.12608817219734192, -0.11227623373270035, 0.09080976247787476
19730.703724500003, -8.266858393549919, -0.4218231164384634, -2.489623095095158, -0.16619057953357697, -0.05512186884880066, 0.09701626002788544
19730.7137785, -8.692274322509766, -0.49651777893304827, -3.13508056640625, -0.12951481342315674, 0.025810180231928825, 0.04756343737244606
19730.7238325, -8.963659388422967, -0.5234617440914735, -3.670965894162655, -0.039897844195365906, 0.1127067282795906, -0.030143873766064644
19730.733887500002, -8.934170125722886, -0.47211850832216445, -3.964805145263672, 0.07273539155721664, 0.19124892354011536, -0.10991165786981583
19730.7439415, -8.672665100097657, -0.40206420530565085, -4.033512268066406, 0.17340846359729767, 0.24029582738876343, -0.16710224747657776
19730.7539965, -8.324788513183595, -0.39338225036859514, -3.8767881774902344, 0.2530118525028229, 0.2480701506137848, -0.18245290219783783
19730.7640505, -7.9104495495557785, -0.5032537622284144, -3.579955151975155, 0.2893775999546051, 0.25899097323417664, -0.15315119922161102
19730.7741045, -7.641907984614373, -0.6373748651146889, -3.247197418212891, 0.2822817862033844, 0.2614198923110962, -0.09150075167417526
19730.784159500003, -7.539521484375, -0.7923026727698744, -2.9494665527343753, 0.24934034049510956, 0.2706400156021118, -0.01097368635237217
19730.7942135, -7.583529968261719, -0.7993380060978235, -2.8924351501464844, 0.19329412281513214, 0.24904286861419678, 0.07811206579208374
19730.8042675, -7.677833862304688, -0.6140234246850014, -2.747985242307186, 0.1265936642885208, 0.16440975666046143, 0.1535027027130127
19730.814322500002, -7.83695297241211, -0.37856305788271133, -2.8577073669433597, 0.06701307743787766, 0.08876411616802216, 0.21772843599319458
19730.8243765, -8.07765185058117, -0.1615144219994545, -3.053050855100155, 0.026220375671982765, 0.03265025094151497, 0.2551698088645935
19730.8344315, -8.430767542719842, -0.13995923708193006, -3.2715963873267175, 0.025031547993421555, 0.02567797526717186, 0.2596452832221985
19730.8444855, -8.81322280883789, -0.17932737976312638, -3.5393900933861735, 0.06742054969072342, 0.05450562760233879, 0.23278971016407013
19730.8545395, -9.138796945810318, -0.15013807922601702, -3.706293016970158, 0.1226247251033783, 0.09676766395568848, 0.1833995133638382
19730.864594500003, -9.318870722651482, -0.06616269777528942, -3.6396812438964847, 0.165777787566185, 0.11830225586891174, 0.12219715863466263
19730.8746485, -9.36093325316906, 0.06331804563291371, -3.4111062750220302, 0.17200298607349396, 0.14075371623039246, 0.06049276888370514
19730.8847035, -9.352700958251953, 0.13382141481153667, -3.1481031927466394, 0.13612355291843414, 0.14850085973739624, 0.006552303675562143
19730.894757500002, -9.31393099486828, 0.029937460916116834, -2.90096711486578, 0.0846988707780838, 0.12047771364450455, -0.030972950160503387
19730.9048115, -9.18175585448742, -0.03757215668912977, -2.8336074829101565, 0.02614235319197178, 0.11823108047246933, -0.045274123549461365
19730.914866500003, -9.046286977529526, -0.04281125277746469, -2.9612916693091393, -0.026239465922117233, 0.11352138966321945, -0.04128184914588928
19730.9249205, -9.00766728758812, -0.04266155948862434, -3.0852336376905445, -0.0599292553961277, 0.06125392019748688, -0.03669721633195877
19730.9349745, -9.03401484131813, -0.0029940713429823518, -3.214266192018986, -0.08153799921274185, 0.022116979584097862, -0.02978762611746788
19730.945029500002, -9.083260091543199, 0.08292727718129754, -3.378025360107422, -0.08172282576560974, 0.01850014179944992, -0.028927424922585487
19730.9550835, -9.212142664790154, 0.09849489043001086, -3.4899925231933597, -0.06542208790779114, 0.01786147803068161, -0.040079422295093536
19730.9651385, -9.367220764160157, 0.09415393123403192, -3.5217265319824222, -0.035747550427913666, 0.015836410224437714, -0.05940518528223038
19730.975192500002, -9.404642359614373, 0.09909364988096059, -3.4820593133568765, -0.006552740931510925, 0.030788719654083252, -0.07730884850025177
19730.9852465, -9.380543060302735, 0.10448243468999863, -3.310216077268124, 0.005448261741548777, 0.04974349960684776, -0.09410194307565689
19730.995301500003, -9.352700373530388, 0.054785797689110044, -3.0732591247558596, -0.0029192513320595026, 0.06591242551803589, -0.09745670109987259
19731.0053555, -9.301805623769761, 0.03562564143911004, -2.9166847229003907, -0.029568705707788467, 0.04018549248576164, -0.09167071431875229
19731.0154105, -9.166488189697267, 0.09160920470952988, -2.697690124511719, -0.07799722999334335, 0.005948672071099281, -0.0721568912267685
19731.025464500002, -9.08745196044445, 0.1468443609215319, -2.6345211920142173, -0.1367311179637909, -0.015522265806794167, -0.044557224959135056
19731.0355185, -9.179511108398438, 0.11540972043760121, -2.6435028076171876, -0.19019751250743866, -0.05282948911190033, -0.027029188349843025
19731.0455735, -9.392817535400392, 0.058827384011819965, -2.6746380615234377, -0.2400561422109604, -0.08445345610380173, -0.026075776666402817
19731.0556275, -9.640551783442497, 0.03622439632192254, -2.800825068354607, -0.27494052052497864, -0.10298505425453186, -0.04538819566369057
19731.0656825, -9.806706263422967, 0.05014544734731317, -2.869682172238827, -0.30736610293388367, -0.12121226638555527, -0.07717914879322052
19731.075736500003, -9.844278717041016, 0.1463952856231481, -2.935396105349064, -0.329501748085022, -0.11976145207881927, -0.10911315679550171
19731.0857905, -9.785750427246095, 0.2152520788740367, -3.0734091058373454, -0.3533375561237335, -0.10696336627006531, -0.1342475414276123
19731.0958455, -9.739946263432504, 0.27303192506544294, -3.1501994195580485, -0.3761483430862427, -0.10674447566270828, -0.15145844221115112
19731.105899500002, -9.701475677490235, 0.3207826269697398, -3.210673370361328, -0.39560380578041077, -0.12603268027305603, -0.1662144809961319
19731.1159545, -9.646390228271486, 0.3432359259389341, -3.246897748410702, -0.41710779070854187, -0.12729144096374512, -0.17063243687152863
19731.1260085, -9.545949096679688, 0.3481756811309606, -3.263663469851017, -0.43689239025115967, -0.12738065421581268, -0.17009234428405762
19731.1360625, -9.497748743891716, 0.334853375852108, -3.2883618164062502, -0.45704230666160583, -0.12517139315605164, -0.16919377446174622
19731.1461175, -9.538465245366098, 0.35551041017286483, -3.3178507867455482, -0.48089754581451416, -0.1343664824962616, -0.17193230986595154
19731.156171500003, -9.594747619628906, 0.39652513791807, -3.327730242311955, -0.5133256316184998, -0.1769750416278839, -0.18073967099189758
19731.1662265, -9.65357470214367, 0.4567000036407262, -3.3802709832787516, -0.5382440090179443, -0.2173384428024292, -0.185280904173851
19731.1762805, -9.673483886718751, 0.48214706788770856, -3.4872981262207032, -0.5493053197860718, -0.24031507968902588, -0.17809028923511505
19731.186334500002, -9.670790074467659, 0.3938307135365904, -3.473976122438908, -0.5527722239494324, -0.24742065370082855, -0.16055737435817719
19731.1963895, -9.766589101552963, 0.24474074771627785, -3.3371600469946863, -0.5698076486587524, -0.1914944350719452, -0.15873026847839355
19731.20644316667, -9.935739694833757, 0.19624162961728872, -3.1840290704369547, -0.6215286254882812, -0.11749904602766037, -0.18392857909202576
19731.21649816667, -10.090366389155388, 0.2591109105851501, -3.0856832885742187, -0.6916826367378235, -0.1227901503443718, -0.2304052710533142
19731.226552166667, -10.215506744384767, 0.34323593507520855, -3.31455763489008, -0.7036788463592529, -0.177724227309227, -0.2718174159526825
19731.23660616667, -10.12778856933117, 0.33575153558515014, -3.7462596130371097, -0.6638996005058289, -0.18024708330631256, -0.2799307405948639
19731.246661166668, -9.830057703852654, 0.1839671271108091, -3.898942108154297, -0.6279085278511047, -0.12406796216964722, -0.2513315677642822
19731.256715166666, -9.633067932128906, -0.017364202234894037, -3.650159454345703, -0.6213497519493103, -0.0498395636677742, -0.21183234453201294
19731.26677016667, -9.623786646723747, -0.09086135496385396, -3.276237030029297, -0.669567346572876, 0.023790979757905006, -0.19015420973300934
19731.276824166667, -9.773625640869142, -0.052840401632711295, -3.087779223024845, -0.7455601692199707, 0.07094582915306091, -0.20573453605175018
19731.28687916667, -9.93858202636242, 0.06421618709340692, -3.1659167352318764, -0.8252917528152466, 0.06722699105739594, -0.2585410475730896
19731.296933166668, -10.049652226567268, 0.13412082879804074, -3.631748326420784, -0.851539134979248, 0.051662884652614594, -0.33158329129219055
19731.306987166667, -9.914183349609376, 0.2007323277834803, -4.35160109192133, -0.8070576786994934, 0.014267041347920895, -0.3882012963294983
19731.31704216667, -9.399852320551872, 0.32826709041371943, -4.887785504758358, -0.7085467576980591, -0.00503398897126317, -0.40012186765670776
19731.327096166668, -8.792714869379997, 0.4507124182675034, -5.141957244873047, -0.5890696048736572, -0.027867931872606277, -0.3637596070766449
19731.337151166666, -8.43959976196289, 0.46717819581739606, -4.924010467529297, -0.49167293310165405, -0.057138048112392426, -0.3067232668399811
19731.34720516667, -8.481961669921876, 0.337098688390106, -4.407884050905705, -0.43035098910331726, -0.06467612832784653, -0.252144992351532
19731.357259166667, -8.843459930419922, 0.08771727969869972, -3.8119732537865643, -0.42300865054130554, -0.038598209619522095, -0.22719217836856842
19731.36731416667, -9.32186508178711, -0.12963070621713996, -3.204236755371094, -0.4670719802379608, -0.025255773216485977, -0.23471668362617493
19731.377368166668, -9.695487543940544, -0.17079514095559717, -2.785408007204533, -0.5424858927726746, -0.012626271694898605, -0.26783737540245056
19731.387423166667, -9.84592529296875, -0.11735628593713046, -2.750530242919922, -0.6263659000396729, 0.012768566608428955, -0.3177900016307831
19731.39747716667, -9.719437739253044, 0.04999574035406113, -2.959046923220158, -0.6944059133529663, 0.03057839162647724, -0.3602370619773865
19731.407532166668, -9.417365316152573, 0.24773454040288925, -3.2723451232910157, -0.7270663976669312, 0.0388786643743515, -0.38530275225639343
19731.417586166666, -9.039402465820313, 0.40266238460317255, -3.7860771051049236, -0.7115215063095093, 0.07873383164405823, -0.38580846786499023
19731.42764016667, -8.680447744131088, 0.5230121525935829, -4.152664197385311, -0.6808589696884155, 0.09407124668359756, -0.372078537940979
19731.437695166667, -8.471632563471795, 0.6219564152508974, -4.218976300656796, -0.6334735751152039, 0.1261519491672516, -0.35006779432296753
19731.44774916667, -8.46923812866211, 0.5727087895944715, -4.3864785638451576, -0.5724470019340515, 0.17372266948223114, -0.3340153098106384
19731.45780416667, -8.602610778808595, 0.4787043095380068, -4.310885467529297, -0.5232843160629272, 0.20995980501174927, -0.3281063139438629
19731.467858166667, -8.761579615473748, 0.42571453895419836, -4.136797485351563, -0.506199836730957, 0.21738070249557495, -0.32926425337791443
19731.47791316667, -8.766369069814683, 0.4147872623428703, -3.8827757263183598, -0.5181494355201721, 0.17990702390670776, -0.3254455626010895
19731.487967166668, -8.667124863266945, 0.40161450874060395, -3.7061427435278893, -0.5424355864524841, 0.13732680678367615, -0.3071954548358917
19731.498021166666, -8.473429412841798, 0.36194703429937364, -3.6353405633568765, -0.5626312494277954, 0.09001042693853378, -0.27189919352531433
19731.50807616667, -8.277336019277573, 0.31704052772372965, -3.5618431091308596, -0.5743440985679626, 0.070241779088974, -0.2289046049118042
19731.518130166667, -8.221503295898438, 0.2671940740942955, -3.566782836914063, -0.5795537233352661, 0.05898407846689224, -0.1917503923177719
19731.52818516667, -8.340055593252183, 0.2079174503311515, -3.563639373779297, -0.5805593132972717, 0.03194953128695488, -0.16107423603534698
19731.538239166668, -8.48884618163109, 0.1450480780005455, -3.5609446844458583, -0.5724534392356873, -0.016338925808668137, -0.14192527532577515
19731.548294166667, -8.596172409653665, 0.14370084296911956, -3.5473230108618736, -0.5639941692352295, -0.04710616171360016, -0.12893252074718475
19731.55834816667, -8.657096888422966, 0.20597131423652174, -3.5594483819603924, -0.5539454221725464, -0.059298548847436905, -0.12219740450382233
19731.568402166668, -8.679550196528435, 0.19190068412572148, -3.563190307617188, -0.5309175848960876, -0.05920480564236641, -0.11865966022014618
19731.578457166666, -8.700356343984604, 0.17992564128711822, -3.5675312805175783, -0.5047624111175537, -0.05498383939266205, -0.12675383687019348
19731.58851116667, -8.738079071044922, 0.16884863940998912, -3.4199384942650797, -0.48962342739105225, -0.041253913193941116, -0.1401735097169876
19731.598566166667, -8.775499497056007, 0.12409163882955909, -3.263812866210938, -0.48032906651496887, -0.019354145973920822, -0.15449467301368713
19731.60862016667, -8.792265218496324, 0.07544282287359239, -3.131188659667969, -0.48390886187553406, 0.0020374292507767677, -0.1651284098625183
19731.61867516667, -8.797354635000229, 0.033529999349266294, -3.063080291748047, -0.4922464191913605, 0.018470361828804016, -0.17064569890499115
19731.628729166667, -8.845555572509767, -0.024549297373741865, -3.1025984063744545, -0.49466484785079956, 0.03735031187534332, -0.17203053832054138
19731.63878316667, -8.920998687744142, -0.09759726516902448, -3.2516880798339844, -0.48627740144729614, 0.06350702047348022, -0.17495547235012054
19731.648838166668, -8.940458221435547, -0.1193022758513689, -3.408562151491642, -0.47615471482276917, 0.0771474689245224, -0.18112574517726898
19731.658892166666, -8.886719970703126, -0.008682292979210615, -3.483256530761719, -0.46457162499427795, 0.07184240221977234, -0.17209658026695251
19731.66894716667, -8.820706660151481, -0.010478521082550287, -3.6089953485131265, -0.4349735379219055, 0.04702227935194969, -0.15441931784152985
19731.679001166667, -8.721613311767578, 0.03846967231482268, -3.703149553835392, -0.4026036560535431, 0.030940283089876175, -0.11883308738470078
19731.68905616667, -8.57102587401867, 0.1483411567658186, -3.7348832702636723, -0.3649076819419861, 0.02459556609392166, -0.07336600869894028
19731.699110166668, -8.500373382568359, 0.27512755801901223, -3.6494113031029705, -0.33950376510620117, 0.033040620386600494, -0.028010515496134758
19731.709165166667, -8.634194514155388, 0.2923417791724205, -3.513943010866642, -0.32608675956726074, 0.05046381801366806, 0.0022278144024312496
19731.71921916667, -8.981921997070312, 0.20417515922337773, -3.342549425661564, -0.32762253284454346, 0.05403953045606613, 0.0054166363552212715
19731.729273166668, -9.303303095698357, 0.13831219520419838, -3.1808853149414062, -0.3428054749965668, 0.057716287672519684, -0.010401208885014057
19731.739328166666, -9.441914266347885, 0.15926846992224455, -3.1193629583716396, -0.35746198892593384, 0.04245718941092491, -0.03246838226914406
19731.74938216667, -9.399104461669923, 0.2993771490454674, -3.0651762261986732, -0.3645686209201813, 0.022790543735027313, -0.04760446026921272
19731.759437166667, -9.209896749258041, 0.46433421062305574, -3.1416665777564052, -0.357021301984787, 0.022464657202363014, -0.04180016368627548
19731.76949116667, -9.078321533203125, 0.6246507025882602, -3.1531929016113285, -0.3431936204433441, 0.02610253542661667, -0.030910231173038483
19731.77954616667, -9.109007136225701, 0.691561579015106, -3.069666303098202, -0.3261478841304779, 0.018906086683273315, -0.03083774447441101
19731.789600166667, -9.30150683104992, 0.6595282293297351, -3.034490038454533, -0.2987104058265686, 0.02242598682641983, -0.04906228929758072
19731.79965516667, -9.53172866821289, 0.5484591620229184, -2.9768598809838296, -0.2731105387210846, 0.030414529144763947, -0.07893180102109909
19731.809709166668, -9.606722717285157, 0.44427577586844563, -2.8526179504394533, -0.2533504068851471, 0.05534438416361809, -0.11462961137294769
19731.819763166666, -9.563013610839844, 0.3978723638132215, -2.7635531616210938, -0.2484532594680786, 0.08335824310779572, -0.13658495247364044
19731.82981816667, -9.40075045287609, 0.42421750556677584, -2.578388214111328, -0.27632907032966614, 0.06815798580646515, -0.14059488475322723
19731.839872166667, -9.183702392578125, 0.47226756663993, -2.4007077026367187, -0.3183213472366333, 0.01807516999542713, -0.12782958149909973
19731.84992716667, -9.020242309570312, 0.5572908513620496, -2.4310948053002357, -0.35553690791130066, -0.021187547594308853, -0.10347657650709152
19731.859981166668, -8.962162501215936, 0.629141364209354, -2.5845254516601566, -0.3774360716342926, -0.03782368078827858, -0.0793432667851448
19731.870036166667, -9.04479067504406, 0.606538385655731, -2.7295738220214845, -0.3727286756038666, -0.03723112866282463, -0.06961207836866379
19731.88009016667, -9.271269124746324, 0.567319995649159, -2.9157862982153895, -0.3536764085292816, -0.02536815032362938, -0.07406758517026901
19731.890145166668, -9.539063415527345, 0.5525008305720985, -3.058290252685547, -0.3217485845088959, -0.025601442903280258, -0.09874017536640167
19731.900199166666, -9.74578353881836, 0.5610330876521766, -3.107687530517578, -0.2974053621292114, -0.02636866085231304, -0.12951935827732086
19731.91025316667, -9.839338989257813, 0.5906713995337487, -3.0529014587402346, -0.2870965301990509, -0.008722822181880474, -0.1609198898077011
19731.920308166667, -9.821076965332031, 0.6231538519263268, -2.9970678582787516, -0.29076603055000305, 0.01589730754494667, -0.18335461616516113
19731.93036216667, -9.733807856440544, 0.6569835210777819, -2.9728179931640626, -0.30954742431640625, 0.05528812110424042, -0.19494175910949707
19731.94041716667, -9.665700073242188, 0.7641605902835727, -3.0069473138451577, -0.3401571810245514, 0.07157739996910095, -0.20693881809711456
19731.950471166667, -9.78844365477562, 0.6424637334421277, -3.0844854864478113, -0.35625651478767395, 0.019241226837038994, -0.222469300031662
19731.96052616667, -9.79847396850586, 0.5673200504668057, -3.322641118168831, -0.3337218165397644, 0.05781131237745285, -0.2328474223613739
19731.970580166668, -9.502838160395623, 0.5863304083608091, -3.6768046313524247, -0.3030019998550415, 0.15812700986862183, -0.22152820229530334
19731.980635166667, -9.335636444091797, 0.5108872565813363, -3.6453694152832035, -0.25784289836883545, 0.13153092563152313, -0.220088392496109
19731.99068916667, -9.330696131587029, 0.3869451237469912, -3.5700759887695312, -0.21405625343322754, 0.09176008403301239, -0.2152390331029892
19732.000744166668, -9.352251892089845, 0.35311539977788925, -3.668272081911564, -0.1708993911743164, 0.04839276149868965, -0.215824693441391
19732.010798166666, -9.378297729492187, 0.2725829228572548, -3.5477726617455483, -0.1301082819700241, -0.015420572832226753, -0.21656212210655212
19732.02085316667, -9.363776754140854, 0.12573830612003803, -3.4548156738281253, -0.09181445091962814, -0.06812047958374023, -0.21878060698509216
19732.030907166667, -9.352400996088981, 0.055234845578670505, -3.4251773071289064, -0.06682867556810379, -0.13955631852149963, -0.2132132649421692
19732.04096116667, -9.300908660888672, 0.013022699430584908, -3.306624132692814, -0.04310010001063347, -0.24608255922794342, -0.19501745700836182
19732.051016166668, -9.190438385009767, -0.020058580935001374, -3.2461498895287515, -0.008198309689760208, -0.3415374457836151, -0.15910525619983673
19732.061070166666, -9.103768615722657, -0.04805037170648575, -3.1025984063744545, 0.014178619720041752, -0.3947892487049103, -0.09882494807243347
19732.07112516667, -9.125622584223748, -0.17798018127679827, -2.7749295043945312, 0.029191389679908752, -0.3415212333202362, -0.02907649055123329
19732.081179166667, -9.344617767333984, -0.4511620965600014, -2.512525469362736, 0.02713792212307453, -0.24787400662899017, 0.049186915159225464
19732.091234166666, -9.60522524535656, -0.6965018732473255, -1.9092799249291421, -0.05246316269040108, -0.17441816627979279, 0.12729769945144653
19732.10128816667, -9.871371790766716, -0.829874486848712, -1.2843292236328125, -0.19376850128173828, -0.08169282972812653, 0.17539329826831818
19732.111343166667, -10.212363281250001, -0.7926020319387317, -1.301992785036564, -0.3549882769584656, 0.014394025318324566, 0.17724846303462982
19732.12139716667, -10.601852747797967, -0.5459150933101774, -1.7627343750000002, -0.4586932957172394, 0.1490161269903183, 0.1273786574602127
19732.131452166668, -10.750643920898439, -0.40535738456994297, -2.748434893190861, -0.5088616609573364, 0.2228698432445526, 0.05825764685869217
19732.141506166667, -10.472222900390625, -0.1357679437659681, -3.4423918023705484, -0.4941038191318512, 0.16402122378349304, -0.019515469670295715
19732.15156116667, -9.953101247549057, 0.11720610385760666, -4.2572969055175784, -0.40010330080986023, 0.05893449857831001, -0.059547308832407
19732.161615166668, -9.26947344481945, 0.33934403747320174, -4.9301477050781255, -0.2654520571231842, -0.03229367733001709, -0.0549573078751564
19732.171669166666, -8.62206914305687, 0.30970574386417865, -5.0341813659667976, -0.11254344880580902, -0.08702164143323898, -0.015103102661669254
19732.18172416667, -8.227489675283433, 0.18112307796254756, -4.827910016477108, 0.019516905769705772, -0.08993817120790482, 0.03707403689622879
19732.191778166667, -8.352032445073128, -0.20222969921305778, -4.283792101442814, 0.11592520028352737, -0.12707941234111786, 0.06423082202672958
19732.201832875002, -8.650210622549057, -0.5929172419756651, -3.5311566290259364, 0.15003640949726105, -0.1447683721780777, 0.06731981039047241
19732.211886875, -8.84211331665516, -0.7801779412105679, -2.8705811816453934, 0.11549998819828033, -0.16094493865966797, 0.059999577701091766
19732.221941875003, -8.863068568110467, -0.8587645561248064, -2.2582043328881265, 0.03349915146827698, -0.19107384979724884, 0.059299468994140625
19732.231995875, -8.775950317382813, -0.836460900194943, -1.875150604248047, -0.06819259375333786, -0.20273210108280182, 0.06850229203701019
19732.242050875, -8.675508016347885, -0.7448514031246305, -1.689536590576172, -0.17848491668701172, -0.19431647658348083, 0.08483517915010452
19732.252104875002, -8.678501790761947, -0.6858739740774036, -1.6142428717017174, -0.2653132975101471, -0.16837328672409058, 0.09573469310998917
19732.262159875, -8.84016736328602, -0.7120695732906461, -1.730102818608284, -0.3260914087295532, -0.1064581573009491, 0.08944270759820938
19732.272213875, -8.995094019770622, -0.7491923212073743, -1.9136203131079674, -0.3564338684082031, -0.03818190097808838, 0.06500714272260666
19732.282268875002, -9.049431610107423, -0.6920111933536828, -2.2225784173607828, -0.34211525321006775, 0.0357530415058136, 0.03222094848752022
19732.292322875, -9.067243398427964, -0.5613329401798547, -2.719245300292969, -0.27223655581474304, 0.09043040126562119, 0.003391431411728263
19732.302377875003, -8.959917755126954, -0.47795629533939066, -3.0273046875, -0.17453955113887787, 0.12204867601394653, -0.013452266342937946
19732.312431875, -8.764273427724838, -0.44727010759525004, -3.0847848638892175, -0.06755930930376053, 0.17351773381233215, -0.010991771705448627
19732.322486875, -8.660240936279298, -0.4516110622230917, -2.937341766357422, 0.005608622450381517, 0.22960419952869415, -0.002466759644448757
19732.332540875002, -8.7322412109375, -0.5188213069550693, -2.5171658197045326, 0.03033367544412613, 0.23388922214508057, 0.006808764301240444
19732.342595875, -8.882678959965705, -0.6185140680335462, -2.0423534899950027, 0.005387980490922928, 0.24549411237239838, 0.011299669742584229
19732.352649875, -9.067543360590935, -0.7174582393281163, -1.8100363031029703, -0.07081331312656403, 0.2975495755672455, 0.010086067020893097
19732.362704875002, -9.374107614755632, -0.8931929070688784, -1.8209635797142982, -0.13813535869121552, 0.28007179498672485, -0.006870012264698744
19732.372758875, -9.587113494873048, -0.9651930538192391, -2.0342697143554687, -0.20373781025409698, 0.25420504808425903, -0.02870713360607624
19732.382812875003, -9.532775904536248, -0.8584650873206556, -2.488724962770939, -0.251731812953949, 0.21054472029209137, -0.04131239280104637
19732.392867875, -9.315278193354606, -0.6568343257158995, -2.975961748659611, -0.2568810284137726, 0.1349484920501709, -0.03428218141198158
19732.402921875, -9.07562713623047, -0.4704718775767833, -3.4142500305175782, -0.23164072632789612, 0.06847375631332397, -0.015007348731160164
19732.412976875003, -8.888964132070543, -0.3683841974660754, -3.7125796508789066, -0.17623178660869598, 0.014534888789057732, 0.014034156687557697
19732.423030875, -8.803193664550781, -0.3766171593312174, -3.7624262872338297, -0.10427694767713547, -0.004843135364353657, 0.04314650595188141
19732.433085875, -8.863367945551873, -0.4207752223033458, -3.710783386230469, -0.024516068398952484, 0.003298947587609291, 0.06170101836323738
19732.443139875002, -9.02293670654297, -0.47556137630715967, -3.4587075805664065, 0.03132454305887222, 0.0278635136783123, 0.06898156553506851
19732.453194875, -9.243727569580079, -0.521066733696498, -3.0475129571557047, 0.048840686678886414, 0.0323629230260849, 0.06439134478569031
19732.463248875, -9.444609832763673, -0.5010083994409069, -2.5818313470482828, 0.027990318834781647, 0.011324448511004448, 0.039795443415641785
19732.473303875002, -9.640701472163201, -0.3959268855303526, -2.2252725219726566, -0.02944873832166195, 0.012750837951898575, -0.0005881960969418287
19732.483357875, -9.74578353881836, -0.3074609749345109, -2.0749853387475015, -0.09488437324762344, 0.004031294025480747, -0.0459260568022728
19732.493412875003, -9.729615987539292, -0.31973534953314814, -2.0130136236548424, -0.1591949164867401, -0.02270631119608879, -0.08459994941949844
19732.503466875, -9.602233225107193, -0.2868038629554212, -2.149530321657658, -0.20119978487491608, -0.03455759584903717, -0.10091882199048996
19732.513521875, -9.42754473388195, -0.26240464716218415, -2.4490568670630455, -0.2101951390504837, -0.03972146660089493, -0.09607931971549988
19732.523575875002, -9.25719838500023, -0.23860415884293618, -2.702031389772892, -0.19001032412052155, -0.07152612507343292, -0.07860152423381805
19732.533630875, -9.192982508540155, -0.19953537533059718, -2.8997698974609376, -0.14651371538639069, -0.11163067072629929, -0.05544373765587807
19732.543684875, -9.174720484614372, -0.10118991323746741, -2.92431884765625, -0.1052815318107605, -0.14919884502887726, -0.02478676848113537
19732.553739875002, -9.224866790771484, -0.14310270935297012, -2.848276977539063, -0.06738927960395813, -0.1602584272623062, -0.004582430236041546
19732.563793875, -9.318721618652344, -0.16660388418473304, -2.656226641237736, -0.04316270723938942, -0.15145565569400787, 0.013542504981160164
19732.573848875, -9.418414891362191, -0.15133555244654417, -2.3852900567650797, -0.06613752990961075, -0.13943760097026825, 0.022333865985274315
19732.583902875, -9.579928436279298, -0.15582616838626565, -2.1312682977318764, -0.12002503871917725, -0.14512351155281067, 0.024080105125904083
19732.593957875, -9.777967783212663, -0.1932483805390075, -2.014511095583439, -0.20344136655330658, -0.16636835038661957, 0.01512469258159399
19732.604011875002, -9.9712141674757, -0.18366835723165423, -2.0475923028588294, -0.3086119592189789, -0.1913018673658371, -0.004680708050727844
19732.614066875, -10.093660710453987, -0.10792589196469635, -2.2641918817162514, -0.4044410288333893, -0.25419002771377563, -0.02956954576075077
19732.624120875, -10.101742731928827, 0.007933308051433415, -2.62494140625, -0.46280437707901, -0.3074626326560974, -0.059800658375024796
19732.634175875002, -10.024653040766717, 0.14190469024004415, -3.283272107541561, -0.47477900981903076, -0.3376724421977997, -0.07859405875205994
19732.644229875, -9.88259844481945, 0.23171793408226224, -3.7341348266601564, -0.4338129162788391, -0.4211759567260742, -0.09326840937137604
19732.654284875, -9.73410723388195, 0.2700381346629001, -4.107009137570858, -0.3361577093601227, -0.43255990743637085, -0.10102220624685287
19732.664338875, -9.694889958500863, 0.2588114691898227, -4.411028098762036, -0.20564590394496918, -0.3849446177482605, -0.11682113260030746
19732.674393875, -9.766440582275392, 0.022153615462593736, -4.16434050232172, -0.09268739074468613, -0.3333541452884674, -0.1355721801519394
19732.684447875003, -9.9137336987257, -0.2570158440805972, -3.636837158203125, -0.029079193249344826, -0.2741144001483917, -0.15027227997779846
19732.694502875, -9.986332728266717, -0.44382728072348987, -3.0627809143066407, -0.01936451531946659, -0.24626146256923676, -0.14664852619171143
19732.704556875, -9.911039301753044, -0.5304970134655014, -2.4436683654785156, -0.07731432467699051, -0.2383573204278946, -0.12074605375528336
19732.714611875002, -9.901758016347886, -0.5703143730573357, -2.000739440917969, -0.1746230274438858, -0.23199769854545593, -0.07956026494503021
19732.724665875, -10.05234603881836, -0.5869296611705795, -1.8266517511010172, -0.28619256615638733, -0.26756155490875244, -0.03777209669351578
19732.734720875, -10.129135767817498, -0.5176239570742474, -1.7542027026414873, -0.4141113758087158, -0.2866489589214325, 0.00797381903976202
19732.744774875002, -10.091114832758905, -0.2634523265948519, -1.973346405029297, -0.5134763121604919, -0.3593955934047699, 0.06878017634153366
19732.754829875, -10.144702810049058, 0.013172331049572676, -2.359992370605469, -0.5270536541938782, -0.4543090760707855, 0.13029253482818604
19732.764883875003, -10.505604069828987, -0.014520084564574064, -2.976561088263989, -0.43749356269836426, -0.4357619881629944, 0.17056937515735626
19732.774938875, -11.066187744140626, -0.4144883234426379, -3.3290774407982826, -0.3038116693496704, -0.30981576442718506, 0.16793577373027802
19732.784992875, -11.481423670649528, -0.92058607543353, -3.1305904895067216, -0.1904490888118744, -0.1300872266292572, 0.11877936869859695
19732.795047875003, -11.553274256587029, -1.131497300178744, -2.8821069207787513, -0.11824840307235718, 0.07346989214420319, 0.047556061297655106
19732.805101875, -11.149564361572267, -0.8863070386229084, -2.772085711061955, -0.10605428367853165, 0.20497816801071167, -0.017678342759609222
19732.815156875, -10.71816146850586, -0.6550379879772663, -2.622995745241642, -0.12411211431026459, 0.18172265589237213, -0.07000253349542618
19732.825210875002, -10.27268783569336, -0.4354447489092127, -2.833607775270939, -0.12113046646118164, 0.09885761141777039, -0.09524233639240265
19732.835265875, -9.781259765625, -0.25207618025131523, -3.3016846972703937, -0.08149170875549316, -0.019195791333913803, -0.08497078716754913
19732.845319875, -9.15975044310093, -0.15837109590880574, -3.4715805181860926, -0.02475099451839924, -0.1100250706076622, -0.027899276465177536
19732.855374875002, -8.605005798339844, -0.1483418145775795, -3.438649876713753, 0.04208848625421524, -0.1550721675157547, 0.06803524494171143
19732.865428875, -8.34783882200718, -0.1945955790253356, -3.242257398068905, 0.11225001513957977, -0.1342191845178604, 0.16921059787273407
19732.875483875003, -8.456962484121323, -0.228874291498214, -2.867137463986874, 0.14986370503902435, -0.09473463147878647, 0.243299201130867
19732.885537875, -8.81771288573742, -0.241597759667784, -2.2620962396264077, 0.13218097388744354, -0.053983185440301895, 0.2647802233695984
19732.895592875, -9.289831695556641, -0.23950235512107612, -1.8742527642846107, 0.07600478082895279, -0.01552634034305811, 0.23206567764282227
19732.905647875003, -9.69788314819336, -0.16959749414585532, -1.7420773315429687, 0.013139653950929642, -0.004965304397046566, 0.15229709446430206
19732.915701875, -9.795930429697037, -0.05299011776223779, -1.8456628033518792, -0.03482520952820778, -0.027859434485435486, 0.07046454399824142
19732.925756875, -9.477540181875229, 0.14893987510353326, -2.0050804138183596, -0.057557109743356705, -0.045335493981838226, 0.015112102031707764
19732.935810875002, -9.058861414790154, 0.42526536315679553, -2.1421955743432046, -0.0690624937415123, -0.020583540201187134, -0.010722691193223
19732.945865875, -8.795111058354378, 0.5851328255049885, -2.2417388659715654, -0.06792815774679184, 0.004516609478741884, -0.025976527482271194
19732.955919875, -8.801845881342889, 0.5598355778865517, -2.2345529302954676, -0.058692846447229385, 0.00617788964882493, -0.056554146111011505
19732.965974875002, -8.971292343735696, 0.5176233038306236, -2.2602996826171875, -0.03763803839683533, 0.021540606394410133, -0.10630916059017181
19732.976028875, -9.137747955322267, 0.35760622585192325, -2.4035517883300783, -0.008358181454241276, 0.06674110889434814, -0.1674574762582779
19732.986083875003, -9.244925079345704, 0.13052818072959782, -2.473307024538517, 0.029826276004314423, 0.07962384819984436, -0.22842122614383698
19732.996137875, -9.199118576645851, -0.05763042242266238, -2.5004003906250003, 0.07315511256456375, 0.07831171154975891, -0.27132049202919006
19733.006192875, -8.99210024535656, -0.1344208000972867, -2.572700335085392, 0.10843359678983688, 0.06879393756389618, -0.2848837375640869
19733.016246875002, -8.629852956533432, -0.05912744667381049, -2.5378225708007816, 0.12822194397449493, 0.049372561275959015, -0.26219040155410767
19733.026301875, -8.330925750732423, 0.10493147801142186, -2.39501953125, 0.12339748442173004, 0.021471960470080376, -0.22165201604366302
19733.036355875, -8.2372200268507, 0.26674517352716065, -2.209405809938908, 0.09834139794111252, -0.01791619136929512, -0.1810888797044754
19733.046410875002, -8.286767578125, 0.32482429780298844, -2.063159637451172, 0.07444953173398972, -0.05011727660894394, -0.15293368697166443
19733.056464875, -8.415798085927964, 0.31883666903246194, -2.0375628662109375, 0.062419503927230835, -0.06336596608161926, -0.13991720974445343
19733.066519875003, -8.533753967285156, 0.24548924613744022, -2.0701952996850013, 0.08066349476575851, -0.04313943535089493, -0.13924479484558105
19733.076573875, -8.672066345214844, 0.12439113961067051, -2.1529731622338297, 0.11716637760400772, 0.004177480470389128, -0.14889343082904816
19733.086628875, -8.7259554541111, 0.023949848134070636, -2.1306698352098468, 0.15163663029670715, 0.04277164116501808, -0.14889532327651978
19733.096682875002, -8.586743774414064, 0.028739914605394008, -1.9606234484910965, 0.16779962182044983, 0.05665230005979538, -0.12719962000846863
19733.106737875, -8.430019683837891, 0.14130578689277173, -1.7932711663842202, 0.1607225388288498, 0.05476223677396774, -0.07632678002119064
19733.116791875, -8.332123845219613, 0.19175099540501833, -1.5967301684617996, 0.12942427396774292, 0.033914484083652496, -0.018394501879811287
19733.126846875002, -8.387957153320313, 0.22917315730825066, -1.5187417602539064, 0.09924306720495224, 0.011460666544735432, 0.04035987704992294
19733.136901875, -8.616231867671013, 0.21180924743413926, -1.526824951171875, 0.06662014126777649, -0.001605333760380745, 0.08066096156835556
19733.146955875, -8.901839700937272, 0.17408779945224526, -1.5994242730736734, 0.02465744875371456, -0.009086459875106812, 0.11129233986139297
19733.157010875002, -9.136549860835077, 0.15178401561453939, -1.595831159055233, -0.021287672221660614, -0.043979462236166, 0.1324934959411621
19733.167064875, -9.260641810297967, 0.2688406957034022, -1.6851956176757814, -0.05680760368704796, -0.07824864983558655, 0.15559269487857819
19733.177119875003, -9.32859990477562, 0.5363343299645931, -1.8291961669921877, -0.0936252772808075, -0.10671944171190262, 0.17260868847370148
19733.187173875, -9.326056365966798, 0.8684938250435517, -1.8184185791015626, -0.14080658555030823, -0.1137433722615242, 0.19397146999835968
19733.197228875, -9.527537384033204, 0.7960443882923574, -1.7968634033203126, -0.16847284138202667, -0.15928475558757782, 0.1897072046995163
19733.20728341667, -9.861792297363282, 0.5105878511600895, -1.8893710327148439, -0.17028608918190002, -0.2400953471660614, 0.16554518043994904
19733.217338416667, -9.95220428466797, 0.42451703832484783, -2.011367924809456, -0.14871607720851898, -0.27090707421302795, 0.13090330362319946
19733.22739241667, -10.070158996582032, 0.3968244673940353, -2.326612078249455, -0.08074463903903961, -0.2945682406425476, 0.08391767740249634
19733.237447416668, -10.21326141357422, 0.3149447668623179, -2.5768916192650795, 0.02805268205702305, -0.3004796504974365, 0.022643666714429855
19733.247501416667, -10.24619234740734, 0.1444493710831739, -2.6116194024682047, 0.13224229216575623, -0.2923550307750702, -0.0381711907684803
19733.25755641667, -10.234366938471794, 0.04116418805904687, -2.569556579589844, 0.24632519483566284, -0.20161956548690796, -0.07650446146726608
19733.267610416668, -10.082732849121093, 0.040266101130691824, -2.4487580743432047, 0.3140884041786194, -0.13469883799552917, -0.09359128028154373
19733.277665416666, -9.961185607910156, 0.042960341930156576, -1.8116830252110958, 0.3116510808467865, -0.15397267043590546, -0.09344347566366196
19733.28772041667, -9.843081207275391, 0.11960111882071943, -1.361119683533907, 0.268035352230072, -0.14346975088119507, -0.08241109549999237
19733.297774416667, -9.817783228754998, 0.12154706305358559, -1.2624748165905477, 0.18922442197799683, -0.12276951968669891, -0.07536623626947403
19733.307829416666, -9.924062805175781, 0.10972149880137295, -1.189127197265625, 0.115448959171772, -0.14942170679569244, -0.0862915888428688
19733.31788341667, -10.01881459593773, 0.09939310954883696, -1.408571154177189, 0.06459882855415344, -0.16961511969566345, -0.10296031087636948
19733.327938416667, -10.067464599609375, 0.11106874753721059, -1.817071672976017, 0.060506779700517654, -0.19547319412231445, -0.12649601697921753
19733.33799241667, -10.096504211425781, 0.014070456521585584, -2.3044581475853922, 0.11219873279333115, -0.18728424608707428, -0.14048241078853607
19733.348047416668, -10.081385650634767, -0.04550572740845382, -2.774181206971407, 0.211861252784729, -0.1267320215702057, -0.13935263454914093
19733.358101416667, -10.128836390376092, -0.18217150200158358, -3.0171261468529704, 0.3275814652442932, -0.05237896740436554, -0.12093500792980194
19733.36815641667, -10.175090205073356, -0.3604508323129267, -2.8623481558263304, 0.4014909267425537, 0.023650165647268295, -0.08672892302274704
19733.378210416668, -10.267000249028206, -0.5206176081486047, -2.4605839218199255, 0.4292439818382263, 0.09152056276798248, -0.038492150604724884
19733.388265416666, -10.442883326411248, -0.6816828360781074, -2.0246900747716428, 0.39866170287132263, 0.14294514060020447, 0.019567443057894707
19733.39831941667, -10.59556640625, -0.8229888239689171, -1.666783905029297, 0.3264106512069702, 0.17953059077262878, 0.07608957588672638
19733.408374416667, -10.767260538339615, -0.8279285882972182, -1.5953826776146889, 0.20588989555835724, 0.2194448709487915, 0.1060895100235939
19733.418429416666, -11.100316187739374, -0.8731345636770129, -1.6880397033691408, 0.0631370022892952, 0.22011224925518036, 0.1060146763920784
19733.42848341667, -11.099567744135857, -0.5698652886226774, -2.1249813714623453, -0.057527925819158554, 0.20817092061042786, 0.08215172588825226
19733.438538416667, -10.917995325922966, -0.10373448444530368, -3.010090630799532, -0.1063479334115982, 0.14923995733261108, 0.04178113117814064
19733.44859241667, -10.666967926025391, 0.17468657260760667, -3.847748858034611, -0.07440211623907089, 0.07954192906618118, 0.004804721102118492
19733.458647416668, -10.3975276440382, 0.15717290092259648, -4.500989850461483, 0.028391901403665543, 0.030854016542434692, -0.030998816713690758
19733.468701416667, -10.141559931635857, -0.005688399793580175, -4.801415989995003, 0.16722971200942993, -0.023834995925426483, -0.06093088537454605
19733.47875641667, -9.837842686772348, -0.27901992157101635, -4.794380327761173, 0.31090086698532104, -0.04899094998836517, -0.06758958846330643
19733.488810416668, -9.37650029540062, -0.5170252067595721, -4.552033996582032, 0.4207519292831421, -0.06232437118887901, -0.044972725212574005
19733.498865416666, -8.96291094481945, -0.7533835505694151, -4.152215423583985, 0.5017825961112976, -0.05341023951768875, 0.01970001496374607
19733.50891941667, -8.659342803955079, -1.0048605282604695, -3.6531533749401572, 0.5265262126922607, -0.031236790120601654, 0.1113995835185051
19733.518974416667, -8.489295832514763, -1.2328364864364267, -3.038082713931799, 0.4836839437484741, -0.02561645582318306, 0.22301240265369415
19733.529029416666, -8.434061279296875, -1.2751984674856067, -2.470762316286564, 0.3970082998275757, -0.016000308096408844, 0.3274267017841339
19733.53908341667, -8.543632838129998, -1.22250806520693, -2.1631518490612507, 0.29767078161239624, 0.012003098614513874, 0.41479891538619995
19733.549138416667, -8.818611018061638, -1.2136764306854457, -2.088756701052189, 0.20013916492462158, 0.07019299268722534, 0.4629581570625305
19733.55919241667, -9.197174962162972, -1.1907740016002208, -2.116149736940861, 0.1353263407945633, 0.12129638344049454, 0.47505316138267517
19733.569247416668, -9.365573018789291, -0.9207355585880578, -2.1875509643554687, 0.07206796109676361, 0.2640857994556427, 0.45063942670822144
19733.579301416667, -9.685608673095704, -0.8193962786835619, -2.2176386895775795, -0.020514436066150665, 0.3176132142543793, 0.3849938213825226
19733.58935641667, -10.084230905771255, -0.8629557398054749, -2.1909940972924233, -0.07827768474817276, 0.30141502618789673, 0.2919677793979645
19733.599411416668, -10.224337794184684, -0.7924523340817541, -2.804717852175236, -0.08684641122817993, 0.29534515738487244, 0.1991845667362213
19733.609465416666, -9.872718989253045, -0.5400771509762854, -3.335064989626408, -0.05927906930446625, 0.3032759428024292, 0.13611476123332977
19733.61952041667, -9.621690419912339, -0.46852599729783834, -3.500021667480469, -0.031061014160513878, 0.23227021098136902, 0.08847986906766891
19733.629574416667, -9.01889452636242, -0.1803752373531461, -3.37937255859375, 0.007458330597728491, 0.12788927555084229, 0.09116829931735992
19733.639629416666, -8.403075714111328, 0.10223704906180502, -3.444038378298283, 0.04339582473039627, 0.0897221714258194, 0.12301838397979736
19733.64968341667, -8.283324737548828, -0.11151836187578738, -3.4672398376464844, 0.1183335930109024, 0.04217107594013214, 0.1584291160106659
19733.659738416667, -8.280629171133041, -0.2836604637745768, -3.3458422851562504, 0.17916977405548096, 0.03746873140335083, 0.18077915906906128
19733.66979241667, -8.372688319087029, -0.232466820795089, -3.030448150634766, 0.20910483598709106, 0.10337473452091217, 0.1781274378299713
19733.679847416668, -8.652755915522576, -0.25596794994547967, -2.794089953005314, 0.2110750377178192, 0.13190197944641113, 0.1397068202495575
19733.689901416667, -8.88028335571289, -0.26554806461557745, -2.442620544433594, 0.19082094728946686, 0.08726311475038528, 0.0806400328874588
19733.69995641667, -8.89465347290039, -0.18501549633219838, -2.3077512994408607, 0.15910376608371735, 0.05726633220911026, 0.030673805624246597
19733.710011416668, -8.682993621826173, -0.12394248001277447, -2.345622253417969, 0.12645240128040314, 0.04000768065452576, 5.836295895278454e-05
19733.720065416666, -8.445286763906479, -0.09190913032740355, -2.374811553955078, 0.10268395394086838, 0.009862562641501427, -0.011187100782990456
19733.73012041667, -8.219556757807732, 0.0399666508845985, -2.409988695681095, 0.0839148536324501, -0.013661619275808334, -0.0055777328088879585
19733.740174416667, -8.139622980952263, 0.06975470630452037, -2.46447509765625, 0.08108657598495483, -0.04456547647714615, 0.003037859220057726
19733.750229416666, -8.140073801279069, 0.03966723689809442, -2.395468889772892, 0.08415243774652481, -0.06009385734796524, 0.012373604811728
19733.76028341667, -8.174051971435548, 0.005987320421263576, -2.330503984987736, 0.09758196026086807, -0.058022450655698776, 0.015145955607295036
19733.770338416667, -8.21491582274437, -0.08397564640268684, -2.1598582586646082, 0.10151998698711395, -0.043765582144260406, 0.018863990902900696
19733.78039341667, -8.268205592036248, -0.14355180292390288, -1.9715501403808595, 0.09753483533859253, -0.015545396134257317, 0.02586570754647255
19733.790447416668, -8.343798980712892, -0.17992609810084106, -1.739533208012581, 0.06448664516210556, -0.014090713113546371, 0.03638385608792305
19733.800502416667, -8.489744898676873, -0.14879080764949323, -1.3820765429735185, -0.0016263294965028763, -0.0342300683259964, 0.0453035831451416
19733.81055641667, -8.735384674072266, -0.11256613723933698, -1.1469152703881265, -0.08472853153944016, -0.03983132541179657, 0.04342181235551834
19733.820611416668, -9.041947174072266, -0.10762642772868276, -1.0656340026855469, -0.17488080263137817, -0.02960505336523056, 0.030099082738161087
19733.830665416666, -9.382189051508904, -0.19354786304757, -1.1455677795410157, -0.2396579533815384, -0.020902173593640327, -5.481927655637264e-05
19733.84072041667, -9.584417928457261, -0.20672045219689608, -1.435065473020077, -0.2687109410762787, -0.0051304008811712265, -0.03360319137573242
19733.850775416668, -9.663604431152343, -0.18845831863582135, -1.8477578607201577, -0.2598731517791748, -0.011590401642024517, -0.061504609882831573
19733.860829416666, -9.577084350585938, -0.04909826584160328, -2.0939955139160156, -0.25000107288360596, -0.026002630591392517, -0.07860130071640015
19733.87088441667, -9.546398747563362, 0.006136908642947674, -2.2608987298607826, -0.23283451795578003, -0.040783654898405075, -0.08774318546056747
19733.880938416667, -9.586214777827264, -0.11750597465783358, -2.290088030397892, -0.22595717012882233, -0.04580451175570488, -0.08700868487358093
19733.89099341667, -9.603428980708122, -0.1972900262475014, -2.258353729248047, -0.23765960335731506, -0.03928103670477867, -0.08190447837114334
19733.901047416668, -9.696535364985467, -0.26988907406106594, -2.257754682004452, -0.2602381408214569, -0.03203164413571358, -0.08228371292352676
19733.911102416667, -9.887538757324219, -0.3366502617672086, -2.4105874505639076, -0.2759588062763214, -0.00487457774579525, -0.09175840020179749
19733.92115741667, -10.158775303959848, -0.4174820795841515, -2.672842089235783, -0.27689704298973083, 0.012378178536891937, -0.1220151036977768
19733.931211416668, -10.358607991933823, -0.5188213435001672, -2.908601824343205, -0.25623607635498047, 0.035745978355407715, -0.1544921100139618
19733.941266416667, -10.364296163320542, -0.45445526668801906, -3.181633758544922, -0.2282284051179886, 0.05261550471186638, -0.18272215127944946
19733.95132041667, -10.272388458251953, -0.3516190333385021, -3.361410204470158, -0.19466517865657806, 0.0523068830370903, -0.19215692579746246
19733.961375416668, -10.15892499268055, -0.28800142753869296, -3.4332607904076577, -0.16441087424755096, 0.01577496901154518, -0.17867706716060638
19733.971429416666, -10.122551218271257, -0.2923424187116325, -3.439547716677189, -0.12560851871967316, -0.041437260806560516, -0.1389874666929245
19733.98148441667, -10.192454681396486, -0.37422211239114406, -3.3341665649414063, -0.11261814832687378, -0.06542222201824188, -0.08563608676195145
19733.991539416667, -10.256222076416016, -0.43349879097193483, -2.982248674929142, -0.15274345874786377, -0.0974390059709549, -0.03531992435455322
19734.00159341667, -10.199490051269532, -0.35850481498986486, -2.6866134515404703, -0.20782189071178436, -0.1433628350496292, 0.017338762059807777
19734.01164841667, -10.206226043701172, -0.17783042860217393, -2.6393115234375, -0.2522381842136383, -0.20318543910980225, 0.0647144690155983
19734.021702416667, -10.411748657226562, -0.07873655031435192, -2.7222390747070313, -0.2564355731010437, -0.2141278237104416, 0.08956575393676758
19734.03175741667, -10.665920689702034, -0.23576001833193005, -2.868036181032658, -0.23707202076911926, -0.1596127450466156, 0.09117114543914795
19734.041811416668, -10.685828704833986, -0.27557722717523575, -2.870880266726017, -0.21182338893413544, -0.05341386795043945, 0.09402019530534744
19734.051866416667, -10.685228780508043, -0.1604666923172772, -3.002605756223202, -0.20981085300445557, 0.04153067618608475, 0.060969267040491104
19734.06192141667, -10.567124964594841, 0.042960333935916424, -2.9063562011718753, -0.19509582221508026, 0.11237955093383789, 0.007784608751535416
19734.071975416668, -10.333011220693589, 0.42676217727363114, -3.2533349481225016, -0.17453256249427795, 0.23810289800167084, -0.06039044260978699
19734.082030416666, -10.434351654052735, 0.47720740405842665, -3.55361052185297, -0.12284671515226364, 0.29809218645095825, -0.14649523794651031
19734.09208441667, -10.58254348754883, 0.21629996387287975, -3.6254611077904704, -0.0764072984457016, 0.29193246364593506, -0.2215404510498047
19734.102139416667, -10.340047760009766, 0.043708941992372276, -3.69012663513422, -0.030456047505140305, 0.25771641731262207, -0.2402438223361969
19734.112194416666, -9.63995244383812, 0.2189941963925958, -3.6980595526099207, -0.009547607973217964, 0.24664801359176636, -0.19160225987434387
19734.12224841667, -8.981771723628045, 0.4519098366703838, -3.6116897454857826, -0.004025276284664869, 0.22440661489963531, -0.0932714194059372
19734.132303416667, -8.712780507802965, 0.5303468085452915, -3.4182919183373452, -0.013058125972747803, 0.18275801837444305, 0.01709844172000885
19734.14235741667, -8.879683431386947, 0.4794527988228947, -3.3133595404028893, -0.05201084911823273, 0.20555786788463593, 0.09723242372274399
19734.152412416668, -9.368268000483514, 0.4089494296442718, -3.3552726745605472, -0.0980883315205574, 0.2181500941514969, 0.12792588770389557
19734.162466416667, -9.91987093627453, 0.34772658756002783, -3.4868487676978113, -0.11912064999341965, 0.1770482063293457, 0.10854553431272507
19734.17252141667, -10.090366389155388, 0.5153780917916447, -3.8229002380371098, -0.11511069536209106, 0.14775767922401428, 0.0768480971455574
19734.182576416668, -9.865235137939454, 0.8961860053986311, -4.112547912597656, -0.07977693527936935, 0.12646836042404175, 0.04259371757507324
19734.192630416666, -9.638156763911248, 1.0403363896161317, -4.233646087646485, -0.005736145656555891, 0.11811509728431702, 0.0053220028057694435
19734.20268541667, -9.538314387202263, 0.9888435245119036, -4.177812194824219, 0.0739206001162529, 0.10695219784975052, -0.03812400996685028
19734.212738875, -9.563314157724381, 0.7183559879288077, -3.756738115847111, 0.1506226658821106, 0.09649248421192169, -0.09105785191059113
19734.222793875, -9.556427891850472, 0.39487867162562906, -3.265908800661564, 0.18708719313144684, 0.12450706958770752, -0.140046164393425
19734.232848875003, -9.458680572509767, 0.11675678187981249, -2.768193511962891, 0.2009270042181015, 0.13382235169410706, -0.18103379011154175
19734.242902875, -9.287735468745232, -0.09729801563546062, -2.3400834783911706, 0.1839488297700882, 0.1449706107378006, -0.19738800823688507
19734.252957875, -9.035511728525162, -0.2151029931474477, -2.144590886235237, 0.15057288110256195, 0.15792058408260345, -0.18894073367118835
19734.263011875002, -8.816666234135628, -0.34144025058019906, -2.014660784304142, 0.09939118474721909, 0.1262822300195694, -0.17254897952079773
19734.273066875, -8.716523895263672, -0.3373986048717052, -2.0472926330566406, 0.06475509703159332, 0.06001218780875206, -0.15833306312561035
19734.283121875, -8.691675567626953, -0.23561036387225615, -2.2737719598412514, 0.05195993557572365, 0.004463708493858576, -0.14626149833202362
19734.293175875002, -8.67042093873024, -0.21375566960836295, -2.4743551379442215, 0.052462708204984665, -0.03629710152745247, -0.14097537100315094
19734.303230875, -8.705296656489372, -0.29728198432596403, -2.639760881960392, 0.07046753913164139, -0.06995413452386856, -0.13721711933612823
19734.313284875003, -8.668922882080079, -0.32198079911526295, -2.685565922856331, 0.09880048036575317, -0.10030997544527054, -0.13155339658260345
19734.323339875, -8.5693798828125, -0.30790991318877786, -2.770139757692814, 0.1317421793937683, -0.10499180853366852, -0.11759763211011887
19734.333394875, -8.430917231440544, -0.30761067279148846, -2.7800189208984376, 0.1656361073255539, -0.14242511987686157, -0.10557134449481964
19734.343448875003, -8.346194584965707, -0.2996769650280476, -2.7413998156785966, 0.21766282618045807, -0.18287187814712524, -0.08232727646827698
19734.353503875, -8.276737849116326, -0.362247033007443, -2.8295661798119545, 0.2847515344619751, -0.16975249350070953, -0.048135433346033096
19734.363557875, -8.254134852290154, -0.45490428716875614, -2.725382537841797, 0.3389441967010498, -0.17208275198936462, -0.014545515179634094
19734.373612875002, -8.314310302734375, -0.5060978205129505, -2.3978642016649245, 0.3758382499217987, -0.1634301245212555, 0.0180574432015419
19734.383667875, -8.369395167231561, -0.5065469140838832, -2.189646898806095, 0.38375502824783325, -0.14453072845935822, 0.05818995088338852
19734.393721875, -8.35502505004406, -0.43754045952111487, -1.902843017578125, 0.3577083945274353, -0.14073243737220764, 0.09914930164813995
19734.403776875002, -8.440946375727654, -0.36613893060944974, -1.7706678771972657, 0.3102031946182251, -0.15723659098148346, 0.14036810398101807
19734.413830875, -8.615483424067497, -0.33260861149057747, -1.8411715570092202, 0.2765161395072937, -0.2220691591501236, 0.16816887259483337
19734.423885875, -8.768465296626092, -0.29488708128221336, -2.1397999700903894, 0.2756655216217041, -0.2509378492832184, 0.19291816651821136
19734.433940875002, -8.848699035644533, -0.20058309587650003, -2.579137242436409, 0.3175896108150482, -0.26881271600723267, 0.2089964598417282
19734.443994875, -8.870403900146485, -0.10104016969911754, -2.811303863525391, 0.37299826741218567, -0.28017351031303406, 0.2236800640821457
19734.454049875003, -8.949589233398438, 0.007184839323163033, -2.8979736328125, 0.4315144717693329, -0.272388756275177, 0.23137767612934113
19734.464103875, -9.097480520009995, 0.0356255866214633, -2.9159362792968753, 0.488143652677536, -0.25575917959213257, 0.22419700026512146
19734.474158875, -9.266329981684684, 0.023800186822190882, -2.837948455810547, 0.5254621505737305, -0.24616606533527374, 0.20621636509895325
19734.484213875003, -9.444609832763673, -0.008382874424569309, -2.7315200677514078, 0.5460867881774902, -0.21772164106369019, 0.17734503746032715
19734.494267875, -9.656119995117187, -0.0881669077416882, -2.674787750244141, 0.5468091368675232, -0.19871366024017334, 0.14246320724487305
19734.504322875, -9.76015365600586, -0.2251320917531848, -2.622995745241642, 0.541748583316803, -0.20568954944610596, 0.10920432209968567
19734.514376875002, -9.739645131826402, -0.3414402825571597, -2.647694091796875, 0.5357930064201355, -0.1969163417816162, 0.08295974135398865
19734.524431875, -9.633965479731561, -0.35925324032083156, -2.738704833984375, 0.5368580222129822, -0.16318660974502563, 0.06602470576763153
19734.534486875, -9.528585205078125, -0.35311590684112165, -2.8282189813256267, 0.5198245644569397, -0.1452522575855255, 0.06620413064956665
19734.544540875002, -9.563761469721795, -0.41179401326458903, -2.9356951904296875, 0.5131190419197083, -0.1708899736404419, 0.06403152644634247
19734.554595875, -9.59160298705101, -0.3589538263343275, -3.2431558227539066, 0.5267224907875061, -0.20386287569999695, 0.07685303688049316
19734.564649875003, -9.53576967895031, -0.23321536489762368, -3.5884879937767984, 0.5630027651786804, -0.23819023370742798, 0.09608052670955658
19734.574704875, -9.627079798579217, -0.15522744091227653, -3.856729888916016, 0.643194854259491, -0.28148606419563293, 0.11858662962913513
19734.584759875, -9.855204824209213, -0.2401010551862419, -4.049828338623047, 0.7620594501495361, -0.3006243407726288, 0.126612588763237
19734.594813875003, -10.100396118164063, -0.39517849674448374, -3.9898033078014854, 0.8725441098213196, -0.2657402753829956, 0.12780730426311493
19734.604868875, -10.257269312739373, -0.5291499383188785, -3.6521052615344525, 0.9572853446006775, -0.24698606133460999, 0.12529993057250977
19734.614922875, -10.361302973628044, -0.6815330834034831, -3.269351495057345, 1.041357159614563, -0.25800541043281555, 0.12732072174549103
19734.624977875003, -10.446027958989143, -0.8785234124399722, -2.9228223989903928, 1.1295530796051025, -0.2545965313911438, 0.15320798754692078
19734.635032875, -10.489137725830078, -1.1948157066944987, -2.4914195059239868, 1.198011875152588, -0.19967308640480042, 0.2118108719587326
19734.645086875, -10.271340052485467, -1.2519967797305436, -2.0032844415307047, 1.1844109296798706, 0.012119847349822521, 0.33629313111305237
19734.655141875002, -10.43794535279274, -1.4263842033036054, -1.6721732836961747, 1.0504529476165771, 0.23935914039611816, 0.414609432220459
19734.665195875, -10.883267542719842, -1.3956979698780925, -0.857716223448515, 0.8012270927429199, 0.24842186272144318, 0.4375235438346863
19734.675250875, -11.006011708974839, -0.8119119499996305, -0.8988806216418743, 0.5629258155822754, 0.15541952848434448, 0.43366625905036926
19734.685305875002, -10.733729095458985, -0.12259533634409309, -2.1164488220214843, 0.42574211955070496, 0.15002796053886414, 0.41749313473701477
19734.695359875, -10.51847554564476, 0.34563101627631115, -3.3308732669055465, 0.40150314569473267, 0.007491979748010635, 0.364915668964386
19734.705414875, -10.419982706308366, 0.3261713774463715, -3.9811215081810953, 0.5216867923736572, -0.2247963845729828, 0.29768654704093933
19734.715469875002, -9.895473428964616, 0.4840930258249864, -4.784949938356877, 0.734947144985199, -0.34359467029571533, 0.26608094573020935
19734.725523875, -9.190738347172738, 0.5228624433162622, -4.921466343998909, 0.9556941986083984, -0.23192033171653748, 0.28084659576416016
19734.735578875003, -9.061405538320543, -0.12259529294678942, -4.418810888975859, 1.1257108449935913, -0.0560503713786602, 0.30465394258499146
19734.745632875, -9.40164975464344, -0.8943903231876903, -3.1849273489415646, 1.1733590364456177, 0.051700860261917114, 0.3014269769191742
19734.755687875, -9.722730891108514, -1.1609860558155924, -1.9657125726342202, 1.090412974357605, 0.1347678005695343, 0.28001508116722107
19734.765742875003, -9.894724400639534, -1.0834472939232365, -1.2952572311460973, 0.9127750992774963, 0.21352440118789673, 0.2404668778181076
19734.775796875, -9.94936019897461, -0.979563248665072, -0.9741746328771115, 0.7051321864128113, 0.21851490437984467, 0.1916389763355255
19734.785851875, -9.81374338746071, -0.7918536157440395, -1.1570942495763303, 0.5236513018608093, 0.17079772055149078, 0.14571808278560638
19734.795906875002, -9.488019561767578, -0.49217684257775546, -1.7071998596191407, 0.40945592522621155, 0.12914161384105682, 0.12225987017154694
19734.805960875, -9.034013087153435, -0.1919012505747378, -2.4563919067382813, 0.3778543174266815, 0.12702280282974243, 0.12299810349941254
19734.816015875, -8.639881516098976, 0.07574221401941032, -3.082989037781954, 0.4188576340675354, 0.16186797618865967, 0.13293355703353882
19734.826069875002, -8.451574859619141, 0.17393800566438586, -3.593128197938204, 0.5050854682922363, 0.23878246545791626, 0.1423017531633377
19734.836124875, -8.534352137446405, 0.09999174109194428, -3.9044805908203126, 0.626625120639801, 0.2656647264957428, 0.1291947215795517
19734.846179875, -8.61922622680664, 0.0043406485626474025, -3.8377194213867187, 0.7520408630371094, 0.2529185712337494, 0.11206605285406113
19734.856233875, -8.552464472651483, -0.07499437112594023, -3.642974249571562, 0.8366249203681946, 0.27235549688339233, 0.10564149916172028
19734.866288875, -8.417893728017807, -0.20612167675746607, -3.147654418945313, 0.8727238178253174, 0.24817880988121033, 0.11756394058465958
19734.876342875003, -8.202043762207031, -0.35356502211070623, -2.4348367309570316, 0.8533628582954407, 0.21065792441368103, 0.15106962621212006
19734.886397875, -8.075706481933594, -0.4667296835419256, -1.867965545654297, 0.7815991640090942, 0.1937369853258133, 0.19126498699188232
19734.896452875, -8.114626134037971, -0.5797446728119394, -1.4094692865014078, 0.6749218106269836, 0.16511186957359314, 0.22190707921981812
19734.906506875002, -8.344546839594841, -0.6613250809838065, -1.2166699218750001, 0.5737611055374146, 0.13913804292678833, 0.23012851178646088
19734.916561875, -8.55066879272461, -0.6265972452471033, -1.329535509645939, 0.48385608196258545, 0.11406341940164566, 0.22407960891723633
19734.926616875, -8.597221984863282, -0.4384385438798927, -1.5188914489746095, 0.4182019829750061, 0.08865633606910706, 0.21072492003440857
19734.936670875002, -8.610693385004998, -0.2821635537268594, -1.6601976013183595, 0.3650307059288025, 0.06562376767396927, 0.19218164682388306
19734.946725875, -8.666078796386719, -0.18606338133104147, -1.761986223757267, 0.3354320526123047, 0.045074816793203354, 0.16562965512275696
19734.956780875, -8.734935607910156, -0.15732314238790424, -1.9278413262963296, 0.33929523825645447, 0.055416591465473175, 0.13587500154972076
19734.966834875002, -8.824000396728517, -0.20088254640810194, -2.1317173638939857, 0.36106017231941223, 0.09952093660831451, 0.10199081152677536
19734.976889875, -8.922345886230469, -0.2884504525875673, -2.2276675415039064, 0.3911314904689789, 0.129122793674469, 0.06882531195878983
19734.986943875003, -8.929381256103516, -0.3472781152557582, -2.2483245849609377, 0.4110226333141327, 0.12786658108234406, 0.037653014063835144
19734.996998875, -8.860823822021485, -0.3234776360727847, -2.190245653688908, 0.41529911756515503, 0.1134512647986412, 0.01867266744375229
19735.007053875, -8.751401367187501, -0.26794309785123915, -2.0806732177734375, 0.4023076593875885, 0.1036529615521431, 0.013483499176800251
19735.017107875003, -8.75185043334961, -0.26165620584273713, -1.9532884088158609, 0.36945441365242004, 0.09368537366390228, 0.02072175219655037
19735.027162875, -8.82609720826149, -0.2911448792531155, -1.6962728753685952, 0.3227505683898926, 0.06595440953969955, 0.024324476718902588
19735.037217875, -9.0371565502882, -0.3942804066755343, -1.675914624631405, 0.2868974804878235, 0.059082284569740295, 0.03400692716240883
19735.047271875002, -9.231004028320314, -0.4093989411997609, -1.603914934694767, 0.24395881593227386, 0.02955155447125435, 0.041088804602622986
19735.057326875, -9.459278742671014, -0.4767588712263387, -1.5878979492187502, 0.20797789096832275, 0.014571555890142918, 0.048497412353754044
19735.067380875, -9.659861628413202, -0.5063972367835231, -1.5655940374732018, 0.16768878698349, -0.014777811244130135, 0.04541240632534027
19735.077435875002, -9.805808131098749, -0.48618925891758413, -1.5748750305175783, 0.12731941044330597, -0.029325339943170547, 0.04059711471199989
19735.087490875, -9.891730041503907, -0.3957772790361196, -1.7018110656738281, 0.0902511328458786, -0.06206943839788437, 0.035610344260931015
19735.097544875, -9.893526306152344, -0.32407636411779095, -1.773961321413517, 0.06023811548948288, -0.08764102309942245, 0.034226614981889725
19735.107599875002, -9.94412109375, -0.3138975316809956, -1.8660195922851563, 0.037889402359724045, -0.10215871036052704, 0.03083587810397148
19735.117654875, -10.071355921626092, -0.3607500921247993, -1.9643653741478921, 0.027241751551628113, -0.1032639741897583, 0.01911447010934353
19735.127708875003, -10.249784876704217, -0.3915859959984664, -2.0697459411621093, 0.029253769665956497, -0.12084802985191345, -0.004354636650532484
19735.137763875002, -10.454708735346795, -0.5548963977087988, -2.180665575563908, 0.05298047885298729, -0.13841117918491364, -0.037328846752643585
19735.147818875, -10.473570098876953, -0.5167257576376687, -2.2341044488549233, 0.06494366377592087, -0.14924092590808868, -0.07112116366624832
19735.157872875003, -10.364746398925782, -0.4632868852210231, -2.2468276977539063, 0.07607974857091904, -0.1452503204345703, -0.08774489164352417
19735.167927875, -10.168055419921876, -0.45430556426290425, -2.2243743896484376, 0.07854290306568146, -0.13228978216648102, -0.09125547111034393
19735.177981875, -9.99726058959961, -0.44966521163703876, -2.1757252630591393, 0.07601869106292725, -0.11097867041826248, -0.07409373670816422
19735.188036875003, -9.86538424193859, -0.4567005746578798, -2.105072186887264, 0.05584205687046051, -0.08828161656856537, -0.04422159120440483
19735.198091875, -9.883645681142808, -0.44113295684102927, -2.0341197332739833, 0.02426602877676487, -0.074114590883255, -0.005159460939466953
19735.208146375, -9.957145181894303, -0.37407239626161753, -1.9797836047410966, -0.01887371763586998, -0.08168888092041016, 0.03957125544548035
19735.218201375003, -10.119705963134766, -0.34727812896016985, -2.0586692681908607, -0.056099798530340195, -0.0628288984298706, 0.07627736777067184
19735.228256375, -10.414892120361328, -0.3378477235673927, -2.2309609857201576, -0.09327512979507446, -0.043202199041843414, 0.08883736282587051
19735.238310375, -10.620863800048829, -0.21809674243675545, -2.3650820794701577, -0.11957210302352905, -0.05776198208332062, 0.08839578926563263
19735.248365375002, -10.688522517085076, 0.06077331225620583, -2.575244750976563, -0.11558375507593155, -0.08228196948766708, 0.09413570165634155
19735.258420375, -10.804680964350702, 0.2022291698801564, -2.8656405767798425, -0.066691555082798, -0.052573442459106445, 0.10570633411407471
19735.268474375, -11.00601287841797, 0.057629865109920506, -3.030747528076172, -0.0016273355577141047, 0.04811561852693558, 0.11634326726198196
19735.278529375002, -11.139385528564453, -0.12005066463723779, -2.876867230832577, 0.02937277778983116, 0.16655679047107697, 0.11603090167045593
19735.288584375, -11.16363510131836, -0.1032855302025564, -2.5340803527832034, -0.009020684286952019, 0.2559117078781128, 0.09688197821378708
19735.298638375, -11.154951986074447, 0.07170060942415149, -2.4032521185278894, -0.08631744235754013, 0.2765081226825714, 0.05293228104710579
19735.308693375002, -11.084898834228516, 0.35895322790835055, -2.491568756103516, -0.180724635720253, 0.20788618922233582, -0.013182290829718113
19735.318747375, -10.94404233276844, 0.5975570806860924, -2.886298204958439, -0.23772560060024261, 0.11023400723934174, -0.08941443264484406
19735.328802375003, -10.723100611567498, 0.6303389059519395, -3.5024169793725015, -0.22200149297714233, 0.043516770005226135, -0.14725536108016968
19735.338857375, -10.317294489741325, 0.5382803541398608, -3.992347869873047, -0.15958280861377716, -0.003110426478087902, -0.17254474759101868
19735.348911375, -9.810598754882813, 0.4477186895348132, -4.164041124880314, -0.0679362416267395, -0.006600232794880867, -0.15946435928344727
19735.358966375003, -9.435777613520623, 0.4266125622141408, -4.085903612673283, 0.006375814788043499, 0.026767652481794357, -0.133713498711586
19735.369021375, -9.380692749023439, 0.40266236062045213, -3.723207550048828, 0.039524711668491364, 0.06534940004348755, -0.129080131649971
19735.379075375, -9.570348358154297, 0.32407578110927715, -3.2730935668945316, 0.03513845056295395, 0.08855053037405014, -0.15727423131465912
19735.389130375002, -9.673931783437729, 0.2510276557132602, -2.943179041743279, 0.0014420055085793138, 0.13104233145713806, -0.20210641622543335
19735.399185375, -9.582771352529527, 0.2677928244089708, -2.804268201291561, -0.025801828131079674, 0.15539273619651794, -0.242312952876091
19735.409239375, -9.215436401367189, 0.33275773376226425, -2.7861564508080483, -0.02963465079665184, 0.1755984127521515, -0.25220155715942383
19735.419294375002, -8.647965876460075, 0.4709204138349742, -2.807711041867733, -0.01592920534312725, 0.23256918787956238, -0.2158568650484085
19735.429349375, -8.205486018061638, 0.5864800788089634, -2.7303222656250004, -0.00804411806166172, 0.28489843010902405, -0.15671737492084503
19735.439403375, -8.131091893315316, 0.5288499487470836, -2.506089146733284, -0.021886108443140984, 0.34382909536361694, -0.10054092854261398
19735.449458375002, -8.366103769540787, 0.38649600276723506, -2.371369005739689, -0.047711845487356186, 0.35160765051841736, -0.08005589246749878
19735.459513375, -8.687483698725702, 0.326770239751786, -2.252066802978516, -0.0830172672867775, 0.3010713458061218, -0.09617117792367935
19735.469567375003, -8.844657440185546, 0.35775576839223505, -2.262544721066952, -0.11122307926416397, 0.24009323120117188, -0.11776169389486313
19735.479622375, -8.723858642578126, 0.41927777778357267, -2.374961535036564, -0.11871391534805298, 0.18011920154094696, -0.12545830011367798
19735.489677375, -8.42687563598156, 0.4293069586157799, -2.3839428582787514, -0.11705423146486282, 0.13845884799957275, -0.11494440585374832
19735.499731375003, -8.21626419067383, 0.3779637639597058, -2.300416552126408, -0.1227709949016571, 0.12283577769994736, -0.1019577607512474
19735.509786375, -8.337062403559685, 0.17932675849646332, -2.10522216796875, -0.1255822330713272, 0.07533882558345795, -0.08130920678377151
19735.519840375, -8.120163447260857, 0.28186360526829957, -2.076332244873047, -0.15082493424415588, 0.0748625099658966, -0.05689629539847374
19735.529895375003, -8.17944076538086, 0.36089915843680503, -2.1362074407935143, -0.16951338946819305, 0.03768478333950043, -0.04253626614809036
19735.539950375, -8.457411550283432, 0.28156424609944225, -2.1634507879614833, -0.17430947721004486, -0.016375595703721046, -0.050773099064826965
19735.550004375, -8.728050511479378, 0.2019297735951841, -2.2423370361328128, -0.1896817833185196, -0.035199616104364395, -0.0748446136713028
19735.560059375002, -8.850194753408433, 0.17453677425161004, -2.3680755615234377, -0.18308186531066895, -0.07077319920063019, -0.1085546538233757
19735.570114375, -8.840914637446405, 0.2573146185278893, -2.4971072387695314, -0.15202488005161285, -0.11108653247356415, -0.13044238090515137
19735.580168375, -8.706493581533433, 0.3790115667320788, -2.5569824346899988, -0.10262046754360199, -0.12813864648342133, -0.1461401879787445
19735.590223375002, -8.627460275888444, 0.3772152655385435, -2.5164176684618, -0.04228975623846054, -0.11291256546974182, -0.15458214282989502
19735.600278375, -8.643774007558823, 0.23396319637075066, -2.3523582458496093, 0.01659051701426506, -0.09465892612934113, -0.15873925387859344
19735.610332375, -8.72236117064953, 0.07589192558079959, -2.0422032165527346, 0.05583379417657852, -0.0757795125246048, -0.16194677352905273
19735.620387375002, -8.810377553701402, -0.05433726143091917, -1.7232159680128099, 0.05847957730293274, -0.04781273752450943, -0.16542096436023712
19735.630442375, -8.951684875488281, -0.17319010566920043, -1.4412030029296876, 0.02822314016520977, -0.038876231759786606, -0.16917602717876434
19735.640496375003, -9.006920013427735, -0.25806366512551904, -1.2144248834252358, -0.025460533797740936, -0.07442085444927216, -0.1652587354183197
19735.650551375, -8.924291254878044, -0.25237543892115355, -1.1916719055175782, -0.08685944974422455, -0.11276478320360184, -0.14621368050575256
19735.660606375, -8.818761291503908, -0.11166804146021606, -1.4111155700683595, -0.12999609112739563, -0.15116582810878754, -0.11463528126478195
19735.670660375003, -8.736581599116326, -0.008981542512774467, -1.7525555419921877, -0.13669341802597046, -0.19227570295333862, -0.08102858066558838
19735.680715375, -8.750353546142579, 0.077388776242733, -2.1073181024193763, -0.11223074048757553, -0.21407151222229004, -0.05244273319840431
19735.690770375, -8.892706934809684, 0.17154298156499864, -2.3544535955786707, -0.07699552178382874, -0.22650261223316193, -0.02805296890437603
19735.700824375002, -9.242230682373048, -0.033530565798282626, -2.451602160036564, -0.017355380579829216, -0.28305909037590027, -0.015707138925790787
19735.710879375, -9.476043294668198, -0.11541022293269634, -2.464774182736874, 0.03648415207862854, -0.30452924966812134, 0.0009376180823892355
19735.720934375, -9.608667501211167, -0.07708994697779417, -2.4712110900878907, 0.07567496597766876, -0.30089321732521057, 0.023313764482736588
19735.730988375002, -9.700277583003045, 0.014669238813221455, -2.2962249755859374, 0.0901883915066719, -0.30447784066200256, 0.04470853507518768
19735.741043375, -9.889335021972657, 0.05807893127202988, -2.090552673339844, 0.08105867356061935, -0.3003859519958496, 0.05601634457707405
19735.751098375, -10.151888453364373, -0.007335039675235749, -2.009870160520077, 0.057418327778577805, -0.2830357253551483, 0.04813791438937187
19735.761152375002, -10.391840057373047, -0.04864912658929825, -1.9883152770996095, 0.02736447937786579, -0.24729332327842712, 0.02638017199933529
19735.771207375, -10.584638544917107, -0.04206278633326292, -2.238445421755314, 0.01736963540315628, -0.19804534316062927, -0.007885390892624855
19735.781262375, -10.753188044428827, -0.12454130798578263, -2.5390197882056236, 0.0127901965752244, -0.1668817549943924, -0.048384375870227814
19735.791316375, -10.83671435058117, -0.22363516800105573, -2.7725344848632814, 0.024899324402213097, -0.16299326717853546, -0.0867551937699318
19735.801371375, -10.788514582514763, -0.2863547785207629, -3.0898745727539065, 0.06642388552427292, -0.171209916472435, -0.10854726284742355
19735.811426375, -10.662327575683594, -0.3679351678490639, -3.3917967224121095, 0.13792550563812256, -0.16377197206020355, -0.10991772264242172
19735.821480375, -10.549162902832032, -0.4572993341088295, -3.548820336610079, 0.2338017374277115, -0.1357489973306656, -0.0862063318490982
19735.831535375, -10.516530176997186, -0.6090836238116026, -3.438948377072811, 0.3087223470211029, -0.08735403418540955, -0.04269880801439285
19735.841590375003, -10.496471888422967, -0.7686518731713295, -3.0615832583606246, 0.3347785472869873, -0.05580142140388489, 0.009524480439722538
19735.851644375, -10.540779749751092, -0.8699911005422474, -2.677182477414608, 0.34026625752449036, -0.048385851085186005, 0.06964827328920364
19735.861699375, -10.707083918452263, -0.9300163140892983, -2.5165667724609375, 0.3312433063983917, -0.05808079615235329, 0.12086296826601028
19735.871754375003, -10.894643885493279, -0.9608521540090442, -2.299517981261015, 0.30523034930229187, -0.010116200894117355, 0.15691924095153809
19735.881808375, -10.995833460688592, -0.9624987299367785, -2.23036164611578, 0.24555937945842743, 0.051981016993522644, 0.17565348744392395
19735.891863375, -10.852580770254136, -0.8363111383840443, -1.9462523080408574, 0.1327555924654007, 0.06157585233449936, 0.18184667825698853
19735.901918375002, -10.56368212401867, -0.595462023317814, -1.9660118038952352, 0.02555041015148163, 0.03929916024208069, 0.1831713765859604
19735.911972375, -10.373576864004136, -0.43230128120630984, -2.4625292904675007, -0.035502560436725616, 0.018693484365940094, 0.17634862661361694
19735.922027375, -10.162817484140396, -0.3041678459197283, -3.0145812924206257, -0.0543164424598217, -0.004837339743971825, 0.1737903207540512
19735.932082375002, -9.949210510253907, -0.2975814691185951, -3.4229322686791424, -0.02199552021920681, -0.07154525816440582, 0.1816069781780243
19735.942136375, -9.620494079589845, -0.2715356134437025, -3.669169921875, 0.039768874645233154, -0.09107836335897446, 0.2053070068359375
19735.952191375, -9.469906641840936, -0.32707016536965966, -3.791615149229765, 0.11320687085390091, -0.038423940539360046, 0.22005052864551544
19735.962246375002, -9.607920227050782, -0.5373827996850014, -3.5233732540905476, 0.15706469118595123, 0.019205555319786072, 0.20914699137210846
19735.972301375, -9.867032572031022, -0.7985896173119545, -2.986589794009924, 0.13524195551872253, 0.05896362289786339, 0.15823987126350403
19735.982355375003, -10.145453592538834, -0.993184972498566, -2.483186772465706, 0.07672266662120819, 0.06900421530008316, 0.08351525664329529
19735.992410375, -10.183173395991325, -1.0642870782874525, -2.352208557128906, -0.0005193908582441509, 0.16302524507045746, 0.008017836138606071
19736.002465375, -9.952203115224838, -1.0190811029076576, -2.4631280453503135, -0.07526912540197372, 0.2560668885707855, -0.048896610736846924
19736.012519375003, -9.528734309077263, -0.9590558710880578, -2.6270370483398438, -0.13252922892570496, 0.30131611227989197, -0.08175894618034363
19736.022574375, -9.109456787109375, -0.786165471766144, -2.9650341796875, -0.1555282324552536, 0.29013094305992126, -0.09912203997373581
19736.032629375, -8.78942171752453, -0.59905453434214, -3.372487169802189, -0.13454250991344452, 0.25850963592529297, -0.10855256021022797
19736.042683375003, -8.636139882802963, -0.5128338129445911, -3.7898187384009363, -0.06572099030017853, 0.24158740043640137, -0.11692869663238525
19736.052738375, -8.590336303710938, -0.581091887857765, -4.065845324099064, 0.033161912113428116, 0.20728056132793427, -0.13256171345710754
19736.062793375, -8.545279998779296, -0.7484438410587609, -4.068090070188045, 0.1539207547903061, 0.17547573149204254, -0.1415441632270813
19736.072847375002, -8.347990264892578, -0.834963976442814, -3.842509460449219, 0.25617098808288574, 0.15076106786727905, -0.13582181930541992
19736.082902375, -8.07750274658203, -0.9419914117455483, -3.324586779177189, 0.32169055938720703, 0.14147132635116577, -0.11228892207145691
19736.092957375, -7.821685892343521, -0.9731266656517983, -2.7445429864525797, 0.3443005383014679, 0.12649956345558167, -0.07122802734375
19736.103011375002, -7.657325338125229, -1.0232722774520517, -2.165247344970703, 0.33541661500930786, 0.09346440434455872, -0.021565906703472137
19736.113066375, -7.533084869384766, -1.0412350335717202, -1.636098009645939, 0.28542083501815796, 0.07170265167951584, 0.04026896506547928
19736.123121375, -7.491919886469842, -0.9828563959524036, -1.2973521423339844, 0.20394887030124664, 0.09330008924007416, 0.09370449185371399
19736.133175375002, -7.610623041987419, -0.9228312189504505, -1.1979585394263268, 0.10545212775468826, 0.09768497943878174, 0.13280236721038818
19736.143230375, -7.75432538330555, -0.8250845574215054, -1.145119005739689, 0.005883076693862677, 0.0536903440952301, 0.15890556573867798
19736.153285375, -7.809709040522576, -0.6183643610402942, -1.3269905090332033, -0.06948038190603256, -0.020068567246198654, 0.17494046688079834
19736.163340375002, -7.845335540771485, -0.39757351627573373, -1.7292041015625002, -0.08775404840707779, -0.06968381255865097, 0.1805892437696457
19736.173394375, -7.933351923823357, -0.21869551330804826, -2.1541700872778895, -0.06877902150154114, -0.09010972827672958, 0.16843964159488678
19736.183449375003, -8.106092707514764, -0.15747282654047012, -2.359992370605469, -0.026826951652765274, -0.09994172304868698, 0.1470843255519867
19736.193504375, -8.340655517578126, -0.15672440120950343, -2.407742780148983, 0.025107618421316147, -0.10299450904130936, 0.11035534739494324
19736.203558375, -8.591832021474838, -0.1914521661400795, -2.284998029172421, 0.0522521547973156, -0.09765762835741043, 0.06843820214271545
19736.2136135, -8.810677515864374, -0.22348555237054826, -2.109563140869141, 0.06502094864845276, -0.07751987129449844, 0.03458062931895256
19736.223668500003, -8.928483123779298, -0.25926113834604625, -1.8806893792748451, 0.043944101780653, -0.0964309424161911, 0.016342250630259514
19736.2337225, -8.918903045654297, -0.26944000789895656, -1.545685729980469, -0.0014164563035592437, -0.143792062997818, 0.02455730363726616
19736.2437775, -8.858578491210938, -0.27378098079934715, -1.3361215209960937, -0.06974802911281586, -0.19368386268615723, 0.0449158176779747
19736.253832500002, -8.924142150878907, -0.31090378353372217, -1.2275974908471108, -0.140420064330101, -0.24751168489456177, 0.0707295760512352
19736.2638865, -9.063651453852653, -0.351170012857765, -1.2478054681420327, -0.20008666813373566, -0.29351621866226196, 0.09272763133049011
19736.2739415, -9.233548151850702, -0.299826799929142, -1.4338682556152345, -0.23808757960796356, -0.32047033309936523, 0.11350374668836594
19736.283996500002, -9.42649691283703, -0.20133160343393686, -1.6920810064673424, -0.2526090741157532, -0.36495786905288696, 0.1250237375497818
19736.2940505, -9.609865595698357, -0.04879880617372692, -1.8208137448132038, -0.2526482343673706, -0.40498703718185425, 0.12695425748825073
19736.3041055, -9.936786346435547, 0.0944532812666148, -2.000589898377657, -0.24229633808135986, -0.37826552987098694, 0.10305720567703247
19736.314160500002, -10.400521418452263, 0.06406647096388042, -2.052681719362736, -0.242359459400177, -0.3482261300086975, 0.05075991526246071
19736.3242155, -10.844049682617188, -0.0812812677025795, -1.9981950250267984, -0.25030481815338135, -0.30255064368247986, -0.019662626087665558
19736.334269500003, -11.041189727783204, -0.146545549929142, -2.0414547729492187, -0.27551695704460144, -0.26838016510009766, -0.08322509378194809
19736.3443245, -10.963501281738282, -0.13217540533281863, -2.0300784301757813, -0.3135964572429657, -0.2466297596693039, -0.12754733860492706
19736.3543795, -10.71411928832531, 0.00793318242765963, -2.2342542837560178, -0.34977737069129944, -0.22076354920864105, -0.1330062747001648
19736.364433500003, -10.534493408203126, -0.021405788557603958, -2.3619383239746097, -0.3868905007839203, -0.23599445819854736, -0.11957620829343796
19736.3744885, -10.394235076904298, -0.0026946527883410457, -2.586920763552189, -0.40529561042785645, -0.2505161166191101, -0.09496060758829117
19736.3845435, -10.42117904663086, 0.016764826085418464, -2.963537731021643, -0.3735184669494629, -0.29483991861343384, -0.06459545344114304
19736.394597500002, -10.609486287832262, -0.07484464357607067, -3.1207101568579674, -0.3037814795970917, -0.31582480669021606, -0.0303309578448534
19736.4046525, -10.872488785386086, -0.3466793329641223, -3.0502066232264045, -0.23457667231559753, -0.2758442461490631, -0.008578355424106121
19736.4147075, -11.01753890991211, -0.5813912927079946, -2.67673355743289, -0.16578908264636993, -0.24635666608810425, 0.011759938672184944
19736.424762500003, -10.896889801025392, -0.3541638055443764, -2.8077116265892985, -0.1293485164642334, -0.08196638524532318, 0.02842073328793049
19736.4348165, -11.58515736937523, -0.7173086145613343, -2.3915768368542194, -0.1297418624162674, -0.07079069316387177, -0.013120850548148155
19736.4448715, -11.93273516356945, -0.7634127588104457, -1.7648301632702352, -0.1500520557165146, -0.040475159883499146, -0.06264269351959229
19736.454926500002, -11.778405507802963, -0.5319940422847868, -1.782493432313204, -0.21152900159358978, 0.049485355615615845, -0.10275256633758545
19736.4649805, -11.622280172109605, -0.5047506677079946, -1.6245719781517984, -0.2698040008544922, 0.08490380644798279, -0.13513708114624023
19736.4750355, -11.312275416254998, -0.41388963251374666, -1.6349002075195314, -0.3253660798072815, 0.07344767451286316, -0.1545613706111908
19736.485090500002, -10.937305755615235, -0.33081234684214, -2.017953936159611, -0.3398803770542145, 0.06780698895454407, -0.16187545657157898
19736.4951445, -10.597063293457031, -0.25387235353700816, -2.539020372927189, -0.31420353055000305, 0.06255336850881577, -0.15697045624256134
19736.5051995, -10.399473012685776, -0.27946910650469364, -2.8648924255371093, -0.25605395436286926, 0.011224232614040375, -0.14329390227794647
19736.515254500002, -10.18317398071289, -0.3137478235457093, -2.984494005739689, -0.19042061269283295, -0.005042089149355888, -0.11647746711969376
19736.5253095, -9.897118250727654, -0.32048384338617325, -3.0427229180932045, -0.1398160606622696, 0.05949902907013893, -0.07104253023862839
19736.535363500003, -9.578430964350702, -0.2761759820580483, -2.7999275207519534, -0.12231216579675674, 0.09859397262334824, -0.014598703011870384
19736.5454185, -9.34267122924328, -0.15388027897104622, -2.4511526553332805, -0.14671632647514343, 0.13052377104759216, 0.03395765274763107
19736.5554735, -9.436975123286247, -0.039069066736847166, -2.3239176812767983, -0.1895703226327896, 0.17613226175308228, 0.0498918779194355
19736.565527500003, -9.716293691396714, 0.0028438298776745797, -2.415826117247343, -0.2348209172487259, 0.21430052816867828, 0.021594198420643806
19736.5755825, -9.898914515376092, 0.12498977115377784, -2.7334655825793743, -0.26266399025917053, 0.2306901514530182, -0.03231989964842796
19736.5856375, -9.751620814204216, 0.41628402164205913, -3.2260914547741413, -0.24147816002368927, 0.23265202343463898, -0.08280760049819946
19736.595691500002, -9.278006286621094, 0.7511376624461263, -3.6362386956810955, -0.18285080790519714, 0.25469207763671875, -0.10786954313516617
19736.6057465, -8.745713195800782, 0.9183400000166149, -3.794758904725313, -0.08784469217061996, 0.2802220284938812, -0.09889288991689682
19736.6158015, -8.33631395995617, 0.8063728643395007, -3.6461180050671103, 0.024808349087834358, 0.31232723593711853, -0.06324940174818039
19736.625856500003, -8.116271540522575, 0.6253992192819715, -3.2693513488769534, 0.10673817992210388, 0.3797577917575836, -0.020507019013166428
19736.6359105, -8.165668818354607, 0.3162919744849205, -2.618056017458439, 0.13480709493160248, 0.40310174226760864, 0.005668124184012413
19736.6459655, -8.292904230952264, 0.0755925115942955, -1.8462609735131266, 0.09896157681941986, 0.3803643584251404, 0.014535695314407349
19736.656020500002, -8.432863184809685, 0.050145465619862085, -1.41455826446414, 0.05226331204175949, 0.3507750332355499, 0.0030888961628079414
19736.6660745, -8.586593500971794, -0.17004671562463047, -1.348695665895939, 0.017747795209288597, 0.2644464373588562, -0.014211293309926987
19736.6761295, -8.529711787104606, 0.011525720860809089, -1.5510742315649988, 0.007273850496858358, 0.3015762269496918, -0.027923110872507095
19736.686184500002, -8.453371124267578, 0.285755475461483, -1.769171282351017, -0.011224674060940742, 0.25919198989868164, -0.0400727316737175
19736.6962395, -8.456065521240236, 0.3137472662329674, -1.5727790960669519, -0.040670447051525116, 0.2093796730041504, -0.04942522197961807
19736.7062935, -8.573870544433595, 0.2722835271432996, -1.524280242919922, -0.09046392142772675, 0.14116987586021423, -0.06989619135856628
19736.716348500002, -8.816216583251954, 0.17678208678960802, -1.5768209838867189, -0.09249884635210037, 0.08898496627807617, -0.10248901695013046
19736.7264035, -8.771908721923829, 0.26300282645970585, -1.813329454958439, -0.10423797369003296, 0.13167566061019897, -0.12068388611078262
19736.736457500003, -8.643924281001091, 0.26599658260121944, -1.83278840392828, -0.10648408532142639, 0.11631055921316147, -0.13624100387096405
19736.7465125, -8.597969843745233, 0.14864062556996943, -1.9179612860083581, -0.07579215615987778, 0.05693071335554123, -0.15033480525016785
19736.7565675, -8.586593500971794, 0.16211259216070176, -2.1616548156738284, -0.025714341551065445, 0.06150975078344345, -0.16136962175369263
19736.766622500003, -8.549021632075311, 0.16660327205434441, -2.3159835943579674, 0.012075127102434635, 0.07448413968086243, -0.16527988016605377
19736.7766765, -8.511749725341797, 0.10927249202504755, -2.1357586669921877, 0.03766757249832153, 0.04043935611844063, -0.16915157437324524
19736.7867315, -8.53749560058117, 0.08487323055043818, -2.076332244873047, 0.05747111514210701, 0.0030982699245214462, -0.16271531581878662
19736.796786500003, -8.44558672606945, 0.18441626636311412, -1.9776873779296875, 0.05269899591803551, -0.035236336290836334, -0.1446492224931717
19736.8068405, -8.37897524535656, 0.28380955863744023, -1.7832414373755456, 0.029147043824195862, -0.08546824008226395, -0.11390276253223419
19736.8168955, -8.470735015869142, 0.2802170293405652, -1.7104930114746095, 0.00909317284822464, -0.13216784596443176, -0.08829939365386963
19736.826950500003, -8.714728800058365, 0.19324784606695175, -1.7997077813744546, 0.003124489216133952, -0.1551084667444229, -0.07295259833335876
19736.8370055, -8.98461639404297, 0.044157880246639254, -1.9688557434082032, 0.019374031573534012, -0.18302692472934723, -0.06126078963279724
19736.8470595, -9.120234375, -0.024698931276798248, -2.1389024224877358, 0.05284155160188675, -0.2284112572669983, -0.0475730299949646
19736.857114500002, -9.107360560297966, 0.07394600875675679, -2.32556396484375, 0.1021563708782196, -0.26541775465011597, -0.02616814151406288
19736.8671695, -9.076973749995233, 0.18980504203587772, -2.434537353515625, 0.1439884901046753, -0.30585548281669617, 0.004470860585570335
19736.8772235, -9.111102193593979, 0.24668679244816305, -2.3397842471301558, 0.1769898384809494, -0.35550931096076965, 0.03847756236791611
19736.887278500002, -9.261988424062729, 0.25701527763158083, -2.229313678890467, 0.19412201642990112, -0.36990272998809814, 0.06445422768592834
19736.8973335, -9.572742792963982, 0.25581776786595584, -1.9955003356933594, 0.181432843208313, -0.36944839358329773, 0.06847479939460754
19736.9073885, -9.963130976557732, 0.16465733695775273, -1.7723145993053915, 0.15728148818016052, -0.34982866048812866, 0.048612069338560104
19736.917442500002, -10.346334686279297, 0.06676091361790895, -1.7025599478185178, 0.12133174389600754, -0.33467897772789, 0.007268092595040798
19736.9274975, -10.635982360839844, -0.00404185127466917, -1.7501608148217203, 0.09519448131322861, -0.3052386939525604, -0.04670388251543045
19736.9375525, -10.77055310547352, -0.06182173401117325, -1.9898124566674233, 0.08621403574943542, -0.277619332075119, -0.10210482776165009
19736.947607500002, -10.700797576904298, -0.10927302192896605, -2.258952776491642, 0.09852558374404907, -0.2581402659416199, -0.1486174613237381
19736.9576615, -10.516979243159295, -0.10627928406000138, -2.5777893130481244, 0.1327940821647644, -0.2557511329650879, -0.17615295946598053
19736.967716500003, -10.270441335439683, -0.17319010566920043, -2.79199431091547, 0.18911989033222198, -0.27565130591392517, -0.17677313089370728
19736.977771500002, -10.01671953856945, -0.2695896783471108, -2.968626562803984, 0.27096253633499146, -0.2746528685092926, -0.14070221781730652
19736.9878255, -9.809250386953355, -0.3788624079152942, -2.9765602111816407, 0.3667052984237671, -0.243468776345253, -0.0733376145362854
19736.997880500003, -9.761500854492189, -0.468675676882267, -2.683469549864531, 0.4239741563796997, -0.19587275385856628, -0.0019774092361330986
19737.0079355, -9.96447817504406, -0.5275032710283994, -2.088756116330624, 0.4188234210014343, -0.16924206912517548, 0.04833054915070534
19737.0179905, -10.49976445555687, -0.7482940975204111, -1.5416441345214844, 0.37791383266448975, -0.17423602938652039, 0.06901638954877853
19737.028044500003, -11.147019653320314, -1.0993142206594348, -1.3117226980626584, 0.3277551233768463, -0.0963139533996582, 0.06778145581483841
19737.0380995, -11.404783630371094, -1.0310562371090055, -1.362466735839844, 0.24774259328842163, 0.10393418371677399, 0.060246311128139496
19737.0481545, -11.6158447265625, -1.0232723870873452, -1.3931529235839843, 0.11485797166824341, 0.2753642797470093, 0.040803514420986176
19737.058209500003, -11.78544204711914, -1.0565032830834389, -1.493444220274687, -0.05344076082110405, 0.3516036570072174, 0.0027663835790008307
19737.0682635, -11.674823251962662, -0.7920033866912127, -1.941014079898596, -0.18501515686511993, 0.21870481967926025, -0.030849266797304153
19737.0783185, -11.232939809560776, -0.33335696373134854, -2.8467796517908575, -0.22104638814926147, 0.07802973687648773, -0.04273016005754471
19737.088373500002, -10.672655512690545, -0.10193827461451292, -4.06823990508914, -0.12456966191530228, -0.008799862116575241, -0.022975359112024307
19737.0984275, -10.168653005361557, -0.24189722847193482, -4.825365746766329, 0.07668647915124893, -0.04555308446288109, 0.026495520025491714
19737.1084825, -9.855804748535157, -0.5584888727590442, -4.952451324462891, 0.30523011088371277, 0.012214540503919125, 0.09206914901733398
19737.118537500002, -9.87795984864235, -0.9565112176537515, -4.468358294069767, 0.4604410231113434, 0.1261826604604721, 0.13445228338241577
19737.1285925, -10.365943908691406, -1.445843645632267, -3.4235305850207807, 0.49846151471138, 0.16983312368392944, 0.13931499421596527
19737.1386465, -10.72908991456032, -1.8666186029836536, -2.4051989489793777, 0.41607528924942017, 0.228409081697464, 0.13238252699375153
19737.148701500002, -10.664424387216568, -1.7935705438256264, -1.7866848626732827, 0.24688442051410675, 0.27401402592658997, 0.1295108199119568
19737.1587565, -10.58374158203602, -1.672771673128009, -1.7461192193627357, 0.10341352969408035, 0.32881173491477966, 0.11336860060691833
19737.1688115, -10.36729052245617, -1.3184585443139076, -2.1420454470813275, -0.03307696059346199, 0.26040375232696533, 0.10389674454927444
19737.178865500002, -9.892776693105699, -0.947380169145763, -2.36837450042367, -0.09950844198465347, 0.15877407789230347, 0.10626909136772156
19737.1889205, -9.36931523680687, -0.6872211360186339, -3.097359008789063, -0.10626097768545151, 0.06337178498506546, 0.12277424335479736
19737.1989755, -8.951534602046014, -0.46358618728816514, -3.5789079156517984, -0.019708242267370224, 0.01511450670659542, 0.14419324696063995
19737.20902966667, -8.661586965322496, -0.3553612787649036, -4.11314681366086, 0.10094516724348068, 0.06536778062582016, 0.15903165936470032
19737.219083666667, -8.417146453857422, -0.21330671936273576, -4.137396240234375, 0.22796916961669922, 0.12645137310028076, 0.1662195324897766
19737.22913866667, -8.319101511240007, -0.18770998466759922, -3.8613705316185953, 0.32267844676971436, 0.19320467114448547, 0.16519813239574432
19737.239193666668, -8.260572052001953, -0.19354777168482543, -3.346141808778048, 0.3584931790828705, 0.17944838106632233, 0.1585516780614853
19737.249247666667, -8.131242166757584, -0.2017807609587908, -2.6476943841576577, 0.3426702618598938, 0.08638273924589157, 0.15873824059963226
19737.25930266667, -7.989036127924919, -0.17468695633113385, -2.1963827450573445, 0.29573604464530945, -0.0381874144077301, 0.16850191354751587
19737.269357666668, -7.719447326660156, -0.09220854431390763, -1.8657202148437502, 0.24265243113040924, -0.11472101509571075, 0.19667452573776245
19737.279412666667, -7.487579498291016, -0.02095669498667121, -1.5877484066784382, 0.17662973701953888, -0.1721784472465515, 0.22590485215187073
19737.28946666667, -7.44895980834961, -0.050894420854747296, -1.3454025140404702, 0.12339305132627487, -0.18584313988685608, 0.2461685985326767
19737.299521666668, -7.5489518737792976, -0.04954727718606591, -1.3130694580078126, 0.06409590691328049, -0.10570435971021652, 0.25277748703956604
19737.309576666667, -7.660020904541016, 0.007633814122527838, -1.3253439331054688, 0.0005566939944401383, -0.06364493072032928, 0.24285142123699188
19737.31963166667, -7.747738494873047, 0.10942214420065284, -1.2946580377221109, -0.06468355655670166, -0.09988069534301758, 0.22682957351207733
19737.329685666668, -7.806265615224839, 0.2757263859920204, -1.4690448126196862, -0.10893325507640839, -0.16517454385757446, 0.21243217587471008
19737.339740666666, -7.815098419189454, 0.45460438895970584, -1.7775535583496094, -0.1248999759554863, -0.18944206833839417, 0.20268607139587402
19737.34979566667, -7.934101536870003, 0.4945712317060679, -2.045047886967659, -0.11561582237482071, -0.18359613418579102, 0.18355050683021545
19737.359850666668, -8.199648157954217, 0.38335247567854824, -2.129621721804142, -0.08648750185966492, -0.17739816009998322, 0.14809183776378632
19737.369904666666, -8.448582254648208, 0.2683915381785482, -2.076482372134924, -0.06582599878311157, -0.17356827855110168, 0.10590020567178726
19737.37995966667, -8.572073110342027, 0.3382962347008288, -1.9365229797363281, -0.05848286300897598, -0.16245117783546448, 0.061326347291469574
19737.390014666667, -8.591684086918832, 0.4083505377173424, -1.6850465136766435, -0.07574723660945892, -0.1531977355480194, 0.0209781713783741
19737.400069666666, -8.68224459350109, 0.3600011357478798, -1.3962965328991415, -0.1184622049331665, -0.14674116671085358, -0.0037908246740698814
19737.41012366667, -8.835226466059686, 0.21076147207058968, -1.1208692868053913, -0.18579638004302979, -0.17336301505565643, -0.014283178374171257
19737.420178666667, -9.091043905019761, 0.01422011783346534, -0.9744731332361699, -0.2626325786113739, -0.1788398027420044, -0.020177286118268967
19737.43023366667, -9.352401580810547, -0.06421673526987434, -1.1347904840111733, -0.31928545236587524, -0.13949063420295715, -0.02154482528567314
19737.44028866667, -9.398356018066407, 0.05149260928854347, -1.275498027652502, -0.3842335343360901, -0.14512455463409424, -0.0216582752764225
19737.450342666667, -9.40479263305664, 0.27437913268804554, -1.4434483337402344, -0.4200862646102905, -0.21108558773994446, -0.017943918704986572
19737.46039766667, -9.322614110112191, 0.5574404898332432, -1.7193249383568765, -0.42928987741470337, -0.2779218852519989, -0.00983272772282362
19737.47045266667, -9.383087768554688, 0.7161105748917908, -1.9507432620227338, -0.41256359219551086, -0.32496100664138794, -0.00619047787040472
19737.480507666667, -9.812544708251954, 0.536035034749657, -1.9615214346349241, -0.3712369203567505, -0.3699955940246582, -0.035490311682224274
19737.49056166667, -10.222991180419923, 0.24249541233759375, -1.8459615960717202, -0.3410639762878418, -0.308016300201416, -0.06839103996753693
19737.500616666668, -10.500513483881951, -0.035027471277862786, -1.5811619567871094, -0.34091484546661377, -0.2211865782737732, -0.11102212965488434
19737.510671666667, -10.742560145258905, -0.2929411233449355, -1.3530360540747643, -0.34414106607437134, -0.08406146615743637, -0.16039319336414337
19737.52072566667, -10.864856414794922, -0.24294505865313115, -1.5055694451928139, -0.3475419282913208, 0.07125914841890335, -0.21396400034427643
19737.530780666668, -11.009157510995866, -0.18157273798249662, -1.830992870181799, -0.32807400822639465, 0.13429224491119385, -0.2614193260669708
19737.540835666667, -11.054961674809457, -0.18666211794130505, -2.0652557180821898, -0.29970017075538635, 0.08802115172147751, -0.29211997985839844
19737.55089066667, -10.834919255375862, -0.08816696712747217, -2.2628445370495323, -0.25915613770484924, 0.032287001609802246, -0.28012964129447937
19737.560944666668, -10.63388554930687, -0.07110237987712026, -2.329755102843046, -0.2378425896167755, 0.019022595137357712, -0.2374681979417801
19737.570999666666, -10.652597808837891, -0.21869549503549934, -2.0818705813586713, -0.2526193857192993, 0.018468555063009262, -0.1810307502746582
19737.58105466667, -10.84360061645508, -0.46149058174341917, -1.6648383902013302, -0.313837468624115, -0.016579709947109222, -0.12532489001750946
19737.591109666668, -11.119925994873048, -0.5947135797142983, -1.3000465393066407, -0.38688310980796814, -0.09181085973978043, -0.07529955357313156
19737.601163666666, -11.37529495239258, -0.7053335625864565, -1.0915301513671876, -0.45329171419143677, -0.1495276838541031, -0.04117221012711525
19737.61121866667, -11.651919708251954, -0.7493420282006265, -1.2558885128796102, -0.4733982980251312, -0.14414134621620178, -0.015803463757038116
19737.621273666668, -11.913427072763444, -0.856818566210568, -1.677113157659769, -0.4519960880279541, 0.015349254012107849, -0.029394375160336494
19737.631328666666, -12.29498245239258, -1.04467791069299, -2.070644365847111, -0.43748438358306885, 0.17886954545974731, -0.07264095544815063
19737.64138366667, -12.220136922597886, -0.9117542901635171, -2.273172766417265, -0.44541341066360474, 0.2486688643693924, -0.11557804048061371
19737.651437666667, -11.832743098139764, -0.41029705753549933, -2.7273287835717204, -0.4272947311401367, 0.1440742164850235, -0.14994947612285614
19737.661492666666, -11.47857958495617, -0.10523142646998168, -3.3190478579699993, -0.35788530111312866, -0.03709689527750015, -0.16586826741695404
19737.67154766667, -11.147768681645394, 0.030536188390105964, -3.8496951037645344, -0.22383061051368713, -0.15194524824619293, -0.15149150788784027
19737.681602666667, -10.777438786625863, -0.025297722704708578, -4.03740446716547, -0.08437231183052063, -0.162268728017807, -0.1162986308336258
19737.69165666667, -10.515182978510857, -0.2992280633188784, -3.549718615114689, 0.010794928297400475, -0.11688918620347977, -0.0840132012963295
19737.70171166667, -10.432554804682733, -0.39907038521021604, -2.767295379638672, 0.024991974234580994, -0.05842240899801254, -0.07038900256156921
19737.711766666667, -10.362951303720475, -0.2872529656626284, -1.821861712038517, -0.054067835211753845, -0.045797787606716156, -0.08263292163610458
19737.721821666666, -10.247240168452263, -0.2730325189232826, -1.3045370547473432, -0.16782556474208832, 0.004416649229824543, -0.10725411027669907
19737.73187566667, -9.98094451904297, 0.05104356139898301, -1.3548326110839843, -0.29051244258880615, 0.13404600322246552, -0.13830068707466125
19737.741930666667, -9.941575800776482, 0.1981876103952527, -1.781445611268282, -0.3717372417449951, 0.21334828436374664, -0.19749130308628082
19737.75198566667, -9.998607203364372, 0.13935985179618002, -2.3198759396374227, -0.3870043158531189, 0.21409304440021515, -0.2711474895477295
19737.76204066667, -9.705068206787109, 0.17169272510334851, -3.01053955078125, -0.32621341943740845, 0.2195754200220108, -0.31322944164276123
19737.772094666667, -8.981023280024528, 0.4016146366484463, -3.6254611077904704, -0.2083835005760193, 0.2918149530887604, -0.30908384919166565
19737.78214966667, -8.367149836421014, 0.4918769535049796, -3.735781402587891, -0.08856415003538132, 0.3530455529689789, -0.2715737819671631
19737.792204666668, -7.871680755615235, 0.4595441532880068, -3.2277380307018757, 0.014873947016894817, 0.35283270478248596, -0.20396992564201355
19737.802259666667, -7.53113833129406, 0.40415936317294837, -2.7635531616210938, 0.07431144267320633, 0.3602416217327118, -0.11987476050853729
19737.81231366667, -7.616461486816407, 0.19579262740910056, -2.1007319448888304, 0.06133361533284187, 0.3257370591163635, -0.04892902821302414
19737.822368666668, -7.820337524414063, 0.02409951858222485, -1.3683045959472657, -0.026279058307409286, 0.30784541368484497, 0.008062884211540222
19737.832423666667, -8.143514887690545, -0.056732317507267004, -0.9542658868432046, -0.1628892421722412, 0.2506539225578308, 0.032298143953084946
19737.84247866667, -8.548422877192497, -0.10403391670435667, -0.8918456903100014, -0.28175196051597595, 0.11036712676286697, 0.024792293086647987
19737.852532666668, -8.697963663339616, -0.03487780082970858, -1.2460092034935952, -0.3472888469696045, -0.009878373704850674, 0.007177061401307583
19737.862587666667, -8.52387451171875, 0.1667530155926943, -1.8194665463268758, -0.34871044754981995, -0.07935598492622375, -0.0006297286599874496
19737.87264266667, -8.354127502441406, 0.3091069158911705, -2.202220458984375, -0.3037223517894745, -0.1308954954147339, -0.01282250415533781
19737.882697666668, -8.315058161616326, 0.3876934577152133, -2.331401824951172, -0.23403677344322205, -0.16367393732070923, -0.03560638055205345
19737.892751666666, -8.38017333984375, 0.3457806159183383, -2.2574557431042197, -0.16044867038726807, -0.17001931369304657, -0.08027768135070801
19737.90280666667, -8.51998260498047, 0.22079057067632676, -2.058519287109375, -0.09580681473016739, -0.14070457220077515, -0.13790316879749298
19737.912861666668, -8.592881011962891, 0.054486365430057054, -1.8146763610839844, -0.05839342251420021, -0.11661534756422043, -0.1999875009059906
19737.922916666666, -8.551566925048828, -0.05957636665552855, -1.553918755799532, -0.043018195778131485, -0.13558079302310944, -0.24285399913787842
19737.93297166667, -8.306973801255227, -0.06661173652857542, -1.3097761599719524, -0.0515533946454525, -0.17081262171268463, -0.25632938742637634
19737.943025666667, -7.964039281010628, 0.027542468793690204, -1.099763323366642, -0.075138621032238, -0.2072446644306183, -0.24246549606323242
19737.953080666666, -7.757767054438592, 0.05987519592046738, -0.9439370727539063, -0.10565841197967529, -0.22039440274238586, -0.21287600696086884
19737.96313566667, -7.8179413354396825, 0.014519586637616159, -0.9168434143066406, -0.12090927362442017, -0.22452284395694733, -0.1886710673570633
19737.973190666668, -8.037235895991326, -0.0763414302840829, -0.9174418768286705, -0.12240500748157501, -0.23042842745780945, -0.18210181593894958
19737.98324466667, -8.334966761469842, -0.16510687820613384, -0.984802385866642, -0.1094742938876152, -0.19851335883140564, -0.18691867589950562
19737.99329966667, -8.625064086914064, -0.26390154350548983, -1.111738421022892, -0.08891316503286362, -0.1549684852361679, -0.19751983880996704
19738.003354666667, -8.782386347651482, -0.34084150940179825, -1.2021504083275796, -0.07124388962984085, -0.14235761761665344, -0.20791149139404297
19738.013409666666, -8.810679270029068, -0.41448846962302927, -1.2750488153100015, -0.058322321623563766, -0.1611585170030594, -0.19540753960609436
19738.02346366667, -8.758288217782974, -0.40550718292593957, -1.5184425289928913, -0.03561514616012573, -0.19325412809848785, -0.15721380710601807
19738.033518666667, -8.702752532958986, -0.38080839782953263, -1.7489630126953126, -0.0044646854512393475, -0.23447054624557495, -0.09235332161188126
19738.04357366667, -8.714876149892808, -0.3622469233721495, -1.8199153201282026, 0.02469000406563282, -0.2632041871547699, -0.018147272989153862
19738.05362866667, -8.881629384756089, -0.34503279358148575, -1.7835412533581259, 0.03537490591406822, -0.26470747590065, 0.04875699803233147
19738.063683666667, -9.313032277822495, -0.43394778404384854, -1.7235159301757814, 0.03751395642757416, -0.28172266483306885, 0.08714300394058228
19738.07373766667, -9.843229141831399, -0.5234616390243173, -1.698817437440157, 0.042694367468357086, -0.2924521565437317, 0.09472892433404922
19738.083792666668, -10.19754292845726, -0.3725755547359586, -1.7537529055774213, 0.01031725388020277, -0.26663947105407715, 0.08949527889490128
19738.093847666667, -10.509645080566406, -0.31749006897211074, -1.763482964783907, 2.5938352337107062e-05, -0.2515285909175873, 0.0551518090069294
19738.10390266667, -10.798693415522576, -0.4093988703936339, -2.019899597167969, -0.007405346259474754, -0.22187799215316772, 0.017767950892448425
19738.113956666668, -10.913205871582031, -0.4517608148977161, -2.27796339020133, 0.0188455693423748, -0.16923339664936066, -0.014911760576069355
19738.124011666667, -10.924880422353745, -0.4734656793996692, -2.72134065002203, 0.08088124543428421, -0.1355143040418625, -0.04422011598944664
19738.13406666667, -10.962152913808824, -0.49487116646021606, -3.1016999816894533, 0.18930743634700775, -0.13321015238761902, -0.06079388037323952
19738.144121666668, -10.934610773921014, -0.3579059504717589, -3.3350646972656253, 0.3004707098007202, -0.14133812487125397, -0.05310719832777977
19738.154175666667, -11.070228754878045, -0.6352791499346495, -3.1356791751086712, 0.42429086565971375, -0.2585696876049042, -0.021402353420853615
19738.16423066667, -11.010503540039062, -0.9183405573293567, -2.7059230041503906, 0.5087756514549255, -0.284177303314209, 0.050984226167201996
19738.174285666668, -10.756182403564454, -0.7704480647295714, -2.221381053775549, 0.530176043510437, -0.24898263812065125, 0.14279606938362122
19738.184340666667, -10.880124664306642, -0.6997950981929899, -1.5132035699486732, 0.49044278264045715, -0.26595842838287354, 0.21270804107189178
19738.19439566667, -11.396100515127182, -0.8547227779403329, -0.8657994143664838, 0.41157767176628113, -0.3300507366657257, 0.23395435512065887
19738.204449666668, -11.882589442133904, -0.9334590815752745, -0.689615936279297, 0.3057606816291809, -0.26964330673217773, 0.21155263483524323
19738.214505125, -12.366833038330078, -1.0785075615718962, -0.5140313592553138, 0.16110067069530487, -0.20708829164505005, 0.13935959339141846
19738.224560125, -12.395124206542969, -1.002615343630314, -0.5987548828125, 0.006062611937522888, -0.18358536064624786, 0.056029561907052994
19738.234615125002, -12.200977935791016, -0.8764277520775795, -0.9508229000866414, -0.10835452377796173, -0.19581377506256104, -0.015898870304226875
19738.244669125, -11.685599085688592, -0.6506971247121692, -1.7184268060326577, -0.16282495856285095, -0.20073236525058746, -0.05379112437367439
19738.254724125, -11.04897178709507, -0.475411596223712, -2.520009759217501, -0.12608978152275085, -0.22356422245502472, -0.0732434093952179
19738.264779125002, -10.637927144765854, -0.5363349420949817, -3.2362704339623454, -0.0074837724678218365, -0.19445958733558655, -0.08010876923799515
19738.274834125, -10.329570134282113, -0.7301819084957243, -3.625161584168673, 0.15695936977863312, -0.12878622114658356, -0.07765915244817734
19738.284889125, -10.096204833984375, -1.0017172113060953, -3.426973571777344, 0.29977431893348694, 0.0014322362840175629, -0.0743379220366478
19738.294943125, -10.01357666015625, -1.3015436823293567, -2.8859986813366416, 0.3813430964946747, 0.1515752077102661, -0.07761019468307495
19738.304998125, -10.005792261958122, -1.49089991401881, -2.0219950930774213, 0.37454405426979065, 0.254654198884964, -0.08255968242883682
19738.315053125, -9.909842376708985, -1.5476320488005877, -1.1305991998314857, 0.273186057806015, 0.32068580389022827, -0.08326935768127441
19738.325108125002, -9.777366689443589, -1.5923889032006264, -0.6324351373314858, 0.12691275775432587, 0.386676549911499, -0.07491395622491837
19738.335163125, -9.62034322142601, -1.5142512813583018, -0.5715112432837487, -0.022849902510643005, 0.4303167164325714, -0.060400061309337616
19738.345217125003, -9.387579014897346, -1.2874731253087521, -0.9080120721459389, -0.14911116659641266, 0.44659075140953064, -0.0400812067091465
19738.355272125, -9.153464101552963, -1.0103990840166808, -1.5033239682018757, -0.2194281667470932, 0.4196944832801819, -0.012415503151714802
19738.365327125, -8.903634796142578, -0.7057826835662127, -2.2153932125866413, -0.2232772260904312, 0.3941403925418854, 0.01528004091233015
19738.375382125003, -8.74900517821312, -0.46732844185084105, -3.028502197265625, -0.14726999402046204, 0.3694974184036255, 0.02734261564910412
19738.385436125, -8.702902806401253, -0.3769166372716427, -3.5281632931530478, -0.023347243666648865, 0.34203967452049255, 0.018673758953809738
19738.395491125, -8.62416536986828, -0.4234697197750211, -3.5712736447155478, 0.11843651533126831, 0.30017027258872986, 0.005585473962128162
19738.405546125003, -8.311466217041016, -0.39922014702111486, -3.424728240966797, 0.2591307759284973, 0.2897424101829529, -0.0004130301531404257
19738.415601125, -8.076304067373275, -0.49921206627041104, -3.01922135040164, 0.3585348427295685, 0.29518797993659973, -0.003971884027123451
19738.425656125, -7.970323868393899, -0.7509884579479694, -2.2143452453613284, 0.3913191556930542, 0.2631346881389618, -0.00378306582570076
19738.435710125003, -7.84174301147461, -0.9630975944548846, -1.315913543701172, 0.3490319550037384, 0.2169112116098404, 0.0048436918295919895
19738.445765125, -7.661816584467888, -1.0237213070690632, -0.6647674624621869, 0.26401665806770325, 0.2043408304452896, 0.02096433937549591
19738.455820125, -7.461533076167107, -0.9376502926647664, -0.2600090155005455, 0.14186154305934906, 0.1356831043958664, 0.04596509411931038
19738.465875125003, -7.278614044189453, -0.7849679437279702, -0.010927568972110748, 0.00892692431807518, 0.05022706091403961, 0.0793246477842331
19738.475929125, -7.198380305171013, -0.6469549432396889, -0.17019622161984443, -0.10354622453451157, -0.020534101873636246, 0.11334843933582306
19738.485984125, -7.2495744323730476, -0.5948631953448057, -0.5956112734973431, -0.1718832105398178, -0.04448044300079346, 0.14281418919563293
19738.496039125002, -7.4306977844238284, -0.5780981682613492, -1.1722125180065632, -0.18113398551940918, -0.03874946013092995, 0.14638079702854156
19738.506094125, -7.621102421879769, -0.4996613517031074, -1.7069007745385172, -0.1451978236436844, -0.03829086199402809, 0.12658312916755676
19738.516149125, -7.845636087656022, -0.4059562125429511, -2.013762651979923, -0.08012828975915909, -0.04753321036696434, 0.08556254208087921
19738.526203125002, -8.053403447270394, -0.4469708123803139, -2.19788007080555, -0.0017389480490237474, -0.025129899382591248, 0.03993726894259453
19738.536258125, -8.180188039541244, -0.5780979855358601, -2.127376244813204, 0.06181207299232483, 0.016198744997382164, 0.0032992640044540167
19738.546313125, -8.27119936645031, -0.7619158441945911, -1.8733543395996095, 0.09739430248737335, 0.027170700952410698, -0.010561956092715263
19738.556368125002, -8.251141077876092, -0.869841448366642, -1.4650036557018757, 0.09161226451396942, -0.0035785920917987823, 0.0037646309938281775
19738.566423125, -8.209978433847429, -0.9192388358339668, -1.0647361627221108, 0.05689556151628494, -0.04624456167221069, 0.045496631413698196
19738.576477125, -8.302035242915155, -0.9493260859698057, -0.9804609744250775, 0.021369745954871178, -0.08895346522331238, 0.10399910062551498
19738.586532125002, -8.462650655508043, -0.8771761591359973, -0.7369175720214844, -0.025237970054149628, -0.1410140097141266, 0.16334472596645355
19738.596587125, -8.75619140625, -0.8114628838375211, -0.48813506439328197, -0.0929277241230011, -0.1797240525484085, 0.21821610629558563
19738.606642125, -9.250163599848747, -0.8035293450951576, -0.265099016726017, -0.17353788018226624, -0.22470803558826447, 0.2449241429567337
19738.616697125002, -9.884546152353288, -0.8171509821340442, -0.14190519958734513, -0.254390686750412, -0.226842001080513, 0.2319267839193344
19738.626751125, -10.49856753051281, -0.8303235895559192, -0.2634522946178913, -0.3191364109516144, -0.20474256575107574, 0.18460454046726227
19738.636806125, -10.952573420405388, -0.7943982965871692, -0.49576904296875, -0.3543857932090759, -0.1837902069091797, 0.11241664737462997
19738.646861125002, -11.17081899046898, -0.7303315606713295, -0.7881108221411706, -0.3690078854560852, -0.14984475076198578, 0.03693760558962822
19738.656916125, -11.189081599116326, -0.7042857598140836, -1.1011103756725789, -0.3498625159263611, -0.09604494273662567, -0.021702062338590622
19738.666971125, -11.073823038339615, -0.6979988700896502, -1.4232406488060951, -0.3191501498222351, -0.043824613094329834, -0.05784168839454651
19738.677025125002, -10.879525324702264, -0.704585100710392, -1.5567628414928913, -0.296162486076355, -0.016536904498934746, -0.0653717890381813
19738.687080125, -10.682085902094842, -0.6634206659719348, -1.6292120361328126, -0.28980445861816406, -0.02925536222755909, -0.05659107863903046
19738.697135125, -10.56727523803711, -0.5998030327633024, -1.6200811703503133, -0.29704761505126953, -0.071055106818676, -0.028595440089702606
19738.707190125002, -10.650801544189454, -0.6224060295894742, -1.783541399538517, -0.2749052941799164, -0.0849381610751152, 0.0007701728027313948
19738.717245125, -10.989247156977655, -0.7280862664058805, -1.9679576110839845, -0.23416873812675476, -0.15342499315738678, 0.023843344300985336
19738.727299125003, -11.364967015385629, -0.8812177545949818, -1.7262104733288288, -0.1967763602733612, -0.1360425502061844, 0.03722279891371727
19738.737354125, -11.64218877196312, -1.0584491999074817, -1.627865130007267, -0.18826690316200256, -0.05413750186562538, 0.03903353214263916
19738.747409125, -11.696378427743912, -1.0617423883080483, -1.2916644094884395, -0.19400468468666077, -0.007422193884849548, 0.056026361882686615
19738.757464125, -11.626922276616098, -0.7005435783416033, -1.304088573306799, -0.20736439526081085, 0.006714114919304848, 0.05788798630237579
19738.767519125002, -11.792925898432733, -0.598755102083087, -1.4033316104114055, -0.23947332799434662, 0.019106868654489517, 0.04066958650946617
19738.777573125, -11.825108388662338, -0.4257149774953723, -1.195413977354765, -0.2945595383644104, -0.05168123543262482, 0.021775012835860252
19738.787628125003, -11.470047912597657, 0.0164654303714633, -1.318009331971407, -0.32990822196006775, -0.10181284695863724, 0.020532647147774696
19738.797683125, -11.09896840453148, 0.3969741949439049, -1.659898077696562, -0.34685826301574707, -0.09010729938745499, 0.03142634034156799
19738.807738125, -10.793753103017808, 0.5270536932349206, -1.7646801821887494, -0.36377519369125366, -0.09511084854602814, 0.04109521210193634
19738.817793125003, -10.684331817626953, 0.46253785461187363, -1.786984240114689, -0.37089815735816956, -0.10066704452037811, 0.03136582672595978
19738.827847125, -10.791657460927963, 0.41329033859074116, -2.054328149110079, -0.3443909287452698, -0.026072964072227478, -0.0076521472074091434
19738.837902125, -11.014844512939455, 0.319585181158036, -2.3691235287487507, -0.3202209174633026, 0.11147239804267883, -0.07894717156887054
19738.847957125003, -11.285931955575943, 0.13232451846823096, -2.499801781922579, -0.31210973858833313, 0.22322528064250946, -0.1727362424135208
19738.858012125, -11.311526972651482, 0.03412873595952988, -2.717299200743437, -0.3090343177318573, 0.2861233949661255, -0.269880086183548
19738.868067125, -10.96724349975586, 0.212258240506053, -2.9820986938476564, -0.3156120777130127, 0.295271635055542, -0.3427596390247345
19738.878121125003, -10.36474522948265, 0.47062115516513586, -3.183579858094454, -0.31623977422714233, 0.2801918387413025, -0.37425437569618225
19738.888176125, -9.754016418457033, 0.5821391424536705, -3.342998199462891, -0.29273685812950134, 0.2789830267429352, -0.3686619997024536
19738.898231125, -9.38892562866211, 0.48544030196964744, -3.4866996636986736, -0.24173831939697266, 0.32370901107788086, -0.34452521800994873
19738.908286125003, -9.29267578125, 0.19160130668431521, -3.5085542169213295, -0.1819271743297577, 0.3681718409061432, -0.3170400857925415
19738.918341125, -9.288634185791016, -0.06301924377679825, -3.277434978336096, -0.14159277081489563, 0.3996026813983917, -0.28942355513572693
19738.928395125, -9.231003443598748, -0.16091559402644634, -3.003354346007109, -0.1253189891576767, 0.40498384833335876, -0.2625919580459595
19738.938450125002, -9.06918993651867, -0.1899552058428526, -2.7643014590442183, -0.13209253549575806, 0.4139131009578705, -0.21854689717292786
19738.948505125, -8.896449737548828, -0.18830873955041172, -2.6441017086803913, -0.15796194970607758, 0.3977533280849457, -0.17011624574661255
19738.958560125, -8.82055697143078, -0.20806757759302855, -2.5527915890514854, -0.19628413021564484, 0.3246603310108185, -0.11306623369455338
19738.968615125003, -8.804841409921647, -0.16151445854455235, -2.5605759872496128, -0.22579649090766907, 0.19817166030406952, -0.05948929861187935
19738.978669125, -8.749155451655389, -0.06286948196589948, -2.6622140438854696, -0.22715045511722565, 0.06358305364847183, -0.009100684896111488
19738.988724125, -8.702751363515855, -0.00808337364345789, -2.6855651919543746, -0.2091331034898758, -0.029625186696648598, 0.029175862669944763
19738.998779125002, -8.813672459721566, -0.05778013855218888, -2.6463471856713294, -0.17012391984462738, -0.07097688317298889, 0.03705243021249771
19739.008834125, -9.062155151367188, -0.15328157890588046, -2.454595788270235, -0.13021591305732727, -0.07614821195602417, 0.007367504760622978
19739.018889125, -9.258397064208985, -0.26914053909480573, -2.198328698426485, -0.09782098233699799, -0.0752689316868782, -0.04720687493681908
19739.028943125002, -9.304801737070084, -0.36449240036308767, -1.9434089532494545, -0.07066419720649719, -0.08110790699720383, -0.10125759243965149
19739.038998125, -9.106612701416015, -0.33874590385705233, -1.746717828065157, -0.04731042683124542, -0.09913180768489838, -0.1397320032119751
19739.049053125, -8.743167318105698, -0.21390536461025478, -1.5388001950085164, -0.048712048679590225, -0.10763607919216156, -0.15365634858608246
19739.059108125002, -8.44438863158226, -0.1646578485891223, -1.3072315979003908, -0.058444324880838394, -0.1287258118391037, -0.1490754336118698
19739.069163125, -8.24171010375023, -0.1365163690969348, -1.0786569213867188, -0.07617112994194031, -0.16664764285087585, -0.1318437159061432
19739.079218125, -8.102799555659294, -0.08861601501703263, -0.922382189333439, -0.11025173217058182, -0.18578708171844482, -0.11817215383052826
19739.089272125002, -8.146509246826172, -0.09864519584923984, -0.8042774963378907, -0.14716607332229614, -0.20968042314052582, -0.11750530451536179
19739.099327125, -8.345744934082031, -0.1827701472491026, -0.8357125662267209, -0.1667698174715042, -0.21377630531787872, -0.13484808802604675
19739.109382125, -8.531058985590935, -0.29324042312800885, -1.0539585748314857, -0.16329945623874664, -0.21721205115318298, -0.15230697393417358
19739.119437125002, -8.54992093384266, -0.33919500656425955, -1.2540923944115638, -0.1418861299753189, -0.21974050998687744, -0.15627221763134003
19739.129492125, -8.46729100584984, -0.324974505007267, -1.4771278573572637, -0.09998075664043427, -0.2232883721590042, -0.14478227496147156
19739.139546125, -8.383465906977653, -0.30970625549554825, -1.6616943423449995, -0.050083767622709274, -0.22616511583328247, -0.1181139126420021
19739.149601125002, -8.425976918935776, -0.4074529170244932, -1.6781599554419517, -0.005487806163728237, -0.2510363757610321, -0.08044269680976868
19739.159656125, -8.528365173339845, -0.5623807429522276, -1.628912951052189, 0.03248891234397888, -0.28091251850128174, -0.04409313574433327
19739.169711125, -8.653655217289925, -0.6716537283360958, -1.5852039907872677, 0.06608015298843384, -0.320195734500885, -0.015355498529970646
19739.179766125002, -8.791517944335938, -0.7131173577904701, -1.508862743228674, 0.08827455341815948, -0.3535490036010742, 0.018621329218149185
19739.189821125, -8.923691915273666, -0.7409593867510558, -1.4208453369140626, 0.10252539068460464, -0.3814394772052765, 0.05167914927005768
19739.199875125, -9.057216593027116, -0.7798786003142596, -1.3076809564232827, 0.1104857549071312, -0.4086437225341797, 0.08070647716522217
19739.209929625, -9.245824381113053, -0.7704481378197671, -1.2359799130260944, 0.11171481013298035, -0.4164806008338928, 0.11120473593473434
19739.219984625, -9.482630767822267, -0.7283856073021889, -1.1979589779675008, 0.10579919070005417, -0.41329020261764526, 0.1252339780330658
19739.230039625003, -9.815538482666016, -0.7192545222491026, -1.1776011657714844, 0.09631408005952835, -0.41958245635032654, 0.12056385725736618
19739.240094625, -10.093809814453126, -0.7240445613116027, -1.2449613824486734, 0.09491453319787979, -0.39357149600982666, 0.10345403105020523
19739.250148625, -10.26550160765648, -0.6756950314342975, -1.4208456292748453, 0.10079612582921982, -0.3382294178009033, 0.08402813971042633
19739.260203625003, -10.302775268554688, -0.647104631960392, -1.5618521118164064, 0.10602779686450958, -0.31601807475090027, 0.055748507380485535
19739.270258625, -10.341096165776253, -0.5071457511931659, -1.6825015130639076, 0.1245703250169754, -0.32775062322616577, 0.018329497426748276
19739.280313625, -10.408306401371956, -0.3766171136498451, -2.002236766666174, 0.16177411377429962, -0.3322092592716217, -0.01802867092192173
19739.290368625003, -10.38360659301281, -0.2999764155596495, -2.2369482421875, 0.20444434881210327, -0.3283540606498718, -0.04139178618788719
19739.300423625, -10.395433171391488, -0.38649664230644704, -2.278262913823128, 0.2697879672050476, -0.3541049659252167, -0.05084645748138428
19739.310477625, -10.449170837402344, -0.586480773165822, -2.28095687225461, 0.36171388626098633, -0.3210926949977875, -0.041263870894908905
19739.320532625003, -10.35846064209938, -0.599653380587697, -2.105072479248047, 0.4246752858161926, -0.21704831719398499, -0.023224152624607086
19739.330587625, -10.410402628183366, -0.673749297335744, -1.5379019165039063, 0.44339677691459656, -0.12086238712072372, -0.0029274029657244682
19739.340642625, -10.732531000971795, -0.9017251458764076, -0.9006771786510945, 0.42036595940589905, -0.05007331818342209, 0.010508173145353794
19739.350697625003, -11.262278798818588, -1.2132273736596109, -0.3638932800292969, 0.3575989902019501, 0.040742337703704834, 0.010622155852615833
19739.360751625, -11.675122629404068, -1.4597646966576576, -0.08996350586414338, 0.25615519285202026, 0.18630433082580566, 0.0047719902358949184
19739.370806625, -11.856244227290155, -1.524729601442814, -0.06735992431640625, 0.11419379711151123, 0.30204665660858154, 0.0016358518041670322
19739.380861625003, -11.83543749511242, -1.2825331051647664, -0.22842484161257745, -0.04946187511086464, 0.2775404453277588, -0.00014121970161795616
19739.390916625, -11.620184530019761, -0.8271800167858601, -0.8141572442650795, -0.14620785415172577, 0.24525892734527588, 0.0044503360986709595
19739.400971625, -11.152558135986329, -0.43050505310297016, -1.9345773187279702, -0.1989356428384781, 0.2462031990289688, 0.02322450838983059
19739.411026625003, -10.904823303222656, -0.2814151603728533, -2.600392602235079, -0.15071405470371246, 0.05866125598549843, 0.01985880546271801
19739.421080625, -10.696007537841798, -0.2730325189232826, -3.281626116335392, -0.013621103949844837, -0.056919388473033905, 0.027787180617451668
19739.431135625, -10.460696868896484, -0.28949813202023505, -3.9377114868164065, 0.19930315017700195, 0.012457822449505329, 0.038168713450431824
19739.441190625002, -10.336455230712891, -0.686173314973712, -3.7585340881347657, 0.3922785818576813, 0.1643156260251999, 0.044019196182489395
19739.451245625, -10.40007293701172, -1.1539505671709775, -2.899021746218205, 0.487524151802063, 0.2886626124382019, 0.039682772010564804
19739.461300625, -10.433602625727653, -1.3940512020885945, -1.8140774600207807, 0.4702118933200836, 0.36282408237457275, 0.034630171954631805
19739.471355625003, -10.302923787832261, -1.3834233760088683, -0.9279206719994545, 0.3516165316104889, 0.3852446973323822, 0.03777110576629639
19739.481409625, -10.045459188222885, -1.3094772210717203, -0.3100054867565632, 0.16885022819042206, 0.3725024461746216, 0.05353416129946709
19739.491464625, -9.808951594233513, -1.251847063601017, -0.183668352663517, -0.008676087483763695, 0.35954350233078003, 0.0721491277217865
19739.501519625002, -9.561067072749138, -1.0919795098900795, -0.5921684329211713, -0.14524109661579132, 0.32319796085357666, 0.10364861786365509
19739.511574625, -9.18489990234375, -0.8900493525713683, -1.1419756887853145, -0.2109876126050949, 0.29781273007392883, 0.13812963664531708
19739.521629625, -8.834927673339845, -0.6578822929412127, -1.9258950805664063, -0.1940670758485794, 0.2856670320034027, 0.17387472093105316
19739.531684625003, -8.630302607417107, -0.4559520990774036, -2.6271865908801555, -0.10423838347196579, 0.3085419833660126, 0.19111070036888123
19739.541738625, -8.661886927485467, -0.38559843689203266, -3.1626234371960167, 0.025772791355848312, 0.32332485914230347, 0.18640002608299255
19739.551793625, -8.704248835444451, -0.44203108459711077, -3.265160210877657, 0.1516505628824234, 0.3115563690662384, 0.1680963933467865
19739.561848625002, -8.648564046621322, -0.4543054135143757, -3.0880786004662517, 0.24508202075958252, 0.29477930068969727, 0.14986437559127808
19739.571903625, -8.48959520995617, -0.4593950127437711, -2.7051744143664838, 0.29301413893699646, 0.23521478474140167, 0.13897524774074554
19739.581958625, -8.201144460439682, -0.46388563781976705, -2.132914873659611, 0.296928346157074, 0.15753991901874542, 0.1472649872303009
19739.592013625002, -7.895630366206169, -0.4305049800127745, -1.6287629699707031, 0.26921096444129944, 0.10340584814548492, 0.1699649691581726
19739.602067625, -7.7275299328565605, -0.4875364556908608, -1.18942642852664, 0.21306201815605164, 0.04733932763338089, 0.18837997317314148
19739.612122625, -7.792494252920151, -0.5884266168996692, -0.7840695190429688, 0.1567140519618988, -0.019483646377921104, 0.19158242642879486
19739.622177625002, -7.823779195547104, -0.5813912104815245, -0.6303390567004681, 0.09887778759002686, -0.007816767320036888, 0.18817923963069916
19739.632232625, -7.865393244624138, -0.6197115595266224, -0.592318414002657, 0.0377822108566761, -0.018394310027360916, 0.17611804604530334
19739.642287625, -7.846233673095703, -0.5704640800505877, -0.605191790163517, 0.005008254665881395, -0.009579773060977459, 0.16723552346229553
19739.652342625002, -7.7285783386230476, -0.4023636467009783, -0.8887022271752358, -0.02639201283454895, 0.019967466592788696, 0.16733139753341675
19739.662396625, -7.6928015649318695, -0.2998267633840442, -1.04033675506711, -0.03865853324532509, -0.005528306122869253, 0.16317367553710938
19739.672451625, -7.774232813715935, -0.23111964058130982, -1.2641212463378906, -0.03314685449004173, -0.020464643836021423, 0.15967001020908356
19739.682506625002, -7.90042040526867, -0.165256566926837, -1.511407451480627, -0.012043053284287453, -0.036206018179655075, 0.16073036193847656
19739.692561625, -8.088280334472657, -0.19549368850886822, -1.6079565301537515, 0.011910215951502323, -0.04681578651070595, 0.16395598649978638
19739.702616625, -8.4081657153368, -0.2850076896697283, -1.5450874136388302, 0.027175264433026314, -0.037218108773231506, 0.16208836436271667
19739.712671625002, -8.838669891357423, -0.3920349787920714, -1.462908013612032, 0.02148914895951748, -0.026904750615358353, 0.15044155716896057
19739.722725625, -9.154213129878045, -0.45250929504632953, -1.2302917416393757, -0.012563939206302166, -0.04178575053811073, 0.13111421465873718
19739.732780625, -9.234597142338753, -0.3830536920949817, -1.0398875427246095, -0.07595809549093246, -0.06788606196641922, 0.11754434555768967
19739.742835625002, -9.200317840576172, -0.1490902216359973, -1.0048602358996868, -0.14385782182216644, -0.08209690451622009, 0.11064766347408295
19739.752890625, -9.25525477051735, 0.053737903553992515, -1.1114391897618772, -0.20573928952217102, -0.12794935703277588, 0.09940832853317261
19739.762945625, -9.417965825200081, 0.13262389590963722, -1.1931687927246095, -0.24573953449726105, -0.18942970037460327, 0.08193766325712204
19739.773000625002, -9.620494079589845, 0.0651143559627235, -1.4054278372228146, -0.2510395050048828, -0.2137315720319748, 0.05631566047668457
19739.783054625, -9.76853563964367, -0.0017965387366712094, -1.5602053897082806, -0.22892142832279205, -0.19835533201694489, 0.03243625909090042
19739.793109625, -9.835295639634133, -0.0546366023272276, -1.6366961798071862, -0.19784873723983765, -0.1653268188238144, 0.011222317814826965
19739.803164625002, -9.876910858154297, -0.09819602005183697, -1.571282939761877, -0.17147283256053925, -0.12768952548503876, -0.004090770147740841
19739.813219625, -9.91193918824196, -0.12184691101312638, -1.4394070306420328, -0.17335247993469238, -0.07875873148441315, -0.014563119038939476
19739.823274625, -10.028095881342889, -0.15447897903621197, -1.2765452639758588, -0.20930467545986176, -0.04278874024748802, -0.02615896612405777
19739.833329625002, -10.181526235342027, -0.2498308037593961, -1.1177256774902344, -0.2661468982696533, -0.04158632457256317, -0.039612989872694016
19739.843384625, -10.38001347899437, -0.330962053835392, -1.2460092034935952, -0.2984003722667694, -0.00351511687040329, -0.065443255007267
19739.853438625, -10.553203913569451, -0.3290160821937025, -1.6962727291882038, -0.3085126578807831, -0.014638874679803848, -0.08506755530834198
19739.863493625002, -10.598560180664062, -0.3156938225962222, -1.9013459841907026, -0.2873822748661041, -0.045810259878635406, -0.0873047336935997
19739.873548625, -10.606643371582031, -0.3297645257972181, -2.2629939334094527, -0.23087933659553528, -0.12700924277305603, -0.0602203868329525
19739.883603625, -10.642419560551645, -0.37556934742257003, -2.287543175965548, -0.1448925882577896, -0.2048671394586563, 0.005613076500594616
19739.893658625002, -10.826385244131089, -0.5219648979976773, -2.0398081970214843, -0.08385027199983597, -0.15532168745994568, 0.07147891074419022
19739.903713625, -11.224257863759995, -0.7967932978458703, -1.4874571099877358, -0.10821258276700974, -0.017630446702241898, 0.1089046448469162
19739.913767625003, -11.636350911855699, -0.8744818169809878, -0.7744897332787514, -0.22242997586727142, 0.02826247550547123, 0.10741300880908966
19739.923822625, -11.95833135008812, -0.5863309199921787, -0.41927825286984444, -0.3639605641365051, -0.030949555337429047, 0.07350807636976242
19739.933877625, -12.177026571035386, -0.3092571893334389, -0.7946977105736733, -0.4434753656387329, -0.0398210808634758, 0.011170128360390663
19739.943932625, -12.164152756333351, -0.1841173091903329, -1.61005158752203, -0.4557395279407501, 0.08418896794319153, -0.06131337583065033
19739.953987625002, -11.95009963989258, -0.09520235527306796, -2.3096968142688277, -0.4261406362056732, 0.23647437989711761, -0.15084992349147797
19739.964042625, -11.602073364257812, -0.01706482479348779, -2.8237283197045326, -0.35484418272972107, 0.27213603258132935, -0.23249077796936035
19739.974097625, -11.048225682377815, 0.17947642894461752, -3.3334187060594562, -0.22033138573169708, 0.2236507683992386, -0.27334579825401306
19739.984151625, -10.499165700674057, 0.17318957576528193, -3.7425173950195316, -0.04092252254486084, 0.17112259566783905, -0.27044951915740967
19739.994206625, -10.129884796142578, -0.10448294632136822, -3.7214117239415647, 0.13064098358154297, 0.14433784782886505, -0.22115202248096466
19740.004261625003, -9.842183659672738, -0.36434267509728674, -3.0575422476232053, 0.2254929542541504, 0.1287202686071396, -0.1443122774362564
19740.014316625, -9.652077814936638, -0.4808003901690245, -1.9938534674048425, 0.2009870707988739, 0.12684886157512665, -0.05704261735081673
19740.024371625, -9.555529174804688, -0.46657999824732543, -0.9294174130260945, 0.06307725608348846, 0.10311850160360336, 0.02273339405655861
19740.034426625, -9.572144622802735, -0.3347042535804212, -0.1380134390294552, -0.14286312460899353, 0.07954313606023788, 0.08115781843662262
19740.044481625002, -9.650582097172737, -0.07394650211557746, 0.010926838070154191, -0.34114474058151245, 0.07399182766675949, 0.10730312019586563
19740.054535625, -9.934391326904297, 0.17468646297231316, -0.5023554928600789, -0.4701320230960846, 0.10008015483617783, 0.08436504751443863
19740.064590625003, -10.303822504878045, 0.28021708415821195, -1.4920968756079676, -0.49054327607154846, 0.16225793957710266, 0.0181450042873621
19740.074645625, -10.34693344116211, 0.5843845463544131, -2.555785071104765, -0.43410688638687134, 0.2810250520706177, -0.05713829770684242
19740.084700625, -10.209967676997186, 0.7839195196889341, -3.2765366998314858, -0.33352452516555786, 0.35924679040908813, -0.13166747987270355
19740.094755625, -9.915529378652574, 0.8050255927629769, -3.6324961853027347, -0.2082534283399582, 0.39498454332351685, -0.17982915043830872
19740.104810625002, -9.435329132080078, 0.9571094060875476, -3.8064343325793746, -0.08234605193138123, 0.42405423521995544, -0.18407543003559113
19740.114865625, -8.906927363276482, 1.107546643484384, -3.6158805911242964, 0.004591772332787514, 0.4024631977081299, -0.15356464684009552
19740.124919625003, -8.613088989257813, 1.0202780644968152, -3.083737773746252, 0.043830908834934235, 0.34931448101997375, -0.10591621696949005
19740.134974625, -8.594378483891488, 0.7232955329865217, -2.498454729616642, 0.0351514033973217, 0.2948872148990631, -0.06390271335840225
19740.145029625, -8.711433309316636, 0.433648041151464, -1.9055374145507813, -0.01269606500864029, 0.24590149521827698, -0.03890201076865196
19740.155084625003, -8.781039149165155, 0.23052041061222556, -1.4230908139050007, -0.0901234820485115, 0.19454535841941833, -0.01975121721625328
19740.165139625, -8.778793818354607, 0.16555546928197146, -1.1030563290417195, -0.18203946948051453, 0.16221292316913605, -0.013754071667790413
19740.175194625, -8.884623743891716, 0.05972550719976426, -1.0696755981445314, -0.25884613394737244, 0.11152365058660507, -0.02306528203189373
19740.185249625, -8.939559504389763, -0.0016468682885169984, -1.2109820428490639, -0.3013421893119812, 0.05349816381931305, -0.04506202042102814
19740.195303625, -8.944800363779068, 0.06795842338353396, -1.6593000537157059, -0.2935827970504761, 0.03045676089823246, -0.07716776430606842
19740.205358625, -8.9175570166111, 0.14519769363105298, -2.1380042901635172, -0.2377861589193344, 0.019906330853700638, -0.1151786744594574
19740.215414000002, -8.860822652578355, 0.15837044723331928, -2.412533111572266, -0.15018492937088013, 0.012600215151906013, -0.1529652178287506
19740.225469, -8.717271169424057, 0.10882340759038926, -2.4748034732043744, -0.057853877544403076, 0.013320278376340866, -0.18017005920410156
19740.235524, -8.546177546381951, 0.008082935102283955, -2.282603155821562, 0.01556068379431963, 0.011967126280069351, -0.1903958022594452
19740.245579000002, -8.338558706045152, -0.10747672073543073, -1.9209556451439858, 0.062335528433322906, -0.0037858462892472744, -0.17766247689723969
19740.255634, -8.148604888916015, -0.17214228462427855, -1.4371615536510944, 0.06958012282848358, -0.013904793187975883, -0.14504647254943848
19740.265688, -8.067024536132813, -0.20058317810297013, -0.996328125, 0.03947562351822853, -0.026927167549729347, -0.10360849648714066
19740.275743000002, -8.143964538574219, -0.27842127632349734, -0.6644683773815632, -0.015206529758870602, -0.06436162441968918, -0.06601984798908234
19740.285798, -8.325686060786248, -0.3044671502709389, -0.527652886658907, -0.07645094394683838, -0.11072023957967758, -0.0357205867767334
19740.295853, -8.519681473374368, -0.24474135071039202, -0.7255412292480469, -0.11953289806842804, -0.14170798659324646, -0.008477514609694481
19740.305908000002, -8.709638214111328, -0.14489897400140764, -1.0747648684680462, -0.13746868073940277, -0.2023153454065323, 0.003104213159531355
19740.315963, -8.892409311532974, -0.026046166308224202, -1.4576693469285966, -0.1254548877477646, -0.27251866459846497, 0.009685683995485306
19740.326018, -9.059610443115234, 0.05942616630345583, -1.9249972406029703, -0.0721442773938179, -0.3212049603462219, 0.011550333350896835
19740.336072000002, -9.200616633296013, 0.10732648383826018, -2.2908358892798426, 0.004442907869815826, -0.3393656015396118, 0.008563332259654999
19740.346127, -9.36617235839367, 0.0983451971411705, -2.54530729919672, 0.09165745973587036, -0.3534889817237854, 0.0022795938421040773
19740.356182, -9.473349482417108, 0.042960407026112084, -2.5512948480248454, 0.17165589332580566, -0.3696970045566559, -0.004650217480957508
19740.366237000002, -9.504335047602654, 0.04206227470189333, -2.419418646544218, 0.22987180948257446, -0.36702194809913635, -0.008267599157989025
19740.376292, -9.503736292719841, 0.058677795790135864, -2.1685406430065632, 0.2525142729282379, -0.3639689087867737, -0.013392852619290352
19740.386347, -9.534122518301011, 0.06062367606908083, -1.796114959716797, 0.233086496591568, -0.3522944152355194, -0.02102903090417385
19740.396402000002, -9.59968617796898, 0.029189008176326754, -1.6191827456653118, 0.19301311671733856, -0.3313659429550171, -0.03181749954819679
19740.406457, -9.66989077270031, 0.014519586637616159, -1.5732281622290611, 0.14612308144569397, -0.3067348003387451, -0.0481376051902771
19740.416511, -9.800269648432732, -0.012574181444942953, -1.6796574273705482, 0.10408961772918701, -0.29738789796829224, -0.08185535669326782
19740.426566000002, -10.008935725092888, -0.07364714294672013, -2.0026853942871097, 0.09662041813135147, -0.2868662476539612, -0.11770636588335037
19740.436621, -10.099048919677735, -0.1905539607256651, -2.420167674869299, 0.13362424075603485, -0.2956317663192749, -0.13460040092468262
19740.446676, -10.068511251211167, -0.26225482139736417, -2.826721947938204, 0.22547997534275055, -0.2906864285469055, -0.12742523849010468
19740.456731000002, -10.07225405395031, -0.3793115106225014, -3.0865812747180463, 0.3537748157978058, -0.25467145442962646, -0.0945378765463829
19740.466786, -10.04680697143078, -0.5242102288082242, -2.9794044430553916, 0.4633643329143524, -0.16892148554325104, -0.03055218979716301
19740.476841, -10.110425262451173, -0.6996453729271889, -2.498305040895939, 0.5234026908874512, -0.11260601878166199, 0.05424552410840988
19740.486896000002, -10.435848541259766, -0.8707395806908608, -1.7928218078613283, 0.5433486700057983, -0.09865052998065948, 0.14511007070541382
19740.49695, -10.965746027827263, -1.0633889642357828, -1.1262579345703125, 0.49895110726356506, -0.012515377253293991, 0.22179366648197174
19740.507005, -11.454778493642808, -1.1867324335500598, -0.5571414184570312, 0.3662056624889374, 0.11791065335273743, 0.27328434586524963
19740.517060000002, -11.809242553710938, -1.0636882685869933, -0.16450790405273438, 0.16322246193885803, 0.14710421860218048, 0.3007844090461731
19740.527115, -12.225826263427734, -0.9372013361379504, -0.5098402212560177, -0.02096005342900753, 0.09061921387910843, 0.28410235047340393
19740.53717, -12.24453676879406, -0.4775072748586536, -1.3250448480248451, -0.16345886886119843, -0.01690351963043213, 0.2481970638036728
19740.547225000002, -11.937823995351792, 0.16675297904759645, -2.382595659792423, -0.20327964425086975, -0.07531607896089554, 0.2038591057062149
19740.55728, -11.645333404541017, 0.3146453620120883, -3.3876055844128135, -0.13544946908950806, -0.09916441887617111, 0.153513103723526
19740.567335, -11.498488769531251, 0.08786698669195175, -3.8273908996582033, -0.0001064123644027859, -0.1718175858259201, 0.09153900295495987
19740.577389000002, -11.211984558105469, -0.06885714042931795, -3.791316210329533, 0.13570334017276764, -0.1285097897052765, 0.0432436466217041
19740.587444, -10.709478353261948, -0.1143624384328723, -3.4835560543835165, 0.21017904579639435, 0.023333270102739334, 0.008982829749584198
19740.597499, -10.386151301264764, -0.3363508112356067, -2.737806994020939, 0.22093501687049866, 0.12730814516544342, -0.01886158436536789
19740.607554000002, -10.28346483886242, -0.5322934562712908, -2.0441491699218752, 0.16331522166728973, 0.18166308104991913, -0.04301020875573158
19740.617609, -10.215506159663201, -0.607287395708263, -1.6218771426379681, 0.05255914479494095, 0.23315317928791046, -0.061323702335357666
19740.627664, -10.021959228515625, -0.5945639640837909, -1.445543975830078, -0.0943504199385643, 0.26164510846138, -0.0691298395395279
19740.637719000002, -9.676627349853517, -0.5155283195525409, -1.47533203125, -0.24010948836803436, 0.24903292953968048, -0.05359110236167908
19740.647774, -9.249716287851333, -0.2704877741262317, -1.8446146899461746, -0.34852632880210876, 0.22878281772136688, -0.024856196716427803
19740.657828, -8.917555262446404, 0.01721394706517458, -2.4605831909179687, -0.39342883229255676, 0.1852681040763855, 0.008591774851083755
19740.667883000002, -8.74780942261219, 0.2565661749243736, -3.093467540591955, -0.3795911371707916, 0.1666278839111328, 0.034286413341760635
19740.677938, -8.641379572749138, 0.39682443313300614, -3.2596218743920327, -0.3442416787147522, 0.0713338628411293, 0.052629999816417694
19740.687993, -8.503067194819451, 0.5001096869632602, -3.5113980102539064, -0.2558565139770508, 0.06575202941894531, 0.06327672302722931
19740.698048000002, -8.63808642089367, 0.37826306831091644, -3.683839708864689, -0.13704411685466766, 0.07558468729257584, 0.05364752933382988
19740.708103, -8.86755806028843, 0.07738881278783083, -3.3744329769909385, -0.02566731534898281, 0.11889426410198212, 0.025525696575641632
19740.718158, -9.007069702148438, -0.18321921341121197, -2.832559954226017, 0.03316643834114075, 0.14709660410881042, -0.007410681806504726
19740.728213000002, -8.952434488534928, -0.25102827697992325, -2.151625671386719, 0.0258020106703043, 0.16347520053386688, -0.02434263750910759
19740.738268, -8.740324401855469, -0.15612566459923982, -1.5117068289220335, -0.05974164977669716, 0.14072833955287933, -0.027029765769839287
19740.748322, -8.5693798828125, -0.06825834900140762, -0.9626483090221882, -0.20418839156627655, 0.07915972918272018, -0.014276235364377499
19740.758377000002, -8.454568634033203, -0.008382860720157623, -0.7595210073888302, -0.34823980927467346, -0.0029167686589062214, 0.007176325656473637
19740.768432, -8.458460540771485, 0.002843793332576752, -1.0912307739257814, -0.4399074614048004, -0.044996462762355804, 0.024904834106564522
19740.778487, -8.510401357412338, 0.024099664762616158, -1.6495699945092201, -0.4603964686393738, -0.08733806014060974, 0.024375131353735924
19740.788542000002, -8.580605952143669, -0.025147997438907624, -2.1281245422363284, -0.4105755686759949, -0.11529237031936646, 0.00976834911853075
19740.798597, -8.608148676753045, -0.08981354305520654, -2.453997033387423, -0.3203465938568115, -0.10808132588863373, -0.010772346518933773
19740.808652, -8.613088404536247, -0.1576224604435265, -2.4656727536022665, -0.22583791613578796, -0.07609101384878159, -0.035450536757707596
19740.818707000002, -8.580306574702263, -0.2830616814829409, -2.1634510803222655, -0.1594138890504837, -0.06449773907661438, -0.046395331621170044
19740.828761, -8.447234471440316, -0.4083510858938098, -1.6215782037377358, -0.14600467681884766, -0.047856785356998444, -0.031648799777030945
19740.838816, -8.391999333500863, -0.5292995722219348, -1.0940751519799232, -0.1874631643295288, -0.03529997915029526, -0.001932182814925909
19740.848871000002, -8.520431671142578, -0.7000943659991026, -0.7054827944934369, -0.24749666452407837, -0.03715352714061737, 0.015350240282714367
19740.858926, -8.80289253294468, -0.8448433406464756, -0.6017489495873451, -0.31400325894355774, -0.054088301956653595, 0.026015669107437134
19740.868981, -8.957673593759537, -0.8497831780649722, -0.6460571032762528, -0.378608763217926, -0.08187839388847351, 0.033413346856832504
19740.879036000002, -8.96889790892601, -0.7580239740014076, -0.7902064642310143, -0.4292255938053131, -0.13471205532550812, 0.03861849382519722
19740.889091, -8.961863708496095, -0.57196094898507, -0.9842033386230469, -0.46262773871421814, -0.18014995753765106, 0.06069544330239296
19740.899146, -8.993597717285157, -0.4643346857093275, -1.1704162533581257, -0.4812474846839905, -0.22602450847625732, 0.0905982181429863
19740.909201000002, -9.076375579833984, -0.4409832818247378, -1.188678277283907, -0.48449796438217163, -0.25876882672309875, 0.11902616918087006
19740.919256, -9.267378387451172, -0.4203261835500598, -1.2847787283360959, -0.4798435568809509, -0.2326863408088684, 0.13385412096977234
19740.92931, -9.662257232666017, -0.4065548212453723, -1.3775854428112508, -0.45662304759025574, -0.2071831077337265, 0.11975938081741333
19740.939365000002, -10.116263122558594, -0.5264555048011244, -1.3585749752819538, -0.4285416007041931, -0.20134305953979492, 0.07518286257982254
19740.94942, -10.32971923828125, -0.5284014673065395, -1.3269905090332033, -0.40974149107933044, -0.14945609867572784, 0.021091483533382416
19740.959475, -10.374326477050781, -0.5011581932287663, -1.3265417352318765, -0.40025612711906433, -0.10655923187732697, -0.03661708906292915
19740.969530000002, -10.352021688222885, -0.5601354486867786, -1.249452044069767, -0.39002612233161926, -0.08677568286657333, -0.0884484276175499
19740.979585, -10.25442698121071, -0.6563853691890836, -1.4257853570580483, -0.3534824848175049, -0.03764196112751961, -0.12423811852931976
19740.98964, -9.999805297851562, -0.6566846461314708, -1.6094531250000002, -0.3067028224468231, -0.04589449614286423, -0.1340956836938858
19740.999695000002, -9.712851435542108, -0.6249506647512317, -1.6549587884545327, -0.23936371505260468, -0.031138455495238304, -0.11722268164157867
19741.00975, -9.631571044921875, -0.669857335779816, -1.736239909976721, -0.18595004081726074, -0.069773368537426, -0.08793705701828003
19741.019804, -9.803712489008904, -0.9285193720646203, -1.4115647824108601, -0.12893043458461761, -0.17758025228977203, -0.05905774608254433
19741.029859000002, -9.850115992426872, -0.9268728509545326, -1.2606786981225013, -0.09489354491233826, -0.1546306312084198, -0.009388767182826996
19741.039914, -10.020312652587892, -0.9764197809621692, -0.9753721426427365, -0.09382082521915436, -0.10024835169315338, 0.03825625032186508
19741.049969, -10.511141383051873, -1.1957137019746007, -0.42017667755484583, -0.13075649738311768, -0.06843678653240204, 0.05422563850879669
19741.060024000002, -11.126063232421876, -1.3877643854543567, -0.09535200744867325, -0.2147294282913208, -0.02361551858484745, 0.03038768470287323
19741.070079, -11.488010559082031, -1.3630657465383411, -0.06002517700195313, -0.3127126693725586, 0.001784417312592268, -0.011403301730751991
19741.080134, -11.652817840576173, -1.276396004660055, -0.3613488641381264, -0.3647623062133789, 0.0022640530951321125, -0.06742022931575775
19741.090189000002, -11.596985117197038, -1.1316470391489566, -0.9053176751732827, -0.3503042459487915, 0.05856183543801308, -0.1131400614976883
19741.100244, -11.280840784907342, -1.0859919062443077, -1.4920974603295327, -0.3100079298019409, 0.175212562084198, -0.14113548398017883
19741.110299, -10.950777740478516, -1.051862932741642, -1.6983686636388302, -0.24901819229125977, 0.16528365015983582, -0.1644888073205948
19741.120353000002, -10.412047449946405, -0.8066727351397276, -1.9281407037377358, -0.19261430203914642, 0.1721804291009903, -0.16109992563724518
19741.130408, -10.033784637451172, -0.435893773958087, -2.2556596246361735, -0.10374568402767181, 0.05201275646686554, -0.16338667273521423
19741.140463, -9.963578873276711, -0.3661388666555286, -2.5183633294701577, 0.04544779658317566, -0.06646728515625, -0.1675609052181244
19741.150518000002, -10.003247553706169, -0.5197195123694838, -2.719694220274687, 0.20533955097198486, -0.08086158335208893, -0.16139106452465057
19741.160573, -9.917626190185548, -0.7869139153696597, -2.146835632324219, 0.29059267044067383, -0.04959554225206375, -0.13267765939235687
19741.170628, -9.764643148183824, -0.9984240594506264, -1.1993063226342202, 0.26949164271354675, -0.009383405558764935, -0.08080113679170609
19741.180683000002, -9.654024353027344, -0.9298665340058506, -0.41508726105093957, 0.19033877551555634, 0.03376220166683197, -0.03072545677423477
19741.190738, -9.641899566650391, -0.7158117730356753, -0.17094466522336008, 0.08311083167791367, 0.09555934369564056, 0.00907964538782835
19741.200793, -9.694739685058595, -0.4147877191565931, -0.08277786254882813, -0.04216746240854263, 0.14838074147701263, 0.019986886531114578
19741.210848500003, -9.927954711914063, -0.3019223689287901, -0.2728826840221882, -0.1595812290906906, 0.20691564679145813, -0.0009458019630983472
19741.2209035, -10.17643798828125, -0.22064143013209106, -0.8812176449596882, -0.220523402094841, 0.26149845123291016, -0.04089774563908577
19741.2309575, -10.18167709350586, -0.09400482723489405, -1.6823518243432045, -0.20425215363502502, 0.32555630803108215, -0.07279345393180847
19741.241012500002, -9.842631556391716, 0.10238679260015489, -2.4007079949975014, -0.1321590542793274, 0.3843114972114563, -0.07031405717134476
19741.2510675, -9.334588623046875, 0.33141049873083833, -2.84468474060297, -0.035851962864398956, 0.42495131492614746, -0.028433943167328835
19741.2611225, -8.894503199458123, 0.5135817266441882, -2.9723690731823447, 0.06669758260250092, 0.44652611017227173, 0.0340757742524147
19741.271177500003, -8.787177556157113, 0.5297479805722833, -2.8629469107091428, 0.1628512293100357, 0.45657074451446533, 0.0956493690609932
19741.2812325, -8.969796625971794, 0.41433805000036955, -2.4626789791882038, 0.2187264859676361, 0.43262144923210144, 0.1309109479188919
19741.2912875, -9.227860565185548, 0.25521901298314337, -1.8359323056042196, 0.2258324772119522, 0.38539865612983704, 0.1406671553850174
19741.301342500003, -9.344317805171013, 0.19354727832600474, -1.1847862243652345, 0.18340618908405304, 0.34351831674575806, 0.1432403028011322
19741.3113975, -9.266929321289062, 0.25387183276936415, -0.6511463735997677, 0.0861983373761177, 0.3268238306045532, 0.14820685982704163
19741.3214525, -9.172027841806413, 0.2929406071454287, -0.32811811432242394, -0.03507881984114647, 0.2596099078655243, 0.15248629450798035
19741.331507500003, -9.055417989492417, 0.3824543890357018, -0.28845001861453057, -0.14748181402683258, 0.17861555516719818, 0.15827175974845886
19741.3415615, -8.923094329833985, 0.5065463202260435, -0.6484516842663288, -0.2338619828224182, 0.11747816205024719, 0.1594691127538681
19741.3516165, -8.9127669775486, 0.6014490056969226, -1.167123540043831, -0.27026814222335815, 0.06121598556637764, 0.147315114736557
19741.361671500003, -9.004824371337891, 0.6075862067006529, -1.7372871463000776, -0.2466437667608261, -0.013515773229300976, 0.11294887959957123
19741.3717265, -9.13535235106945, 0.566272092377767, -2.284698944091797, -0.17291700839996338, -0.05102590098977089, 0.060902539640665054
19741.3817815, -9.184150289297104, 0.5060973636992276, -2.7334655825793743, -0.06264243274927139, -0.06947868317365646, -0.0013698918046429753
19741.391836500003, -9.107510833740236, 0.430654157102108, -2.8738738949596883, 0.06648632138967514, -0.09383699297904968, -0.05457759276032448
19741.4018915, -8.890162811279298, 0.36598863889463246, -2.712210222780705, 0.1777057945728302, -0.11246207356452942, -0.08627346903085709
19741.4119465, -8.602462259531022, 0.27333134818822147, -2.1963831835985186, 0.2392289638519287, -0.13094562292099, -0.0926455408334732
19741.422001500003, -8.343648707270622, 0.167501440923661, -1.4868583551049233, 0.2398417592048645, -0.1531425416469574, -0.0748356506228447
19741.4320565, -8.260572052001953, 0.07574218204244972, -0.7301818719506264, 0.18071506917476654, -0.16584904491901398, -0.05415506288409233
19741.4421115, -8.36460512816906, -0.06870739689096808, -0.17977659210562708, 0.08826396614313126, -0.17697305977344513, -0.03242553398013115
19741.452166500003, -8.596622060537339, -0.2541717401146889, 0.059276879578828816, -0.003264802508056164, -0.17865759134292603, -0.015654845163226128
19741.4622205, -8.882678375244142, -0.4119435969181359, -0.1137632815539837, -0.068607859313488, -0.16064316034317017, -0.007920226082205772
19741.4722755, -9.13505355834961, -0.47930363086983563, -0.5415737915039063, -0.08283067494630814, -0.15113697946071625, -0.009670596569776535
19741.482330500003, -9.268276519775391, -0.4026629510521889, -1.1770024108886719, -0.05035342276096344, -0.17565031349658966, -0.00826018676161766
19741.4923855, -9.186847025156021, -0.22049179622903467, -1.7060027883946896, 0.02916550077497959, -0.2158711850643158, 0.01387971080839634
19741.5024405, -9.03012293457985, -0.05972607364878059, -2.177672093510628, 0.13586504757404327, -0.25516241788864136, 0.05920511484146118
19741.512495500003, -8.97743133544922, 0.023201422803103926, -2.255809459537268, 0.23423977196216583, -0.27754268050193787, 0.11105246841907501
19741.5225505, -9.113946279287338, 0.0017959357425570489, -2.064057915955782, 0.30246755480766296, -0.2691425383090973, 0.15697069466114044
19741.5326055, -9.428893686532975, -0.1029860956594348, -1.7061524771153929, 0.3295733630657196, -0.25712162256240845, 0.18564631044864655
19741.542660500003, -9.814190699458123, -0.13187608270905912, -1.2992982418835164, 0.3098872900009155, -0.23008625209331512, 0.19184614717960358
19741.5527155, -10.196795654296876, -0.14355175724253058, -1.0701246643066407, 0.25746503472328186, -0.2032114863395691, 0.177547425031662
19741.5627705, -10.532397766113283, -0.08622100462205709, -1.0693763668835163, 0.19840435683727264, -0.1911497563123703, 0.14332661032676697
19741.5728255, -10.780283457040788, -0.041314406683668495, -1.3316310055553915, 0.1708541363477707, -0.20338772237300873, 0.09971364587545395
19741.582880500002, -10.861413574218751, 0.03218284654431045, -1.7708175659179688, 0.18165911734104156, -0.19516628980636597, 0.0529024638235569
19741.5929345, -10.8287826025486, 0.06900616220198572, -2.315534966737032, 0.2395143359899521, -0.18084774911403656, 0.020278779789805412
19741.602989500003, -10.734027888178826, 0.06092297128401697, -2.6592205618321896, 0.3309779465198517, -0.18297800421714783, 0.010977157391607761
19741.6130445, -10.604248352050782, 0.13262386850081384, -2.6985884030163287, 0.4225424528121948, -0.15747244656085968, 0.033246416598558426
19741.6230995, -10.55769515991211, 0.18561377612873914, -2.478096917420626, 0.4821288287639618, -0.10379297286272049, 0.06814581155776978
19741.633154500003, -10.696306915283204, 0.11466122201643884, -2.004931017458439, 0.48296043276786804, -0.06381382793188095, 0.09772705286741257
19741.643209500002, -11.095526733398438, -0.09071159315295518, -1.4883552423119546, 0.44434380531311035, -0.049878038465976715, 0.10112471133470535
19741.6532645, -11.63590301513672, -0.3941307122446597, -1.2266990661621093, 0.4010160267353058, -0.00860219169408083, 0.07976134121417999
19741.6633195, -12.045450185537339, -0.6894665764644743, -1.0927278073132038, 0.3228701055049896, 0.06640227884054184, 0.04693201929330826
19741.673374500002, -12.146042175292969, -0.8668476465437561, -0.8686437924206257, 0.21109247207641602, 0.16078907251358032, 0.00991968996822834
19741.6834295, -11.918064499497413, -0.7937994777504355, -0.9979748471081258, 0.07534555345773697, 0.1929328888654709, 0.0036021387204527855
19741.6934845, -11.406579310297966, -0.313149132616818, -1.3412109375, -0.04202335327863693, 0.1257871389389038, 0.017497653141617775
19741.703539500002, -10.970685755610466, 0.16136414855718614, -2.064357293397188, -0.10053513199090958, 0.027265094220638275, 0.033924296498298645
19741.7135945, -10.635383021235466, 0.36598868457600475, -2.783162237852812, -0.08576309680938721, -0.09148874133825302, 0.0511724054813385
19741.7236495, -10.37896682739258, 0.222137851389125, -3.3552726745605472, 0.008942371234297752, -0.16447721421718597, 0.07165451347827911
19741.733703500002, -10.164162928462028, -0.06661172739230097, -3.6136355526745323, 0.16216348111629486, -0.15661929547786713, 0.08614497631788254
19741.7437585, -10.016120783686638, -0.3866462762095034, -3.535797417908907, 0.3302195966243744, -0.04391191899776459, 0.09119433164596558
19741.7538135, -9.93978012084961, -0.6246513604000211, -3.029101098328829, 0.4514552652835846, 0.1119866743683815, 0.07934336364269257
19741.763868500002, -9.939031092524528, -0.7214998804684729, -2.3303540039062502, 0.5045691132545471, 0.24039311707019806, 0.05568676441907883
19741.7739235, -9.911339263916016, -0.667761629736051, -1.5221847470104695, 0.46453845500946045, 0.2860947251319885, 0.028553608804941177
19741.7839785, -9.859696655273439, -0.7075789208058268, -0.8641529846191407, 0.3539421856403351, 0.3218359351158142, 0.0021702058147639036
19741.794033500002, -9.765242487788202, -0.7951467127818614, -0.5525009219348431, 0.19524948298931122, 0.37139230966567993, -0.013113409280776978
19741.8040885, -9.557624232172966, -0.7409594232961536, -0.5357359313964845, 0.028964098542928696, 0.3835592269897461, -0.016221052035689354
19741.8141435, -9.227260640859605, -0.5054991021752357, -0.9069641049206257, -0.09995725005865097, 0.3648137152194977, -0.00042656133882701397
19741.824198500002, -8.851542536616325, -0.18800932556390762, -1.573827063292265, -0.1678161770105362, 0.3339096009731293, 0.016214467585086823
19741.8342535, -8.617280273437501, 0.06631179263815284, -2.412533403933048, -0.14207690954208374, 0.3126140236854553, 0.02156376652419567
19741.8443085, -8.563092371821403, 0.13906053830869497, -3.1189141845703126, -0.03603888303041458, 0.3102986514568329, 0.008295898325741291
19741.854363500002, -8.544981790781021, 0.11017057866789401, -3.4983758224546913, 0.11092448234558105, 0.3395193815231323, -0.02208210527896881
19741.8644185, -8.498276571035385, -0.019160448610782626, -3.5072070184350017, 0.263764888048172, 0.3663523197174072, -0.06376670300960541
19741.8744735, -8.353378474116326, -0.14280337759293615, -3.1781910641491415, 0.38864821195602417, 0.3927617371082306, -0.09585576504468918
19741.884528500002, -8.119713796377182, -0.26075808037072423, -2.632276153564453, 0.45246392488479614, 0.4063377380371094, -0.10010164231061935
19741.8945825, -7.9058086144924165, -0.48514139961451297, -1.9782861328125, 0.4519369602203369, 0.38471630215644836, -0.0763205885887146
19741.9046375, -7.727828725576401, -0.6080358758568764, -1.348695227354765, 0.3897761106491089, 0.3430838882923126, -0.03520724177360535
19741.914692500002, -7.680377985835076, -0.5995035274140537, -1.0274635250866413, 0.29219239950180054, 0.3000999689102173, 0.013221606612205505
19741.9247475, -7.713759155273438, -0.527653087656945, -0.918939348757267, 0.1789497584104538, 0.2146468460559845, 0.055880386382341385
19741.9348025, -7.7056759643554695, -0.35161909729242324, -0.8735835202038289, 0.06775511056184769, 0.08773314952850342, 0.10184838622808456
19741.944857500002, -7.63337748169899, -0.20312790462747218, -1.0556055893003942, -0.016422348096966743, 0.004156234674155712, 0.15183591842651367
19741.9549125, -7.678282343745232, -0.132923903753981, -1.3198057428002359, -0.0638984888792038, -0.05759245902299881, 0.19302009046077728
19741.9649675, -7.924969355463982, -0.12993003797717392, -1.6022682125866414, -0.07364752888679504, -0.0691380575299263, 0.21255864202976227
19741.975022500003, -8.23093310058117, -0.030237386533990503, -1.7818946774303914, -0.07664912194013596, -0.07305259257555008, 0.20208893716335297
19741.9850775, -8.552015406489373, 0.07454477277584375, -1.8893711788952352, -0.06923328340053558, -0.06592997163534164, 0.17650340497493744
19741.9951325, -8.857829462885856, 0.1508859563805163, -1.9950514157116415, -0.05259809270501137, -0.06476034224033356, 0.14348487555980682
19742.005187500003, -9.01335662841797, 0.2486326544545591, -1.9827772329747677, -0.046198517084121704, -0.06349454075098038, 0.11144492030143738
19742.0152425, -9.17412289917469, 0.24698606482241303, -1.9293382135033608, -0.04368450120091438, -0.09151730686426163, 0.08412103354930878
19742.0252975, -9.218728383779526, 0.36583886566339063, -1.80255142852664, -0.06770408153533936, -0.11128249019384384, 0.06705097109079361
19742.035352500003, -9.194778773188592, 0.4813986608292908, -1.613943932801485, -0.10723549127578735, -0.13403204083442688, 0.05778836831450462
19742.0454075, -9.271717606186867, 0.5605840397626162, -1.445992749631405, -0.1674751341342926, -0.15840210020542145, 0.048893675208091736
19742.0554625, -9.346563720703125, 0.6502474852488377, -1.2783421133458615, -0.2402990460395813, -0.1862110197544098, 0.04010870307683945
19742.065516500003, -9.389674072265626, 0.7229962466223515, -1.109043585509062, -0.3287958800792694, -0.21835564076900482, 0.03566788509488106
19742.0755715, -9.573042755126954, 0.5691162089060526, -1.050216502994299, -0.3986719250679016, -0.26138079166412354, 0.02660875767469406
19742.0856265, -9.666448516845703, 0.5619312382489443, -1.1979588317871095, -0.45591044425964355, -0.2685084640979767, 0.025134962052106857
19742.095681500003, -9.728570505380631, 0.5686672261124477, -1.3696522329747678, -0.4970797300338745, -0.24848303198814392, 0.012096008285880089
19742.1057365, -9.915980783700943, 0.5763013006187976, -1.6052621331810952, -0.5212236642837524, -0.20478455722332, -0.012607740238308907
19742.1157915, -10.19125600218773, 0.5704634359432385, -1.8482067807018758, -0.5306059122085571, -0.14061401784420013, -0.0636034905910492
19742.125846500003, -10.4885383862257, 0.5574405537871644, -2.1489312744140627, -0.540107786655426, -0.08539017289876938, -0.1245933398604393
19742.1359015, -10.655890375971795, 0.5174735694285483, -2.326761328428984, -0.5620687007904053, -0.06377582997083664, -0.1832922101020813
19742.1459565, -10.63193959593773, 0.5742055900068954, -2.5306375122070315, -0.5871290564537048, -0.06483736634254456, -0.2251262217760086
19742.156011500003, -10.518476130366325, 0.7494911527563818, -2.855611871033907, -0.6053432822227478, -0.07201991975307465, -0.24096718430519104
19742.1660665, -10.527756246328355, 0.7664059907582124, -3.143163757324219, -0.5879070162773132, -0.1603361964225769, -0.23256944119930267
19742.1761215, -10.587782592773438, 0.5884260961320251, -3.3127613702416423, -0.5323947668075562, -0.2763400077819824, -0.19368542730808258
19742.1861765, -10.62670166015625, 0.5740559865105025, -3.36021240234375, -0.4772321581840515, -0.2756233513355255, -0.14323262870311737
19742.196231500002, -10.635384775400162, 0.6497983911068878, -3.101999505311251, -0.48118600249290466, -0.19376195967197418, -0.09767270088195801
19742.2062865, -10.692414423823358, 0.8030797721553246, -2.3929240353405477, -0.5867753028869629, -0.24089378118515015, -0.054871175438165665
19742.216341291667, -10.911859842538835, 0.9931842692909414, -1.7962647946178913, -0.69277024269104, -0.34550952911376953, -0.03917565196752548
19742.22639629167, -11.235634791254999, 1.1024571333336644, -1.8733546319603922, -0.7623887658119202, -0.388844758272171, -0.03414227068424225
19742.23645129167, -11.422596588134766, 1.0554548202152365, -1.832638861387968, -0.8001772165298462, -0.27099931240081787, -0.047189194709062576
19742.246506291667, -11.54489227294922, 0.7521854560822249, -1.7092956478893757, -0.8917580246925354, -0.07893241941928864, -0.08056153357028961
19742.25656129167, -11.676917724609375, 0.46089132664958016, -1.3994398498535157, -0.9879811406135559, 0.09911470115184784, -0.17372557520866394
19742.26661629167, -11.809092864990236, 0.5725590163632296, -2.0179537899792197, -1.0247493982315063, 0.18880438804626465, -0.3046566843986511
19742.276671291667, -11.705208892822267, 0.8167013877810678, -2.8165431149303917, -0.9716836214065552, 0.15816137194633484, -0.44757136702537537
19742.28672529167, -11.268417205810547, 0.9198369032121264, -3.8354743829369546, -0.8140332698822021, 0.15945886075496674, -0.539906919002533
19742.29678029167, -10.465934804677964, 0.8602608129289002, -4.588108978271484, -0.602910041809082, 0.19079671800136566, -0.5464890003204346
19742.306835291667, -9.561814931631089, 0.7412582708336414, -4.599934825748205, -0.40817058086395264, 0.24361704289913177, -0.4693412184715271
19742.31689029167, -8.870103937983513, 0.588276325184852, -3.9688471792638302, -0.2932433784008026, 0.25361108779907227, -0.3424554467201233
19742.32694529167, -8.517137934565545, 0.4125418401695788, -2.869083563536406, -0.27972277998924255, 0.22354638576507568, -0.1943291276693344
19742.337000291667, -8.504862874746323, 0.41778081748634577, -1.7327967770397663, -0.3776867091655731, 0.22755829989910126, -0.07299771159887314
19742.34705529167, -8.881629384756089, 0.45041297687217596, -0.904119873046875, -0.5487663149833679, 0.2875902056694031, -0.006385930813848972
19742.35711029167, -9.571096801757813, 0.37661647411063315, -0.5905222955346108, -0.7382152676582336, 0.3335992991924286, -0.021109510213136673
19742.367165291667, -10.191108067631722, 0.34832527848891914, -0.7608683520555497, -0.8946810364723206, 0.3388656973838806, -0.0922582596540451
19742.377220291666, -10.3544172924757, 0.5179228457249702, -1.4193488882482053, -0.9724364280700684, 0.33422213792800903, -0.18015582859516144
19742.38727529167, -9.899813232421875, 0.7836201970651746, -2.307900841981173, -0.9585328698158264, 0.3235985040664673, -0.2373189777135849
19742.397330291667, -9.236243133544923, 1.0045607945043593, -3.0382324026525023, -0.8763426542282104, 0.3136919438838959, -0.24603362381458282
19742.407385291666, -8.617878443598748, 1.2132269533909859, -3.4564622497558597, -0.7655889391899109, 0.31472206115722656, -0.21320350468158722
19742.41744029167, -8.307874272465707, 1.3036388767417522, -3.436853465884924, -0.6710747480392456, 0.33107540011405945, -0.17120905220508575
19742.427495291668, -8.433012288808824, 0.8952880375273526, -3.0380824215710165, -0.5864578485488892, 0.21787001192569733, -0.13832087814807892
19742.437550291666, -8.445885518789291, 0.8508303230255843, -2.681823120117188, -0.5489151477813721, 0.21153205633163452, -0.10624449700117111
19742.44760529167, -8.560547663569452, 0.8572671390138566, -2.3638845697045325, -0.5596897602081299, 0.2099171131849289, -0.08857469260692596
19742.457660291668, -8.800647786855698, 0.8283770606014877, -1.788630669862032, -0.6234684586524963, 0.1343507170677185, -0.1091550663113594
19742.467715291667, -9.20091601073742, 0.758771851155907, -1.408570715636015, -0.7004895210266113, 0.07021806389093399, -0.1682056188583374
19742.47777029167, -9.4794873046875, 0.7095241889543832, -1.5444882202148438, -0.7482554316520691, 0.05500051751732826, -0.24773967266082764
19742.487825291668, -9.448352050781251, 0.6896156439185143, -1.6904351614415647, -0.7674863934516907, 0.03946017473936081, -0.3281719386577606
19742.497880291667, -9.200766322016717, 0.6953039797581733, -1.9019447390735151, -0.74359530210495, 0.03555011749267578, -0.38455089926719666
19742.50793529167, -8.804240900874138, 0.7788301397301257, -2.097887859195471, -0.6984533667564392, 0.05751853063702583, -0.4081028401851654
19742.517990291668, -8.408614196777345, 0.935254724957049, -2.012415307313204, -0.6669292449951172, 0.07913966476917267, -0.39857402443885803
19742.528045291667, -8.292755126953125, 0.6701561102271081, -1.8238076654076578, -0.6383010745048523, 0.03391040861606598, -0.3725520372390747
19742.53810029167, -8.16596994996071, 0.5197189093753696, -1.6467262011766435, -0.6188348531723022, -0.01828545331954956, -0.3269946873188019
19742.548155291668, -7.956256052255631, 0.5364839730039239, -1.6937283132970333, -0.5859847664833069, -0.007822426036000252, -0.2505268156528473
19742.558210291667, -7.657027130126954, 0.6628214177303017, -1.750759715884924, -0.5730328559875488, 0.0781717523932457, -0.15059243142604828
19742.56826429167, -7.81419970214367, 0.5706132388673723, -1.4759307861328126, -0.6005369424819946, -0.03794979304075241, -0.08026900887489319
19742.578319291668, -8.408463923335075, 0.3846999208442867, -1.169667663574219, -0.6141146421432495, -0.20547665655612946, -0.05193782225251198
19742.588374291667, -8.93297378540039, 0.43664170593023305, -1.4807212637364866, -0.6230493187904358, -0.25533607602119446, -0.047530025243759155
19742.59842929167, -9.19298309326172, 0.43110327808186416, -1.59747802734375, -0.608328640460968, -0.25031423568725586, -0.053894225507974625
19742.608484291668, -9.34626434326172, 0.4168827765248716, -1.5480810418725015, -0.6040105819702148, -0.18320149183273315, -0.07268548756837845
19742.618539291667, -9.549691314697267, 0.3956269599124789, -1.5314653015136719, -0.5886901021003723, -0.15729057788848877, -0.09876759350299835
19742.62859429167, -9.606722717285157, 0.40745246021077036, -1.5132035699486732, -0.5711625218391418, -0.14203891158103943, -0.1185024157166481
19742.638649291668, -9.455835317373277, 0.47166886657476426, -1.585353240966797, -0.5550993084907532, -0.08133966475725174, -0.11802098155021667
19742.648704291667, -9.274562276601792, 0.5370828375220299, -1.5988250796496868, -0.5608966946601868, -0.03787953406572342, -0.11659113317728043
19742.65875929167, -9.418713099360467, 0.4529577582143247, -1.634601268619299, -0.5514055490493774, -0.05180802196264267, -0.12748610973358154
19742.66881429167, -9.567653961181641, 0.37422160075977445, -1.866019884645939, -0.5389760136604309, -0.0561353899538517, -0.1473490446805954
19742.678869291667, -9.56450991332531, 0.3058138188533485, -2.0571722348034385, -0.5130031108856201, -0.10179896652698517, -0.15441778302192688
19742.68892429167, -9.318571929931641, 0.39173507144674663, -2.3041586239635947, -0.48261138796806335, -0.1162269115447998, -0.1265680491924286
19742.69897929167, -9.004374720454216, 0.546213959120214, -2.550845928043127, -0.4433673620223999, -0.07397443801164627, -0.06757153570652008
19742.709034291667, -8.832532653808594, 0.5730082218535245, -2.6789791806042196, -0.4301074743270874, -0.002207571640610695, -0.004080710932612419
19742.71908929167, -9.032516199946404, 0.5355861147679388, -2.5497976684570314, -0.4254748523235321, 0.0040769330225884914, 0.04436095803976059
19742.72914429167, -9.404193878173828, 0.3598515201173723, -2.5385715991258624, -0.4275137782096863, -0.029803268611431122, 0.06874379515647888
19742.739199291667, -9.718240229487419, 0.2535725832358003, -2.658322429507971, -0.41022396087646484, -0.04669361189007759, 0.08598202466964722
19742.749254291666, -9.877359339594841, 0.4361927128583193, -2.9665310668945315, -0.3740215003490448, -0.07354733347892761, 0.10588330030441284
19742.75930929167, -9.947264556884766, 0.5135817631892861, -2.930456523746252, -0.32814231514930725, -0.11957354843616486, 0.13556352257728577
19742.769364291667, -9.962682495117187, 0.4909786019101739, -2.7340644836425785, -0.2996920347213745, -0.12474780529737473, 0.17942339181900024
19742.779419291666, -10.210117950439454, 0.3025207766331732, -2.6725427117943763, -0.2268601804971695, -0.09976808726787567, 0.20615553855895996
19742.78947429167, -10.713970184326172, 0.12858241008594634, -2.534978923648596, -0.17332690954208374, -0.04918826371431351, 0.1967622935771942
19742.799529291668, -11.227850977778436, -0.07334782945923507, -2.2225782711803914, -0.15409700572490692, 0.11535888910293579, 0.16754445433616638
19742.809584291666, -11.432774836421013, -0.22632965176831932, -1.933379662781954, -0.2200099676847458, 0.3583790063858032, 0.12152130901813507
19742.81963929167, -11.392059504389763, -0.19040427657309922, -1.6970214651525022, -0.3485235571861267, 0.48683372139930725, 0.0852443054318428
19742.829694291668, -11.065738677978516, 0.1923498233780265, -1.6783100827038289, -0.5166928768157959, 0.4817470610141754, 0.07183130085468292
19742.839749291667, -10.621761932373047, 0.6768922345637112, -2.1511770437657836, -0.6537516713142395, 0.3602406084537506, 0.08144921809434891
19742.84980429167, -10.120155029296875, 1.0192301395267713, -2.775378570556641, -0.7161953449249268, 0.22744502127170563, 0.11573342233896255
19742.859859291668, -10.015821406245232, 1.0743156698299572, -3.5354983328282836, -0.6891343593597412, 0.13489526510238647, 0.1288950890302658
19742.869914291667, -10.27074071288109, 0.8701403735624627, -3.8380190911889076, -0.589840829372406, 0.02812221460044384, 0.0925016775727272
19742.87996929167, -10.69855107665062, 0.5180723243113607, -3.95791961029172, -0.46439436078071594, 0.039346594363451004, 0.01736665889620781
19742.890024291668, -10.914552485346794, 0.3739221410918981, -3.970793132632971, -0.325040727853775, 0.1949436515569687, -0.06838233023881912
19742.900079291667, -10.93850326538086, -0.00389199810102582, -3.5575024285912518, -0.2575863301753998, 0.32242467999458313, -0.15128213167190552
19742.91013429167, -10.907516530752183, -0.3373985591903329, -2.891836833804846, -0.24919524788856506, 0.4128437936306, -0.22094403207302094
19742.920189291668, -10.684780299067498, -0.37182713854126637, -2.4813902154564857, -0.3082120418548584, 0.4526771008968353, -0.26115331053733826
19742.930244291667, -10.208920440673829, -0.22722776125185193, -2.242037951052189, -0.4106854200363159, 0.44280821084976196, -0.2588914930820465
19742.94029929167, -9.582622248530388, 0.02110585380345583, -2.2489239245653154, -0.5229233503341675, 0.3732285797595978, -0.21941794455051422
19742.95035429167, -9.103018417954445, 0.2694396013347432, -2.5105795159935953, -0.5970718860626221, 0.28069278597831726, -0.1649288684129715
19742.960409291667, -8.87085238158703, 0.43828835494816304, -2.98120085388422, -0.6054375171661377, 0.19921483099460602, -0.11748809367418289
19742.97046429167, -8.818311055898667, 0.4011654654191807, -3.3974848937988282, -0.5435855984687805, 0.166548490524292, -0.09709706902503967
19742.98051929167, -8.889564056396484, 0.26090712498407814, -3.652105992436409, -0.4341835379600525, 0.18501710891723633, -0.10578838735818863
19742.990574291667, -8.962163670659066, 0.13531843221047893, -3.635191166996956, -0.311347097158432, 0.21934844553470612, -0.14017164707183838
19743.00062929167, -8.900940399169922, 0.09026201535947621, -3.3438969165086747, -0.21636134386062622, 0.23502430319786072, -0.17662879824638367
19743.01068429167, -8.648265838623047, 0.07229939628392458, -2.9056077575683594, -0.16673307120800018, 0.22954538464546204, -0.19456864893436432
19743.020739291667, -8.323740692138673, 0.03727230516073178, -2.453099339604378, -0.1639859527349472, 0.18217262625694275, -0.1889103800058365
19743.030794291666, -8.004005584716797, -0.05733086910797283, -2.0528317004442216, -0.20506228506565094, 0.10741396248340607, -0.16400422155857086
19743.04084929167, -7.87766830444336, -0.17348947397433223, -1.8221610894799234, -0.24393481016159058, 0.032569535076618195, -0.13645851612091064
19743.050904291667, -7.822731374502182, -0.3052154568303377, -1.7893789672851563, -0.2830406427383423, -0.013607815839350224, -0.10132183879613876
19743.060959291666, -7.788004760742188, -0.3344047322426923, -1.7944686761498452, -0.29564303159713745, -0.03209323808550835, -0.06734387576580048
19743.07101429167, -7.737708765864372, -0.22872449999442326, -1.7663274890184404, -0.3135104477405548, -0.002632550895214081, -0.029539773240685463
19743.081069291668, -7.799381103515626, -0.14879086132510566, -1.606160265505314, -0.336549311876297, 0.024861130863428116, -0.007604470942169428
19743.091124291666, -7.948172276616097, -0.08996312156959903, -1.4715901055932046, -0.3643380403518677, 0.03824884071946144, -0.0026464639231562614
19743.10117929167, -8.185876795649529, -0.03607515984680504, -1.4233903375267982, -0.39232897758483887, 0.054541170597076416, -0.011066964827477932
19743.111234291668, -8.511748555898667, -0.059726066796574745, -1.5829582214355469, -0.40258294343948364, 0.08399733155965805, -0.03189235180616379
19743.121289291666, -8.795558955073357, -0.1025370728946291, -1.8182694751024246, -0.3916113078594208, 0.08867979049682617, -0.059705689549446106
19743.13134429167, -8.966951955556869, -0.09939355494221673, -2.0600161743164063, -0.36101850867271423, 0.10029490292072296, -0.08030923455953598
19743.141399291668, -9.012757873535156, 0.0347276872722432, -2.3882835388183596, -0.32467517256736755, 0.11164088547229767, -0.08863985538482666
19743.151454291667, -8.978628260493279, 0.16360967808170246, -2.48842529296875, -0.2935015559196472, 0.0832209587097168, -0.08429544419050217
19743.16150929167, -8.944050166010857, 0.2817138868547045, -2.4737557983398437, -0.267814964056015, 0.04490058869123459, -0.06407172977924347
19743.171564291668, -9.008566004633904, 0.30356847205432136, -2.3712196093797684, -0.26246336102485657, 0.03497658669948578, -0.04472200199961662
19743.181619291667, -9.128316981196404, 0.2713855135906488, -2.143842150270939, -0.2797383964061737, 0.023664144799113274, -0.035534802824258804
19743.19167429167, -9.384434967041017, 0.21959303121780976, -1.8088387933373453, -0.3339907228946686, 0.020466487854719162, -0.043306704610586166
19743.201729291668, -9.651180267333984, 0.19504417923744768, -1.6016696038842202, -0.4007946848869324, -0.004403950180858374, -0.06392934918403625
19743.211783791667, -9.804910583496094, 0.1966907323244959, -1.6202312976121904, -0.4551711082458496, -0.04164000228047371, -0.08466765284538269
19743.22183879167, -9.82242416381836, 0.26629599201958626, -1.840422821044922, -0.4708583354949951, -0.049963317811489105, -0.10454072058200836
19743.231893791668, -9.747580388188362, 0.3721259723743424, -2.2351528546214103, -0.4553488790988922, -0.08542224019765854, -0.11651989072561264
19743.241948791667, -9.63202069580555, 0.47630934482440357, -2.3978639093041423, -0.42029425501823425, -0.11100932210683823, -0.12089146673679352
19743.25200379167, -9.600735753178597, 0.4736149981012568, -2.639761174321175, -0.3684643507003784, -0.11463788151741028, -0.11507539451122284
19743.262058791668, -9.629774780273438, 0.40371025589760395, -2.6665551629662514, -0.3153893053531647, -0.11737807840108871, -0.11566638946533203
19743.272113791667, -9.679770812988282, 0.3314104850264266, -2.609074401855469, -0.27355849742889404, -0.09817375242710114, -0.11561126261949539
19743.28216879167, -9.775571009516716, 0.26150593925267457, -2.501747589111328, -0.25141093134880066, -0.05467132851481438, -0.1277608424425125
19743.29222379167, -9.908045527338983, 0.1749860117188655, -2.433340136110783, -0.24088610708713531, -0.023194095119833946, -0.15224061906337738
19743.302278791667, -10.058184483647347, 0.07289824481355027, -2.351460990607739, -0.2368738353252411, 0.004988024476915598, -0.1888727843761444
19743.31233379167, -10.088571293950082, 0.044008387955836954, -2.457140935063362, -0.22698071599006653, 0.050442591309547424, -0.21692945063114166
19743.32238879167, -10.071805572509765, -0.013023090577335097, -2.5414156848192215, -0.2139730304479599, 0.055329591035842896, -0.2305612415075302
19743.332443791667, -10.093060786128044, -0.13382183051202448, -2.560425859987736, -0.18301884829998016, 0.05422490835189819, -0.21560145914554596
19743.34249879167, -10.121351954340936, -0.207019772536587, -2.4950118890404704, -0.17293177545070648, 0.08441087603569031, -0.1842927187681198
19743.35255379167, -10.254425811767579, -0.3782634611707181, -2.2345535150170326, -0.20596270263195038, 0.14855337142944336, -0.15163277089595795
19743.362608791667, -10.477610524892807, -0.45610176495742055, -2.078427594602108, -0.2563004493713379, 0.18345840275287628, -0.1209140196442604
19743.372663791666, -10.78791582763195, -0.4179311000648886, -2.046095123291016, -0.3187965750694275, 0.17994064092636108, -0.10255259275436401
19743.38271879167, -11.085796966552735, -0.43574416289571677, -2.165846684575081, -0.3823750913143158, 0.18001176416873932, -0.1045757383108139
19743.392773791667, -10.940897700190545, -0.2508786339405924, -2.426005096435547, -0.479231595993042, 0.2778315246105194, -0.1021173745393753
19743.402828791666, -10.544971618652344, 0.06750932524446399, -2.877765655517578, -0.548018753528595, 0.415865421295166, -0.10860706120729446
19743.41288379167, -10.322834726572037, 0.32856651353649796, -3.485203068852425, -0.5813232064247131, 0.4550943076610565, -0.14122386276721954
19743.422938791668, -10.45994842529297, 0.3772153614694253, -4.084855791628361, -0.5260820388793945, 0.40003907680511475, -0.20497871935367584
19743.432993791666, -10.6865771484375, 0.1083745058812201, -4.879703190922737, -0.38388097286224365, 0.35228806734085083, -0.27722465991973877
19743.44304879167, -10.697354151606561, -0.2799182046437636, -5.352120208740235, -0.18780001997947693, 0.3414313495159149, -0.32625526189804077
19743.453103791668, -10.341993128657341, -0.5727091459091753, -5.356460889279843, -0.0006956371362321079, 0.37789827585220337, -0.31832996010780334
19743.463158791667, -9.817932917475702, -0.7441027128417045, -4.844076690673829, 0.12173201888799667, 0.3834289610385895, -0.24384602904319763
19743.47321379167, -9.298364537358285, -0.7972423457354307, -3.9481902819871904, 0.1530851423740387, 0.3460427224636078, -0.11215484142303467
19743.483268791668, -8.942552694082261, -0.723745037689805, -3.111280059814453, 0.10071580111980438, 0.2983260452747345, 0.03826136887073517
19743.493323791667, -8.927285614013673, -0.42766088518314066, -2.4897730761766437, -0.02765708416700363, 0.25574982166290283, 0.14021383225917816
19743.50337879167, -9.449698079824449, -0.17633352312259376, -2.343376922607422, -0.14569753408432007, 0.19658003747463226, 0.16279323399066925
19743.513433791668, -10.049501368403435, -0.06212113886140287, -2.7303222656250004, -0.20038607716560364, 0.10956364870071411, 0.1250825971364975
19743.523488791667, -10.152787170410157, 0.10089011552743614, -3.370541508793831, -0.16769357025623322, 0.07684295624494553, 0.08022665977478027
19743.53354379167, -9.760602137446403, 0.44712017219513656, -3.9654039001464847, -0.06900586932897568, 0.09234362095594406, 0.051057860255241394
19743.543598791668, -9.260043055415155, 0.7574246435333044, -4.145330034792424, 0.05028240755200386, 0.12776395678520203, 0.0437748059630394
19743.553653791667, -8.987310791015625, 0.8445435338001699, -3.8751418939232827, 0.14153188467025757, 0.16172592341899872, 0.034964535385370255
19743.56370879167, -8.950487365722656, 0.7171584872994572, -3.3889529290795326, 0.19005222618579865, 0.21621328592300415, 0.020121967419981956
19743.573763791668, -9.060657094717026, 0.4781055637914688, -2.8145970153808597, 0.17576463520526886, 0.23960410058498383, -0.008239100687205791
19743.583818791667, -9.105265502929688, 0.31060391273349525, -2.380799395143986, 0.11759341508150101, 0.21970917284488678, -0.038293905556201935
19743.59387379167, -8.98611328125, 0.30551455104723574, -2.246827990114689, 0.04529205709695816, 0.14835616946220398, -0.05733497440814972
19743.60392879167, -8.685388641357422, 0.37302418235689405, -2.3180798211693765, -0.010962741449475288, 0.06001796945929527, -0.052381739020347595
19743.613983791667, -8.376281433105468, 0.4219723574817181, -2.584974517822266, -0.03450455144047737, -0.003721862332895398, -0.03543950617313385
19743.62403879167, -8.20653383910656, 0.4174816775880754, -2.849474194943905, -0.013174230232834816, -0.05100655555725098, -0.015148349106311798
19743.63409379167, -8.154292475581169, 0.3402421423885971, -3.0633799615502357, 0.0500369630753994, -0.06786223500967026, -0.000620539765805006
19743.644148791667, -8.231232478022577, 0.28006733148358764, -3.1804365411400797, 0.13431160151958466, -0.049877528101205826, 0.0038948662113398314
19743.654203791666, -8.320596059560776, 0.2528240848146379, -3.0506561279296878, 0.20191408693790436, -0.027851853519678116, -0.0015776633517816663
19743.66425879167, -8.368945516347885, 0.302371005686, -2.6893078485131263, 0.22756780683994293, -0.020968861877918243, -0.007654612418264151
19743.674313791667, -8.393944117426873, 0.3390448336210102, -2.3017640429735184, 0.21438995003700256, -0.037292443215847015, -0.008874606341123581
19743.684368791666, -8.37104232788086, 0.3652403140626848, -2.0311268359422683, 0.18441374599933624, -0.07583169639110565, 0.00012777582742273808
19743.69442379167, -8.36715042114258, 0.3513191077206284, -1.96152099609375, 0.15665720403194427, -0.11137904226779938, 0.024547364562749863
19743.704478791667, -8.376879603266717, 0.30761009263806044, -2.0402575555443763, 0.14692987501621246, -0.12255268543958664, 0.05550801008939743
19743.714533791666, -8.495133692622185, 0.29862870544195175, -2.2353019586205485, 0.16116873919963837, -0.11113571375608444, 0.0792950987815857
19743.72458879167, -8.718768641352654, 0.28470775491558015, -2.417023480832577, 0.19279494881629944, -0.1136692464351654, 0.09510649740695953
19743.734643791668, -8.88641942381859, 0.2749779515247792, -2.4839346313476565, 0.22616514563560486, -0.11998040974140167, 0.10004054009914398
19743.744698791666, -9.026529235839844, 0.3183878175728023, -2.6340727105736734, 0.2627263367176056, -0.11234719306230545, 0.10607713460922241
19743.75475379167, -9.126221923828126, 0.3339552343916148, -2.6177566400170327, 0.27727094292640686, -0.11918752640485764, 0.09950365126132965
19743.764808791668, -9.240135040283203, 0.2978804537001997, -2.4694148254394532, 0.2755185067653656, -0.13862934708595276, 0.08968286961317062
19743.774863791667, -9.328751932382584, 0.18247043176554145, -2.412832781374455, 0.2658408582210541, -0.16449449956417084, 0.0851866602897644
19743.78491879167, -9.317673212885857, 0.10478204053826631, -2.4517515563964847, 0.2579250633716583, -0.1895030438899994, 0.09045018255710602
19743.794973791668, -9.251360524892808, 0.056731787603348495, -2.6029368719458583, 0.2697468400001526, -0.21530960500240326, 0.11411582678556442
19743.805028791667, -9.21962710082531, -0.027842357866466046, -2.8586054992675782, 0.30959877371788025, -0.23710830509662628, 0.15056602656841278
19743.81508379167, -9.178912353515626, -0.05942664138972759, -3.105592180788517, 0.3638175427913666, -0.2371748834848404, 0.19475746154785156
19743.825138791668, -9.146429316401482, -0.017064724294468762, -3.231031036376953, 0.41854730248451233, -0.24586747586727142, 0.23864400386810303
19743.835193791667, -9.196876169443131, 0.06855732444673777, -3.1430143609642984, 0.4475770890712738, -0.2821144461631775, 0.27189114689826965
19743.84524879167, -9.361232045888901, 0.18321877487003804, -2.938090209960938, 0.44721952080726624, -0.30532389879226685, 0.28044119477272034
19743.855303791668, -9.606722717285157, 0.2403997565433383, -2.7909464898705485, 0.4353863000869751, -0.31958138942718506, 0.2675091624259949
19743.865359791667, -9.871523233652116, 0.20806717559695245, -2.737059135138989, 0.4258393943309784, -0.3125532865524292, 0.23866404592990875
19743.875414791666, -10.06791308104992, 0.07499374757520855, -2.7872039794921877, 0.4272095859050751, -0.281937837600708, 0.19947616755962372
19743.88546979167, -10.110574951171875, -0.041613546581938866, -2.918630968630314, 0.44794949889183044, -0.2506566047668457, 0.1641930192708969
19743.895524791667, -9.990224635004997, -0.08891518232412637, -3.071014086306095, 0.48105764389038086, -0.21550795435905457, 0.14012256264686584
19743.905579791666, -9.818232879638673, -0.09056188159156592, -3.3298258844017985, 0.540968120098114, -0.18502816557884216, 0.1267457902431488
19743.91563479167, -9.711055755615234, -0.11047056367155166, -3.652704454958439, 0.6248108148574829, -0.1859823763370514, 0.13543035089969635
19743.925689791668, -9.53816469848156, -0.08038315365090967, -3.7541931152343753, 0.7223646640777588, -0.23928983509540558, 0.1655489057302475
19743.935744791666, -9.359885432124138, -0.07858682048041374, -3.7259022393822674, 0.8246214985847473, -0.2779890298843384, 0.23190635442733765
19743.94579979167, -9.201664454340936, -0.12678654286544772, -3.4564622497558597, 0.9015498161315918, -0.27717188000679016, 0.31708213686943054
19743.955854791668, -9.217381770014763, -0.222138331043534, -3.008743578493595, 0.9453686475753784, -0.2617045044898987, 0.4027286171913147
19743.965909791666, -9.54729571044445, -0.32302843286655847, -2.462379747927189, 0.9488105177879333, -0.3371332883834839, 0.4645678997039795
19743.97596479167, -10.122399775385857, -0.40969830493675546, -1.8486557006835938, 0.93061763048172, -0.44253987073898315, 0.48631662130355835
19743.986019791668, -10.781778590083123, -0.6460568885738031, -1.6048130670189857, 0.8952118754386902, -0.3337107300758362, 0.4816698133945465
19743.996074791667, -11.093880157470704, -0.847687497145962, -1.3699511718750002, 0.7928655743598938, -0.19151152670383453, 0.4544461965560913
19744.00612979167, -11.219769541025162, -0.910257325298153, -1.2811866375803949, 0.6608603000640869, 0.07007211446762085, 0.4017294645309448
19744.016184791668, -11.220516230463982, -0.6309380902396515, -1.7574955621361734, 0.49427372217178345, 0.3451867699623108, 0.31748783588409424
19744.026239791667, -11.057505798339845, -0.39847163946367803, -2.412533403933048, 0.35180577635765076, 0.37300732731819153, 0.22998754680156708
19744.03629479167, -10.68373189330101, -0.20881592069752516, -3.2546815618872644, 0.2992038130760193, 0.1636306792497635, 0.14869455993175507
19744.046349791668, -10.017467397451401, 0.01796235412359238, -4.4863206481933595, 0.37263786792755127, -0.005315696820616722, 0.11660023778676987
19744.056404791667, -9.123976008296014, 0.10717692302539945, -5.191803296506405, 0.5423939228057861, -0.12462770938873291, 0.1618092656135559
19744.06645979167, -8.155489985346794, 0.22273665195330977, -5.406307817995549, 0.7428616285324097, -0.10213229805231094, 0.25295600295066833
19744.076514791668, -8.032894923090936, -0.049996379893273116, -4.987778447270394, 0.9011769890785217, -0.09424374997615814, 0.34464651346206665
19744.086569791667, -8.583899103999139, -0.751587313329801, -3.763174730837345, 0.9634564518928528, -0.031498514115810394, 0.39133167266845703
19744.09662479167, -9.241782785654069, -1.243164980756119, -2.5876694995164873, 0.8911343216896057, 0.1132245808839798, 0.3950909674167633
19744.10667979167, -9.80760381102562, -1.417702211821452, -1.6910334777832032, 0.7265646457672119, 0.2785986065864563, 0.3553870916366577
19744.116734791667, -10.41159896850586, -1.5548169612139464, -1.2175680541992189, 0.4844087064266205, 0.4426157772541046, 0.2665458917617798
19744.12678979167, -10.888656921386719, -1.5658939082734287, -1.2461585998535156, 0.23756735026836395, 0.4657820761203766, 0.14165475964546204
19744.13684479167, -10.703641077876092, -0.998124718554318, -1.9423605474829675, 0.0692792758345604, 0.42474034428596497, 0.024606697261333466
19744.146899791667, -10.105784327387811, -0.21061226757243276, -3.37039094299078, 0.05580084025859833, 0.39538338780403137, -0.07096301019191742
19744.156954791666, -9.56735399901867, 0.20163052406162024, -4.624632733762264, 0.17047308385372162, 0.3786395788192749, -0.14667029678821564
19744.16701079167, -9.09553515136242, 0.22453290746547283, -5.2540740966796875, 0.41309282183647156, 0.34248435497283936, -0.1911487579345703
19744.177065791668, -8.354276606440544, 0.3992194161191583, -5.630391540527344, 0.7052479386329651, 0.381024569272995, -0.18022793531417847
19744.187120791667, -7.745641098618508, 0.4394858373049647, -5.372627563476563, 0.9513089656829834, 0.44868141412734985, -0.12592890858650208
19744.19717579167, -7.51123031616211, 0.08277748339343817, -4.176614977419376, 1.0749964714050293, 0.4510588049888611, -0.05249303579330444
19744.207230791668, -7.571104635000229, -0.39083761920395776, -2.6819731011986736, 1.0431948900222778, 0.42895829677581787, 0.02687901444733143
19744.217285875002, -7.759713007807732, -0.7292838355572895, -1.3692030206322672, 0.8745156526565552, 0.3746069073677063, 0.10154872387647629
19744.227340875, -7.969128112792969, -0.9524696861486882, -0.5176235961914063, 0.6230748295783997, 0.2865528166294098, 0.15095357596874237
19744.237395875, -8.262518005371094, -1.0075551216630265, -0.34248779296875004, 0.3820020258426666, 0.20528458058834076, 0.16746650636196136
19744.247450875002, -8.462951202392578, -0.9208853112626821, -0.8478369140625001, 0.1952057182788849, 0.10557979345321655, 0.1765678972005844
19744.257505875, -8.349936802983285, -0.7357203363440932, -1.507216313481331, 0.0917392447590828, 0.013665313832461834, 0.19296550750732422
19744.267560875, -8.139922358393669, -0.5680688974939403, -2.484234593510628, 0.095866858959198, -0.019838692620396614, 0.2221473604440689
19744.277615875002, -8.016578852534295, -0.3811077809811104, -3.3093185296654704, 0.18615548312664032, -0.015610124915838242, 0.24980349838733673
19744.287670875, -8.060587921142579, -0.25147729289252313, -3.7836820855736732, 0.31804224848747253, 0.005803805775940418, 0.2653336822986603
19744.297725875, -8.27209749877453, -0.16780117011163384, -3.791615587770939, 0.4337984025478363, 0.02029459923505783, 0.26103800535202026
19744.307780875002, -8.587042567133905, -0.13382183051202448, -3.469185791015625, 0.49872297048568726, 0.057451147586107254, 0.2332526296377182
19744.317835875, -8.971293513178825, -0.15837102281861007, -2.9921278381347656, 0.4979783594608307, 0.059802453964948654, 0.180442675948143
19744.327890875, -9.260492121577263, -0.28141502789687367, -2.3896307373046874, 0.4397326111793518, 0.03446897864341736, 0.11530615389347076
19744.337945875002, -9.424102478027343, -0.48588976099155845, -2.0127151232957843, 0.35749873518943787, 0.0025166370905935764, 0.05556931719183922
19744.348000875, -9.431286951899528, -0.634381182063371, -1.8447640863060952, 0.26577362418174744, -0.03709491342306137, 0.012457642704248428
19744.358055875, -9.343719635009766, -0.6779405038570986, -1.7458201342821122, 0.17950958013534546, -0.07291309535503387, -0.008623674511909485
19744.368110875002, -9.166937255859375, -0.6433622197969817, -1.8494047290086748, 0.11893001198768616, -0.09699157625436783, -0.001644542091526091
19744.378165875, -8.966654332280159, -0.5653744214354083, -2.0859129077196124, 0.09070076793432236, -0.12280266731977463, 0.02535112202167511
19744.388221875, -8.894502614736558, -0.48738683549221606, -2.3587951532006266, 0.09454768896102905, -0.1532270461320877, 0.05414962396025658
19744.398276875003, -8.931924794912339, -0.41912880397634583, -2.659519500732422, 0.12034732848405838, -0.17947089672088623, 0.08405426144599915
19744.408331875, -9.015301997065544, -0.381257333799731, -2.840343182981014, 0.1544279307126999, -0.1738884598016739, 0.1096438467502594
19744.418386875, -9.138495814204216, -0.414787796814926, -2.865191802978516, 0.1794816255569458, -0.1573456972837448, 0.13229429721832275
19744.428441875, -9.301207453608514, -0.4327502331649885, -2.723736546635628, 0.1712227463722229, -0.1519399732351303, 0.1490471214056015
19744.438496875002, -9.438771387934684, -0.45250938640907407, -2.548001111447811, 0.13648979365825653, -0.13287174701690674, 0.15551407635211945
19744.448551875, -9.613757502436638, -0.4721185722760856, -2.534679107666016, 0.08314613252878189, -0.1371060013771057, 0.15173906087875366
19744.458606875, -9.71943715453148, -0.5008586604706944, -2.591860491335392, 0.04103570058941841, -0.1654854565858841, 0.14248695969581604
19744.468661875002, -9.699080657958985, -0.4590955622121692, -2.8074119567871096, 0.022175680845975876, -0.1750558316707611, 0.13563905656337738
19744.478716875, -9.609866180419923, -0.4564012291934341, -3.1278955078125, 0.042201053351163864, -0.16880778968334198, 0.13983780145645142
19744.488771875, -9.510620804429054, -0.4399353054631502, -3.34105224609375, 0.08372923731803894, -0.14703606069087982, 0.16021235287189484
19744.498826875002, -9.517208277583123, -0.43454666683450344, -3.4384996032714845, 0.14662884175777435, -0.140916645526886, 0.20130546391010284
19744.508881875, -9.716145172119141, -0.46987324146553877, -3.280727691650391, 0.18754324316978455, -0.10545197129249573, 0.23697823286056519
19744.518936875, -10.093060786128044, -0.5589380302838981, -2.94407746642828, 0.17368361353874207, -0.04638173431158066, 0.25299423933029175
19744.528991875002, -10.507249476313591, -0.7116205254010857, -2.5542880377173427, 0.1198122426867485, -0.054503802210092545, 0.2511819005012512
19744.539046875, -10.759773763418199, -0.659528667870909, -2.541414807736874, 0.07896041870117188, -0.11208321154117584, 0.24272741377353668
19744.549101875, -10.812464777827264, -0.2585127130150795, -2.848875732421875, 0.08315546810626984, -0.11172912269830704, 0.24066825211048126
19744.559156875002, -11.17605926513672, -0.35341547157615427, -3.1757961907982826, 0.12441927939653397, -0.048954952508211136, 0.22259949147701263
19744.569211875, -11.580517603754998, -0.8199951957352459, -3.258124694824219, 0.1718887835741043, 0.06539809703826904, 0.1887652426958084
19744.579267875, -11.638448892831804, -0.9851017633080483, -3.198399187624455, 0.17136600613594055, 0.20095884799957275, 0.14501404762268066
19744.589322875003, -11.290570551753044, -0.6915620175562799, -3.2031892266869546, 0.13602615892887115, 0.28218621015548706, 0.10225324332714081
19744.599377875, -10.832973886728288, -0.2639014521427453, -3.5187330499291423, 0.10552337765693665, 0.24037325382232666, 0.0633108988404274
19744.609432875, -10.46548632323742, 0.14789223678410054, -3.933819872438908, 0.10993978381156921, 0.1288069784641266, 0.026393713429570198
19744.619487875003, -10.24185137450695, 0.20791728587821126, -4.5265869140625, 0.18549765646457672, 0.038886938244104385, -7.570954039692879e-05
19744.629542875, -10.025402069091797, 0.012124585378915071, -4.938380584716797, 0.2987957298755646, 0.037522755563259125, -0.011565669439733028
19744.639597875, -9.75281832396984, -0.16166416553780438, -4.9282017517089844, 0.40265557169914246, 0.05378055199980736, 0.0025573393795639277
19744.649652875, -9.316775080561639, -0.12888228088617326, -4.327051849365235, 0.4415787160396576, 0.049730684608221054, 0.04022722318768501
19744.659707875002, -9.050778223872186, -0.02439960865303874, -3.597768694460392, 0.3964557349681854, 0.11589719355106354, 0.09173568338155746
19744.669762875, -9.239535700678825, -0.059426860660314565, -3.093018035888672, 0.2856551706790924, 0.1788502037525177, 0.11051975190639496
19744.679817875, -9.73291030883789, -0.1541795833222568, -2.8135494866967203, 0.15092691779136658, 0.18507906794548035, 0.08063429594039917
19744.689872875002, -10.117010981440545, -0.12139773521572352, -3.073707898557186, 0.04572673887014389, 0.17409980297088623, 0.016001485288143158
19744.699927875, -10.167305806875229, 0.09175889343023301, -3.788771209716797, 0.024897625669836998, 0.14874809980392456, -0.052605271339416504
19744.709982875, -9.788294550776483, 0.32617137523368, -4.491858838498593, 0.08522474020719528, 0.14532598853111267, -0.08935067802667618
19744.720037875002, -9.219178034663202, 0.5325922489911318, -4.958439165651798, 0.20503929257392883, 0.1740013062953949, -0.0895291119813919
19744.730092875, -8.746161677241325, 0.6225551335886121, -5.009782104492188, 0.3349730372428894, 0.2060082107782364, -0.06826907396316528
19744.740147875, -8.509054743647576, 0.6411164801381529, -4.5267366027832034, 0.41443777084350586, 0.20432323217391968, -0.04074530303478241
19744.750203875003, -8.549622141122818, 0.4498144595324993, -3.8761900073289874, 0.4572671353816986, 0.2121780663728714, -0.024527017027139664
19744.760258875, -8.718618952631951, 0.21091123388148844, -3.2747404351830482, 0.4490757882595062, 0.2004452496767044, -0.024670559912919998
19744.770313875, -8.812324676513672, 0.0486486697755754, -2.6735905328392984, 0.3901228904724121, 0.17671069502830505, -0.02594083361327648
19744.780368875003, -8.789870783686638, 0.0008978673722594976, -2.252665557861328, 0.28791797161102295, 0.11887243390083313, -0.02689184993505478
19744.790423875, -8.778942922353744, -0.004490926573053003, -1.9999909973144532, 0.18563233315944672, 0.03943806141614914, -0.031014421954751015
19744.800478875, -8.736731872558595, -0.05299021826125681, -2.1290229669213296, 0.11974146962165833, -0.005635407753288746, -0.02899308316409588
19744.810533875003, -8.678652064204217, -0.13666611263528466, -2.499053192138672, 0.10710219293832779, -0.013279026374220848, -0.026015322655439377
19744.820588875, -8.596173579096794, -0.13082829820923508, -2.8997701898217203, 0.1359410285949707, -0.014695827849209309, -0.024258699268102646
19744.830643875, -8.541238403320312, -0.06481534397229552, -3.1663660937547684, 0.19207386672496796, -0.007996080443263054, -0.022213563323020935
19744.840698875003, -8.5198323315382, -0.006586440755054355, -3.2859667968750004, 0.257540225982666, -0.009644310921430588, -0.022819964215159416
19744.850753875002, -8.51234848022461, -0.03802113605663181, -3.1919622802734375, 0.30936112999916077, -0.01974620297551155, -0.019488757476210594
19744.860808875, -8.487349879145622, -0.11002145182807, -2.9915287908911705, 0.3432205617427826, -0.024886637926101685, -0.009222270920872688
19744.870863875, -8.412056452631951, -0.15283234829083087, -2.7893002063035968, 0.34904128313064575, -0.026780076324939728, 0.009501546621322632
19744.880918875002, -8.323590418696403, -0.18756025483366104, -2.557431500852108, 0.3394507169723511, -0.0473809577524662, 0.040380898863077164
19744.890973875, -8.202342554926872, -0.14564738334389404, -2.4275019836425784, 0.3158705234527588, -0.061974845826625824, 0.08575507253408432
19744.901029875, -8.130042318105698, -0.011376520930789412, -2.3239173889160156, 0.284735769033432, -0.07794609665870667, 0.12911345064640045
19744.911084875002, -8.194708430171014, 0.07050313848769292, -2.2653893914818766, 0.26134100556373596, -0.09989902377128601, 0.16862675547599792
19744.921139875, -8.467591552734376, 0.10133903094101698, -2.3299052301049232, 0.24573275446891785, -0.0863131731748581, 0.18690535426139832
19744.931194875, -8.782536036372186, 0.0896632422041148, -2.415526885986328, 0.23313502967357635, -0.1052965372800827, 0.19015169143676758
19744.941249875003, -9.045390014648438, 0.0324822879396379, -2.450254961550236, 0.24012476205825806, -0.10226719081401825, 0.17937973141670227
19744.951304875, -9.269174067378044, -0.03727271986193955, -2.7072704949975015, 0.257473886013031, -0.08254490792751312, 0.16374023258686066
19744.961359875, -9.34267122924328, -0.011226845914497971, -2.7568168768286707, 0.28333744406700134, -0.07922101765871048, 0.14488744735717773
19744.971414875003, -9.375751851797105, 0.07050304027274251, -2.867736218869686, 0.3147476315498352, -0.0860542431473732, 0.12784557044506073
19744.981469875, -9.332492980957031, 0.18261989207938314, -2.9617410278320313, 0.351186066865921, -0.09009426087141037, 0.11906111985445023
19744.991524875, -9.250163015127182, 0.24459104072302582, -3.0211671575903893, 0.38292086124420166, -0.10074249655008316, 0.12495454400777817
19745.001579875003, -9.15615849852562, 0.2908448828291148, -3.0064979553222657, 0.3971687853336334, -0.11684902757406235, 0.1421913206577301
19745.011634875, -9.134753011465072, 0.31449576465412976, -2.954256591796875, 0.402860164642334, -0.1247732937335968, 0.15928339958190918
19745.021689875, -9.319917374253274, 0.3112025214359164, -3.0154792785644533, 0.40398719906806946, -0.14280980825424194, 0.15726685523986816
19745.031744875003, -9.57289189696312, 0.272582868039608, -2.9627885565161707, 0.40143612027168274, -0.16266943514347076, 0.13941329717636108
19745.041800875002, -9.770333658456803, 0.23126881767064333, -3.018323656618595, 0.39346182346343994, -0.16124117374420166, 0.11247436702251434
19745.051855875, -9.889185333251953, 0.197439185064286, -3.113974749147892, 0.39030420780181885, -0.15960967540740967, 0.07810383290052414
19745.061910875, -9.836046422123909, 0.2255805823300034, -3.1148734661936763, 0.3778555393218994, -0.186984583735466, 0.05282270535826683
19745.071965875002, -9.651030578613282, 0.3201838812232018, -3.2494430413842204, 0.38516151905059814, -0.18132899701595306, 0.04046020656824112
19745.082020875, -9.508527501225473, 0.37407189833465965, -3.5332528558373455, 0.4046292304992676, -0.17631718516349792, 0.03316394239664078
19745.092075875, -9.445058898925781, 0.29159329902380704, -3.706742083132267, 0.43261927366256714, -0.19871455430984497, 0.030010148882865906
19745.102130875002, -9.379943720698357, 0.23276563178747894, -3.889512011110783, 0.48077934980392456, -0.19991670548915863, 0.03768724203109741
19745.112185875, -9.398954772949219, 0.12708551374264063, -4.153861999511719, 0.5543615818023682, -0.23145097494125366, 0.04953555390238762
19745.122240875, -9.57723403930664, -0.19923600588343107, -4.207001787722111, 0.6588070392608643, -0.299755722284317, 0.06114853173494339
19745.132295875002, -9.609118906259537, -0.3140472506656079, -4.085754216313362, 0.7488077282905579, -0.31440606713294983, 0.08824716508388519
19745.142350875, -9.576485595703126, -0.37467110717610924, -3.8185595574975015, 0.8212355375289917, -0.30217045545578003, 0.1420896351337433
19745.152405875, -9.61525438964367, -0.4671787245792803, -3.150648193359375, 0.8574034571647644, -0.28061720728874207, 0.20782159268856049
19745.162460875003, -9.844429575204849, -0.636776213014964, -2.403851458132267, 0.8453739881515503, -0.1589464247226715, 0.28082790970802307
19745.172516875, -10.334209899902344, -0.9559124159475323, -1.7232168450951577, 0.7516442537307739, 0.059104956686496735, 0.3366703987121582
19745.182571875, -10.904373067617417, -1.188229305910645, -1.0406356939673425, 0.5570361614227295, 0.21866558492183685, 0.33569541573524475
19745.192626875, -11.262878138422966, -0.9536671730736271, -0.7776329040527344, 0.296907514333725, 0.3025127351284027, 0.2773897051811218
19745.202681875002, -11.510164489746094, -0.38574810505611823, -1.4687460198998452, 0.07396577298641205, 0.25334304571151733, 0.16434383392333984
19745.212736875, -11.41825503051281, 0.16031638689804822, -2.699037907719612, -0.011480803601443768, 0.1031232699751854, 0.03808968514204025
19745.222792250002, -10.887009176015855, 0.3315601874515414, -4.119283905029297, 0.0716622918844223, -0.058200903236866, -0.04135587066411972
19745.23284725, -10.058632965087892, 0.21046200098237025, -5.2980825805664065, 0.30468276143074036, -0.12159359455108643, -0.06209974363446236
19745.24290225, -9.23968538939953, -0.05149323626537808, -5.723797302246094, 0.5865998864173889, -0.1223968043923378, -0.02030942030251026
19745.252957250003, -8.496929957270623, -0.18531498870865107, -5.036576093137264, 0.8067921996116638, -0.07829498499631882, 0.06586525589227676
19745.26301225, -8.317453765869141, -0.4487671432667412, -3.822451171875, 0.8936735987663269, -0.010366263799369335, 0.14731962978839874
19745.27306725, -8.749155451655389, -0.9134008226939477, -2.258203748166561, 0.8136345148086548, 0.026294998824596405, 0.18788005411624908
19745.283122250003, -9.311387456059457, -1.3148659647675232, -0.8881034722924233, 0.6023291945457458, 0.0353420227766037, 0.18790508806705475
19745.29317725, -9.737251281738281, -1.4946422416716816, -0.24144819885492327, 0.3249633312225342, 0.09157209098339081, 0.14681771397590637
19745.30323325, -10.046956660151482, -1.5477815753524193, -0.2577642694115639, 0.04753490164875984, 0.15654470026493073, 0.07849991321563721
19745.31328825, -10.008187281489374, -1.2554395460744854, -0.8110137811303139, -0.1928325891494751, 0.14860616624355316, 0.013186393305659294
19745.323343250002, -9.61794820189476, -0.7806269211490872, -1.9214044189453126, -0.31553933024406433, 0.12947320938110352, -0.02474421262741089
19745.33339825, -9.061255849599839, -0.30626333669002637, -3.356918958127499, -0.30146294832229614, 0.0956643596291542, -0.031760312616825104
19745.34345325, -8.492738673090935, 0.11765501984220464, -4.5902046203613285, -0.16844922304153442, 0.09560497105121613, -0.015996530652046204
19745.353508250002, -8.015081380605698, 0.3894897115143249, -5.147196057736874, 0.02303360030055046, 0.06616836041212082, 0.017046522349119186
19745.36356325, -7.721990865468979, 0.42047538176702803, -5.240152753293515, 0.25064465403556824, 0.11246715486049652, 0.048862773925065994
19745.37361825, -7.830366083979607, 0.12364261406619335, -5.013673718869686, 0.4770721197128296, 0.2128472477197647, 0.06027965247631073
19745.383673250002, -8.134383875727654, -0.244741343287169, -4.225712293088437, 0.6056764721870422, 0.29568222165107727, 0.05178550258278847
19745.39372825, -8.301286214590073, -0.4778066660044715, -2.9398861822485927, 0.6060135960578918, 0.2708948254585266, 0.04546435549855232
19745.40378325, -8.276737849116326, -0.5617820383189246, -1.7339944329857828, 0.48222988843917847, 0.21812403202056885, 0.06098712235689163
19745.413839250003, -8.182733917236328, -0.6551879051048309, -0.9638456726074219, 0.2814856469631195, 0.13992246985435486, 0.09546835720539093
19745.42389425, -8.155489985346794, -0.8050262551428751, -0.6366261291503906, 0.08643227815628052, 0.050278615206480026, 0.14666816592216492
19745.43394925, -8.181237614750863, -0.9337585309648421, -0.9012763720750809, -0.060358110815286636, -0.008820464834570885, 0.2040702849626541
19745.444004250003, -8.297694854736328, -0.947978996547754, -1.5027253594994545, -0.12990441918373108, -0.04048890992999077, 0.25255337357521057
19745.45405925, -8.507709299325944, -0.8674464265513234, -2.257455889284611, -0.1119057834148407, -0.05210937559604645, 0.27845096588134766
19745.46411425, -8.755593820810319, -0.7143149269418791, -2.9175834399461746, -0.037222761660814285, -0.05000867322087288, 0.28099241852760315
19745.474169250003, -8.935368804931642, -0.4646340540144593, -3.2220500054955483, 0.04864799603819847, -0.037303514778614044, 0.2613869607448578
19745.48422425, -9.126073404550553, -0.22872458450496197, -3.198997942507267, 0.1231139749288559, -0.011750749312341213, 0.22733579576015472
19745.49427925, -9.341174926757812, -0.16660388418473304, -2.9834458923339846, 0.15919265151023865, 0.025646831840276718, 0.17381541430950165
19745.504334250003, -9.613907191157342, -0.24893266229890287, -2.592010180056095, 0.1550506353378296, 0.04106147214770317, 0.10274656116962433
19745.514389250002, -9.826764551997185, -0.3971244775224477, -2.2222790399193766, 0.11177350580692291, 0.04358496516942978, 0.02767655812203884
19745.52444525, -9.875414555668831, -0.5057984887529164, -1.9496958795189858, 0.03965962678194046, 0.05362428352236748, -0.036685388535261154
19745.53450025, -9.793084589838982, -0.5840857079531998, -1.863025817871094, -0.03762194886803627, 0.04730922356247902, -0.08808580040931702
19745.544555250002, -9.622589721679688, -0.5956117668561638, -1.9993925347924233, -0.09096426516771317, 0.01139676384627819, -0.1168665811419487
19745.55461025, -9.345665003657341, -0.5336405816674232, -2.2864949163794517, -0.11051960289478302, -0.016315046697854996, -0.11991111934185028
19745.56466525, -9.026678339838982, -0.47137006471864884, -2.592608642578125, -0.09935083985328674, -0.011337865144014359, -0.0946507677435875
19745.574720250002, -8.877738647460937, -0.4930750023107976, -2.789000536501408, -0.07020173966884613, 0.004651232156902552, -0.06430070847272873
19745.58477525, -8.9925504809618, -0.5809421991370619, -2.8274705377221108, -0.032625336199998856, 0.005280270706862211, -0.048927612602710724
19745.59483025, -9.224117177724839, -0.6982982658036053, -2.7354116821289063, -0.01359602902084589, 0.003663024865090847, -0.05075453594326973
19745.604885250003, -9.471255009770394, -0.8443943201657385, -2.539320042729378, -0.01934739015996456, 0.02730496972799301, -0.060656704008579254
19745.61494025, -9.661208826899529, -0.9523198421113194, -2.3396349969506267, -0.05917779728770256, 0.008935363031923771, -0.07484310865402222
19745.62499525, -9.672135518789291, -1.0144407251570375, -2.1710852050781253, -0.12048056721687317, -0.03936851769685745, -0.06988776475191116
19745.63505125, -9.576185633540154, -0.95785836589057, -2.229463806152344, -0.18086141347885132, -0.07951133698225021, -0.04893428832292557
19745.645106250002, -9.461374969482423, -0.8816668116208166, -2.4215147271752357, -0.231074258685112, -0.11709706485271454, -0.012828745879232883
19745.65516125, -9.453740844726562, -0.8655005394201726, -2.644850006103516, -0.2665976285934448, -0.15200574696063995, 0.018447965383529663
19745.66521625, -9.62393516600132, -0.8134088463429362, -2.9940737915039066, -0.28146472573280334, -0.16335347294807434, 0.030855100601911545
19745.675271250002, -9.958939692378044, -0.782423235476017, -3.3650024414062503, -0.2721579968929291, -0.152064710855484, 0.019574739038944244
19745.68532625, -10.240205383300781, -0.727786825010553, -3.7091368103027347, -0.2537938952445984, -0.17231830954551697, -0.0029537389054894447
19745.69538125, -10.342592468261719, -0.6397698755096645, -3.9345680236816407, -0.21117232739925385, -0.21026940643787384, -0.029216552153229713
19745.705436250002, -10.30906219482422, -0.5301976954098792, -4.238885192871094, -0.14566123485565186, -0.25776955485343933, -0.03456737846136093
19745.71549125, -10.343040364980698, -0.48050105840899054, -4.326303405761719, -0.061824310570955276, -0.293703556060791, -0.03514851629734039
19745.72554625, -10.473719202876092, -0.577349733794108, -4.174369061887265, 0.00015863156295381486, -0.27683135867118835, -0.0306182149797678
19745.735602250003, -10.561137415766716, -0.6616244470048697, -3.7625753912329674, 0.04064008221030235, -0.23839420080184937, -0.02518102154135704
19745.74565725, -10.680139948725701, -0.6929094079043716, -3.2516877874732018, 0.05771893262863159, -0.1590796709060669, -0.01873483881354332
19745.75571225, -10.922338052988053, -0.786913942778483, -2.7943896228075027, 0.0500774122774601, -0.02659560739994049, -0.03138987347483635
19745.765767250003, -11.077862879633905, -0.8352633447479457, -2.4695642217993736, -0.0017532946076244116, 0.19702604413032532, -0.06285085529088974
19745.77582225, -11.279194793701173, -0.7786809443682433, -2.3914275866746904, -0.1024920716881752, 0.38462984561920166, -0.14664031565189362
19745.78587725, -11.216624908447265, -0.43679192455485466, -2.3465203857421875, -0.2116691619157791, 0.4127642810344696, -0.2496684193611145
19745.795932250003, -10.807375946044923, 0.16301071078050883, -2.920876299440861, -0.27059465646743774, 0.3768113851547241, -0.337216317653656
19745.80598725, -10.27029281616211, 0.5306461522966857, -3.9074743652343753, -0.23401586711406708, 0.3109056055545807, -0.3946862816810608
19745.81604225, -9.668992640376091, 0.592168309581466, -4.709656219482422, -0.11915848404169083, 0.23307006061077118, -0.40398460626602173
19745.826097250003, -8.99689028441906, 0.5466629887372255, -5.058880004882813, 0.03713604807853699, 0.1342121958732605, -0.35796836018562317
19745.836153250002, -8.37568209350109, 0.5406753211375326, -5.116659558713437, 0.19534611701965332, 0.09693959355354309, -0.2583317756652832
19745.84620825, -8.102200800776481, 0.34398445176891984, -4.5249403381347655, 0.28081679344177246, 0.06779902428388596, -0.139730304479599
19745.85626325, -8.208030141592026, 0.04565473090857267, -3.4837053045630455, 0.2527986764907837, 0.037324439734220505, -0.023682214319705963
19745.866318250002, -8.559799219965935, -0.10133960195817054, -2.474354845583439, 0.11799878627061844, -0.01391850970685482, 0.05332042649388313
19745.87637325, -9.05990982055664, -0.05194222362712026, -1.7723144531250001, -0.07518094778060913, -0.07481040805578232, 0.0768374353647232
19745.88642825, -9.509275360107422, 0.04834919183515012, -1.6673826599121095, -0.26771336793899536, -0.10967332124710083, 0.061576712876558304
19745.896483250002, -9.799072138667107, 0.1199003729224205, -2.1451890563964846, -0.3904144763946533, -0.11834213882684708, 0.02318933978676796
19745.90653825, -9.84113525390625, 0.260907202642411, -2.981799608767033, -0.414984792470932, -0.0867847427725792, -0.012408334761857986
19745.91659325, -9.73575439453125, 0.4152361640520394, -3.8800813293457033, -0.3572259545326233, -0.030127881094813347, -0.04201637953519821
19745.926648250002, -9.592651392817498, 0.4966668920684606, -4.496200396120549, -0.24418753385543823, 0.02479768544435501, -0.06905358284711838
19745.93670425, -9.530230611562729, 0.5337896948028356, -4.828808148801327, -0.10349666327238083, 0.07483875751495361, -0.09729461371898651
19745.94675925, -9.450896174311639, 0.5071451481990517, -4.802762603759766, 0.02706853859126568, 0.09772889316082001, -0.12040472030639648
19745.956814250003, -9.254205780029297, 0.4544546728301794, -4.308041381835937, 0.10213026404380798, 0.09765005111694336, -0.1321384757757187
19745.96686925, -8.996740595698357, 0.3673357734270394, -3.573369140625, 0.12201662361621857, 0.08789569139480591, -0.13139227032661438
19745.97692425, -8.809480006098747, 0.2284247228410095, -2.865341491699219, 0.0869765356183052, 0.06391709297895432, -0.12583087384700775
19745.98697925, -8.756939849853516, 0.07020366283133626, -2.229314117431641, 0.004900042898952961, 0.026996098458766937, -0.12028110772371292
19745.997034250002, -8.80918062865734, -0.048499437868595126, -1.888772570192814, -0.09687772393226624, -0.010397331789135933, -0.11857707053422928
19746.00708925, -8.899742304682732, -0.2100135492347181, -1.8272505059838295, -0.18255214393138885, -0.05997846648097038, -0.11784683167934418
19746.01714425, -8.935966975092889, -0.3444339473359287, -2.0374131774902344, -0.2343587577342987, -0.09983246773481369, -0.11728295683860779
19746.027200250002, -8.839716542959213, -0.35116995804011825, -2.4513027825951577, -0.23654840886592865, -0.12691788375377655, -0.11087672412395477
19746.03725525, -8.66473159790039, -0.1978887994028628, -2.918331298828125, -0.19702763855457306, -0.14289531111717224, -0.09233158826828003
19746.04731025, -8.518337198495866, -0.11361404964700342, -3.2457008233666422, -0.1267865002155304, -0.17960405349731445, -0.06139258295297623
19746.057365250002, -8.530010579824449, -0.20148123733699322, -3.4169444274902347, -0.01766114868223667, -0.1935606449842453, -0.03156007453799248
19746.06742025, -8.53944272339344, -0.19055401554331183, -3.4329617053270343, 0.07280749082565308, -0.17633984982967377, -0.005502108484506607
19746.07747525, -8.562195408940315, -0.18666207225993275, -3.0967608386278154, 0.14082789421081543, -0.148313507437706, 0.0075312405824661255
19746.087530250003, -8.759933039546013, -0.2826125787757337, -2.6602682366967203, 0.17232190072536469, -0.14247240126132965, 0.0037271808832883835
19746.09758525, -8.954827753901482, -0.3947294488549233, -2.142195281982422, 0.15974904596805573, -0.1425376981496811, -0.012643522582948208
19746.10764025, -9.006320673823357, -0.42945715896785264, -1.806144396364689, 0.12347973883152008, -0.13168533146381378, -0.02898521162569523
19746.11769625, -9.004524993896485, -0.34009306579828263, -1.6224763360619545, 0.06520416587591171, -0.12619704008102417, -0.037905704230070114
19746.127751250002, -8.972492777109146, -0.19803848812356592, -1.5639480462670328, 0.014536997303366661, -0.14860409498214722, -0.04157181456685066
19746.13780625, -8.989405848383903, -0.13936045479029419, -1.724713732302189, -0.010829907841980457, -0.15686486661434174, -0.040874604135751724
19746.14786125, -9.05676577270031, -0.12049963943660259, -2.0806732177734375, -0.0022300288546830416, -0.13905364274978638, -0.038714248687028885
19746.157916250002, -9.10272020995617, -0.16735224556177855, -2.421514434814453, 0.03996703028678894, -0.12658174335956573, -0.0325249582529068
19746.16797125, -9.109157409667969, -0.15417963813990354, -2.6668542480468753, 0.09394531697034836, -0.1106022447347641, -0.021776705980300903
19746.17802625, -9.079069392085076, -0.11256619205698372, -2.7258316040039063, 0.14880318939685822, -0.11185913532972336, -0.0074688526801764965
19746.188081250002, -9.026228104233741, -0.0984953609481454, -2.6761352410912513, 0.19816994667053223, -0.1240585446357727, 0.016413310542702675
19746.19813625, -8.999883474111558, -0.1469945247285068, -2.5300387573242187, 0.2269439399242401, -0.142779141664505, 0.05200240761041641
19746.20819225, -8.992399622797967, -0.18351860912516715, -2.2763166680932048, 0.23540614545345306, -0.16232700645923615, 0.09270988404750824
19746.218247375, -9.092990443110466, -0.2098637874238193, -1.9377204895019533, 0.21498776972293854, -0.1928555965423584, 0.12830790877342224
19746.228302375002, -9.228310216069222, -0.23755632866173984, -1.6988175836205484, 0.19022011756896973, -0.2296740561723709, 0.15177248418331146
19746.238357375, -9.404642359614373, -0.24953142631798983, -1.6067584356665612, 0.17296202480793, -0.25467100739479065, 0.1619788110256195
19746.248412375, -9.538015594482422, -0.1910030817054212, -1.6112493896484377, 0.16386999189853668, -0.2558142840862274, 0.1587768942117691
19746.258467375003, -9.648036804199219, -0.1654063835553825, -1.6962728753685952, 0.16981291770935059, -0.2562193274497986, 0.14532814919948578
19746.268522375, -9.723479919433593, -0.15582626888528467, -1.721270891726017, 0.18424245715141296, -0.2521958351135254, 0.1265086531639099
19746.278577375, -9.740843811035157, -0.12738533886149525, -1.8293461480736732, 0.19998405873775482, -0.23737110197544098, 0.11382167041301727
19746.288633375003, -9.76778661131859, -0.09220848949626088, -1.8848800787329674, 0.2138519287109375, -0.22394689917564392, 0.1000017300248146
19746.298688375, -9.849817199707031, -0.15163496643304825, -1.9643653741478921, 0.2225494533777237, -0.2147909700870514, 0.09097879379987717
19746.308743375, -9.951755218505859, -0.28395986862480643, -2.062411486208439, 0.22494709491729736, -0.21126680076122284, 0.07702729105949402
19746.318798375, -10.032287165522575, -0.3370992000214756, -2.2829026794433593, 0.23914675414562225, -0.2160417139530182, 0.0620005801320076
19746.328853375002, -10.045011291503906, -0.3571575799584389, -2.521506500244141, 0.26624175906181335, -0.22138774394989014, 0.04665331542491913
19746.338908375, -9.941576385498047, -0.3617979485727847, -2.7532246398925784, 0.30931219458580017, -0.21638725697994232, 0.04394744336605072
19746.348963375, -9.839338989257813, -0.3363508295081556, -2.907254333496094, 0.36148327589035034, -0.19439540803432465, 0.04419112205505371
19746.359018375002, -9.761650543212891, -0.34503272049129013, -2.9448263485729695, 0.40437525510787964, -0.17490024864673615, 0.04873276129364967
19746.369073375, -9.733807271718979, -0.38754439026117327, -2.8443852169811725, 0.4254421889781952, -0.16736429929733276, 0.057283639907836914
19746.379129375, -9.767039337158204, -0.4197275383025408, -2.795137774050236, 0.4482274055480957, -0.1733204424381256, 0.07267633080482483
19746.389184375003, -9.849068171381951, -0.44936575882136826, -2.842289282530546, 0.49721038341522217, -0.20539048314094543, 0.08423418551683426
19746.399239375, -10.001302185058595, -0.5629796074703336, -2.929857476502657, 0.5623355507850647, -0.18577304482460022, 0.094074547290802
19746.409294375, -10.198590749502182, -0.7831716608069837, -2.9612921078503134, 0.6344033479690552, -0.13036410510540009, 0.10382039099931717
19746.419349375003, -10.398276087641717, -1.0653349176049234, -2.863994293212891, 0.6927474737167358, -0.09888040274381638, 0.11779671907424927
19746.429404375, -10.568471578359604, -1.2365787592716515, -2.654579772949219, 0.7376134991645813, -0.1137823835015297, 0.14325228333473206
19746.439459375, -10.633138275146486, -1.3226498284935952, -2.3933732476830483, 0.7640393376350403, -0.1244705393910408, 0.1844182312488556
19746.449514375003, -10.63717870116234, -1.3516894037649037, -2.1341120910644533, 0.7633807063102722, -0.09240821748971939, 0.2384023666381836
19746.459570375002, -10.704239832758905, -1.312620665933937, -1.800156847536564, 0.7087084650993347, -0.04696610942482948, 0.27997758984565735
19746.469625375, -10.829678980708122, -1.1395804499834776, -1.594484399110079, 0.6141358613967896, 0.017577195540070534, 0.2929575741291046
19746.479680375, -11.059900817871094, -0.9265734186954797, -1.6639398193359376, 0.5020076632499695, 0.02312108501791954, 0.25170353055000305
19746.489735375002, -11.124268137216568, -0.58947445621714, -1.9526900924742223, 0.4071253836154938, -0.007695950102061033, 0.18071618676185608
19746.499790375, -10.973680699467659, -0.22438362987712027, -2.6967925769090653, 0.38695913553237915, -0.02443789690732956, 0.09924456477165222
19746.509845375, -10.638078002929689, -0.0767905329912901, -3.5816023126244545, 0.45106300711631775, -0.05345916375517845, 0.03070651739835739
19746.519900375002, -10.05548891723156, -0.0739464290253818, -4.0276745541393755, 0.5546238422393799, -0.12009097635746002, 0.00827054027467966
19746.529955375, -9.348808466792107, -0.08562229542061688, -3.975283501893282, 0.6625098586082458, -0.1569291651248932, 0.04782354086637497
19746.540011375, -8.79466199219227, -0.19594288257882, -3.6902763238549237, 0.7551645636558533, -0.14083711802959442, 0.1127365380525589
19746.550066375003, -8.674611053466798, -0.41987715393304825, -3.0817913818359375, 0.804286003112793, -0.12513671815395355, 0.17895178496837616
19746.560121375, -8.789722264409066, -0.6906640496850014, -2.211352055668831, 0.7761922478675842, -0.0869780108332634, 0.2243141084909439
19746.570176375, -9.073531494140626, -0.9030723260901868, -1.4142588870227337, 0.6603807210922241, -0.018468720838427544, 0.23275765776634216
19746.580231375003, -9.51421567261219, -1.061592754404992, -0.8913967703282833, 0.5100778341293335, 0.038262661546468735, 0.19976644217967987
19746.590286375, -9.849817199707031, -1.1497593743540346, -0.8533753967285157, 0.36309635639190674, 0.08293585479259491, 0.153485506772995
19746.600341375, -9.807903773188592, -1.0539585931040347, -1.0927278073132038, 0.2322842925786972, 0.12830595672130585, 0.10663619637489319
19746.610396375003, -9.52783676147461, -0.7671549311466516, -1.7327966308593752, 0.16175739467144012, 0.18755915760993958, 0.078687384724617
19746.620452375002, -9.20690414428711, -0.47166946956887845, -2.4760009829699996, 0.15118254721164703, 0.2153100073337555, 0.053009048104286194
19746.630507375, -8.985663630366325, -0.2363587640784681, -3.1421162286400794, 0.2103382796049118, 0.22296738624572754, 0.02253076806664467
19746.640562375, -8.842710317373276, -0.11436245670542121, -3.637585163265467, 0.3228377103805542, 0.2275063693523407, -0.008972052484750748
19746.650617375002, -8.66637758910656, -0.14923994690179826, -3.7651203918457035, 0.4445425570011139, 0.21119582653045654, -0.030999857932329178
19746.660672375, -8.36729894042015, -0.26285370418801907, -3.306474151611328, 0.5451456308364868, 0.23638316988945007, -0.03964957967400551
19746.670727375, -8.150849050283432, -0.5104387934133411, -2.9533584594726565, 0.6131784319877625, 0.2909976840019226, -0.028551124036312103
19746.680782375002, -8.016878814697266, -0.6789883477427066, -2.2391937191784383, 0.6145128011703491, 0.28433680534362793, -0.015539472922682762
19746.690838375, -7.94951889038086, -0.7414085077308119, -1.5444882202148438, 0.5498765707015991, 0.2325681447982788, 0.005565012339502573
19746.700893375, -7.8700341796875, -0.7604190483503044, -1.0831478753685952, 0.4488751292228699, 0.17608769237995148, 0.03570596128702164
19746.710948375003, -7.823482156991959, -0.7710469109751285, -1.0084532037377358, 0.3359139561653137, 0.13610431551933289, 0.07652848958969116
19746.721003375, -7.78066942870617, -0.8009846185706556, -1.0642868041992188, 0.24648143351078033, 0.06744953989982605, 0.11855390667915344
19746.731058375, -7.764053395986557, -0.6629716180823744, -1.325493621826172, 0.19203735888004303, 0.035285212099552155, 0.16612835228443146
19746.741113375003, -7.931107177734376, -0.664917571451515, -1.6926803460717201, 0.18744690716266632, 0.004746092949062586, 0.1974862515926361
19746.751168375, -8.077801539301873, -0.6518946344777942, -1.9279904302954676, 0.2030455768108368, -0.006171802058815956, 0.22433170676231384
19746.761224375, -8.143814265131951, -0.49172770332545046, -2.117047576904297, 0.23506365716457367, 0.021799229085445404, 0.23446586728096008
19746.771279375, -8.239615046381951, -0.30177269848063587, -2.1809646606445314, 0.2631003260612488, 0.06016019731760025, 0.23200882971286774
19746.781334375002, -8.386758474111558, -0.1998347162269056, -2.0874089178442956, 0.27308520674705505, 0.0770183876156807, 0.2193600982427597
19746.791389375, -8.611143035888672, -0.20237942447885873, -1.9428099060058595, 0.2614448070526123, 0.0844065248966217, 0.19542041420936584
19746.801444375, -8.827143275141717, -0.22692835640162232, -1.7098939642310143, 0.21376241743564606, 0.09599974751472473, 0.1637105792760849
19746.811499375002, -9.087601649165155, -0.2776728235837072, -1.5540680059790613, 0.15133659541606903, 0.10583879053592682, 0.13254493474960327
19746.821554375, -9.258995234370232, -0.38919092050753534, -1.4880555725097657, 0.09003707766532898, 0.07065802812576294, 0.10127125680446625
19746.831609375, -9.267677764892579, -0.4204759270884097, -1.5203883361816406, 0.03697466105222702, 0.06089194864034653, 0.08907531201839447
19746.841665375003, -9.180708033442498, -0.3589538720156998, -1.662443224489689, -0.012503799051046371, 0.05060770735144615, 0.09425176680088043
19746.851720375, -9.056318460702897, -0.22707812734879554, -1.7471670404076578, -0.05020776763558388, 0.036790695041418076, 0.11392399668693542
19746.861775375, -9.071437021493912, -0.10597990661859513, -1.922901890873909, -0.08054397255182266, 0.023415880277752876, 0.13653020560741425
19746.871830375003, -9.247469787597657, -0.03936839849688113, -2.0477416992187503, -0.10119065642356873, -0.0015970622189342976, 0.1377222239971161
19746.881885375, -9.59878921508789, -0.03517716456670314, -2.116299425661564, -0.11328557133674622, -0.01203406322747469, 0.11674767732620239
19746.891940375, -9.927954711914063, -0.1401089120982215, -2.1630020141601562, -0.12417976558208466, -0.015906833112239838, 0.07808417081832886
19746.901995375, -10.147996546626091, -0.2266290337778628, -2.083067944943905, -0.14300869405269623, -0.0297015979886055, 0.0372597798705101
19746.912051375002, -10.17928207397461, -0.22872462561819704, -2.0263359197974204, -0.16318240761756897, -0.027224857360124588, 0.012093973346054554
19746.922106375, -10.119855067133903, -0.21151043187361213, -1.98367463439703, -0.19938987493515015, -0.010705213993787766, 0.0023093654308468103
19746.932161375, -10.10338930785656, -0.26599715133430435, -1.9541865411400796, -0.2460354119539261, 0.0011655599810183048, 0.0007293119560927153
19746.942216375002, -10.162517521977426, -0.3269204675126821, -1.9908605700731279, -0.29894036054611206, -0.017878608778119087, -0.0029203551821410656
19746.952271375, -10.242450714111328, -0.32168136571417566, -2.1177963128685953, -0.35839542746543884, -0.017967291176319122, -0.004884702619165182
19746.962326375, -10.339598109126092, -0.26225496814877264, -2.384990094602108, -0.40950503945350647, -0.0385306291282177, -0.01636192575097084
19746.972381375002, -10.414591573476791, -0.22243776615767274, -2.7099645996093753, -0.43190062046051025, -0.07907192409038544, -0.023647533729672432
19746.982437375, -10.474619089365007, -0.16346037651062945, -3.1737008410692216, -0.4091251790523529, -0.11621183902025223, -0.03009311854839325
19746.992492375, -10.551258544921875, -0.20118191585526804, -3.6405790838599206, -0.32089120149612427, -0.150104820728302, -0.029785525053739548
19747.002547375003, -10.604847106933594, -0.39772321641677993, -3.799848175048828, -0.19284315407276154, -0.12426551431417465, -0.016975583508610725
19747.012602375, -10.75079360961914, -0.6997950182505883, -3.711232744753361, -0.07643051445484161, -0.030534226447343826, -0.007116028107702732
19747.022657375, -10.885364938974382, -0.9096586069604382, -3.176395238041878, -0.030223367735743523, 0.028453819453716278, 0.003790548536926508
19747.032712375, -10.897938206791878, -0.8833134743431583, -2.444417247623205, -0.053343068808317184, 0.022244125604629517, 0.020061131566762924
19747.042767375002, -10.933112717270852, -0.7286850144364871, -1.9613714535534383, -0.1109488382935524, -0.00895853340625763, 0.04472280293703079
19747.052823375, -11.036100311279297, -0.70877633464057, -1.7751586849987508, -0.18072551488876343, -0.006741185672581196, 0.07055679708719254
19747.062878375, -11.175160548090936, -0.7286849436303601, -1.780547332763672, -0.24887533485889435, 0.022403834387660027, 0.07665090262889862
19747.072933375002, -11.404183706045151, -0.7220986993052065, -1.8970048651099205, -0.30579641461372375, 0.012187149375677109, 0.03910565748810768
19747.082988375, -11.45627655029297, -0.5447175332950428, -2.434237683713436, -0.30469927191734314, 0.11489225178956985, -0.012238208204507828
19747.093043375, -11.044632568359376, -0.055534798605367544, -3.1338827642798424, -0.28986120223999023, 0.23796625435352325, -0.06961601227521896
19747.103098375002, -10.749446411132814, 0.22588000545278192, -3.5778600946068764, -0.211261585354805, 0.2512885332107544, -0.14641405642032623
19747.113153375, -10.667566096186638, 0.29054553736466915, -4.004173278808594, -0.09543085098266602, 0.19696670770645142, -0.22301003336906433
19747.123209375, -10.428064143061638, 0.14055741409538314, -4.188889452517033, 0.041334234178066254, 0.15097811818122864, -0.26234230399131775
19747.133264375003, -9.824221013188362, 0.0020953719987301155, -4.058211491703988, 0.1409255415201187, 0.15219305455684662, -0.23903325200080872
19747.143319375, -9.115743128657341, -0.026345503778429702, -3.5751654052734376, 0.16389061510562897, 0.12562869489192963, -0.16169653832912445
19747.153374375, -8.592581634521485, 0.004190987250767648, -2.8648924255371093, 0.10941751301288605, 0.04965776577591896, -0.05674535036087036
19747.163429375, -8.40127944946289, 0.15627475489396603, -2.294279022216797, -0.003471774747595191, -0.02385663613677025, 0.03824896365404129
19747.173484375002, -8.530010579824449, 0.27078656684607266, -1.9880156072974207, -0.13986796140670776, -0.07233522832393646, 0.09157184511423111
19747.183540375, -8.95303207397461, 0.3032690649200231, -2.044448839724064, -0.2479405552148819, -0.06817633658647537, 0.07623222470283508
19747.193595375, -9.50463559448719, 0.2986287058702146, -2.625540453493595, -0.27386510372161865, -0.03447563201189041, 0.0009092390537261963
19747.203650375002, -9.74817855834961, 0.43469574313930937, -3.342998199462891, -0.23488591611385345, -0.013516202569007874, -0.09003539383411407
19747.213705375, -9.483977966308593, 0.6945553468624712, -3.656446672976017, -0.16481707990169525, -0.00710304407402873, -0.1642254739999771
19747.223760166667, -9.033414916992188, 0.777931933173677, -4.001030108034611, -0.06309660524129868, 0.04499560967087746, -0.1910252422094345
19747.233815166666, -8.50127151489258, 0.8075704060820863, -3.846701036989689, 0.017640048637986183, 0.06549422442913055, -0.17371255159378052
19747.24387016667, -8.128845393061638, 0.6902144125057385, -3.423231353759766, 0.06857673823833466, 0.1455315351486206, -0.12654690444469452
19747.253926166668, -8.208779169917108, 0.480949567258358, -3.1801371636986735, 0.0882985070347786, 0.2046976536512375, -0.10133741796016693
19747.263981166667, -8.530011164546014, 0.3614979727054015, -2.869682172238827, 0.08012693375349045, 0.20570270717144012, -0.09045922011137009
19747.27403616667, -8.781488800048828, 0.2624040167592466, -2.5689578247070313, 0.04934372752904892, 0.18127964437007904, -0.08557072281837463
19747.284091166668, -8.848099696040155, 0.11900227714329958, -2.341131591796875, -0.017446467652916908, 0.1543736457824707, -0.07557547092437744
19747.294146166667, -8.893156000971794, 0.05508515685796738, -2.2671850714087487, -0.0682888776063919, 0.10635498911142349, -0.06448793411254883
19747.30420116667, -8.94225390136242, 0.08128065557219089, -2.394720153808594, -0.0964396744966507, 0.05521365627646446, -0.05694236233830452
19747.31425716667, -8.993746821284294, 0.15896911988966167, -2.5797354125976564, -0.09996622800827026, 0.019706793129444122, -0.058418020606040955
19747.324312166667, -9.022188262939453, 0.2142042395565659, -2.7535243096947672, -0.07589127123355865, 0.010956800542771816, -0.07022661715745926
19747.334367166666, -9.095235773921013, 0.22887379813939335, -2.8264224243164064, -0.03701125085353851, 0.008171665482223034, -0.10218481719493866
19747.34442216667, -9.173523559570313, 0.161214459836483, -2.8063641357421876, 0.012433230876922607, 0.008528170175850391, -0.14280974864959717
19747.354477166667, -9.172625427246095, 0.061521799257025125, -2.755170593261719, 0.06662536412477493, 0.03160978853702545, -0.18275396525859833
19747.364532166666, -9.074429626464845, -0.07559309631586075, -2.561473388671875, 0.10102169215679169, 0.03333137556910515, -0.20345614850521088
19747.37458716667, -8.834627126455308, -0.16525665828958155, -2.222727813720703, 0.10878294706344604, 0.027610372751951218, -0.19152145087718964
19747.384643166668, -8.591982879638673, -0.20342728206887842, -1.958228136599064, 0.08783026039600372, 0.011218351311981678, -0.15425637364387512
19747.394698166667, -8.458611398935318, -0.20013413021340967, -1.7046554437279702, 0.0526493676006794, -0.024377726018428802, -0.10915041714906693
19747.40475316667, -8.446336923837663, -0.20821733940392734, -1.5456860223412514, 0.006534910295158625, -0.05161585658788681, -0.07101131230592728
19747.414808166668, -8.586445566415787, -0.1926496759057045, -1.5561642327904701, -0.03182606026530266, -0.0694289356470108, -0.04811451584100723
19747.424863166667, -8.806785609126091, -0.2034272637963295, -1.6822015509009363, -0.04678143933415413, -0.07437179982662201, -0.047385185956954956
19747.43491816667, -8.99060335814953, -0.17573483219370248, -1.8904188537597657, -0.038885168731212616, -0.05053650960326195, -0.05613367259502411
19747.44497416667, -9.075776240229606, -0.1413064081594348, -2.1383036676049234, -0.004439998418092728, -0.017763053998351097, -0.06655115634202957
19747.455029166667, -9.125322622060777, -0.08397562813013792, -2.374512176513672, 0.04276799410581589, -0.004268551245331764, -0.07130969315767288
19747.465084166666, -9.085056356191636, 0.024399023931473494, -2.498454144895077, 0.09045280516147614, -0.009139414876699448, -0.06693197041749954
19747.47513916667, -9.013206939697266, 0.08352603206411005, -2.495161285400391, 0.12150872498750687, -0.017778975889086723, -0.04243567958474159
19747.485194166667, -8.947044525146485, 0.07364655822515488, -2.4117843756079673, 0.13834792375564575, -0.04679349437355995, -0.013057002797722816
19747.495249166666, -8.950786158442497, 0.028590253293514254, -2.2999674859642982, 0.14333096146583557, -0.07906834036111832, 0.012707216665148735
19747.50530516667, -8.976232656240464, 0.02035739192739129, -2.126327985227108, 0.13182774186134338, -0.1314830482006073, 0.036572929471731186
19747.515360166668, -9.01006230711937, 0.05224105289205909, -1.9384689331054688, 0.11049102991819382, -0.176035076379776, 0.0573759488761425
19747.525415166667, -9.083410949707032, 0.06466521671041847, -1.8438659539818765, 0.09283975511789322, -0.213674858212471, 0.07888970524072647
19747.53547016667, -9.186995544433595, 0.11151780456304551, -1.897903289794922, 0.08948710560798645, -0.24765706062316895, 0.09901654720306396
19747.545525166668, -9.300159632563592, 0.21974273135885597, -1.955383758544922, 0.09602554887533188, -0.25182825326919556, 0.11319757997989655
19747.555580166667, -9.539811274409294, 0.25776372123509644, -2.0067272821068767, 0.10111777484416962, -0.22649574279785156, 0.10949898511171341
19747.565636166666, -9.871970545649528, 0.1797758429311216, -1.9305354309082032, 0.10471434146165848, -0.21393795311450958, 0.08161673694849014
19747.57569116667, -10.180778961181641, 0.07708936225622892, -1.8791921997070313, 0.09691926836967468, -0.17890913784503937, 0.03711638227105141
19747.585746166667, -10.375374298095704, 0.022902081906795504, -1.8808387756347658, 0.07273048162460327, -0.13773739337921143, -0.019275616854429245
19747.595801166666, -10.43480013549328, -0.0029940667748451235, -1.9616709771752359, 0.052097368985414505, -0.11723052710294724, -0.06660877913236618
19747.60585616667, -10.311306940913202, 0.013322022054344417, -2.200723717957735, 0.03500663861632347, -0.10481132566928864, -0.0984746590256691
19747.615911166668, -10.09740117430687, 0.06122235786169768, -2.556234429627657, 0.03837180882692337, -0.10494288802146912, -0.11106076091527939
19747.625967166667, -9.920919342041016, 0.04999572208151221, -2.965333410948515, 0.08463545143604279, -0.11794226616621017, -0.1060643419623375
19747.63602216667, -9.812993189692497, 0.01302266288548708, -3.330574328005314, 0.16547837853431702, -0.11669857054948807, -0.086162269115448
19747.646077166668, -9.766440582275392, -0.11900278877466917, -3.5362461917102337, 0.273449182510376, -0.09095258265733719, -0.05703311413526535
19747.656132166667, -9.836793696284294, -0.27093685856088995, -3.515290063172579, 0.3653593957424164, -0.07061135768890381, -0.01899705082178116
19747.66618716667, -9.913284047842026, -0.378862444460392, -3.1003523446619514, 0.4169056713581085, -0.03073185496032238, 0.020676326006650925
19747.676242166668, -10.084528529047967, -0.47645945381373167, -2.63751496642828, 0.4071103036403656, 0.0027709780260920525, 0.0503026619553566
19747.686298166667, -10.416987177729608, -0.6878199274465442, -2.1550685119628907, 0.37722641229629517, -0.01053933147341013, 0.05906097963452339
19747.696353166666, -10.80438217163086, -1.0038128899410368, -1.9495458984375, 0.34885257482528687, 0.008185354992747307, 0.06241682544350624
19747.70640816667, -11.001072565913201, -1.272204729616642, -1.9429600332677366, 0.3248728811740875, 0.11598049849271774, 0.05483751744031906
19747.716463166667, -11.021879298090935, -1.431174114458263, -2.0198994509875776, 0.28449830412864685, 0.24160979688167572, 0.037596479058265686
19747.726518166666, -10.880124664306642, -1.3570781611651184, -2.122586205750704, 0.22142811119556427, 0.2858239710330963, 0.024824298918247223
19747.73657316667, -10.463390681147576, -1.0066568659991026, -2.360890649110079, 0.1526692807674408, 0.2482302337884903, 0.03941123187541962
19747.746629166668, -9.926457239985467, -0.540526262819767, -2.811453552246094, 0.09312742203474045, 0.16458962857723236, 0.08092708140611649
19747.756684166667, -9.60237999022007, -0.1959427546709776, -3.387755126953125, 0.08657737821340561, 0.04406668245792389, 0.13324302434921265
19747.76673916667, -9.446706059575082, 0.004190991818904877, -3.8974455133080483, 0.13335084915161133, -0.05535445362329483, 0.1765095740556717
19747.776794166668, -9.443413492441177, 0.03562556834891439, -4.15999952942133, 0.2137969583272934, -0.08692170679569244, 0.20063968002796173
19747.786849166667, -9.565108668208122, -0.04879879703745246, -4.102967542111874, 0.30113011598587036, -0.06932367384433746, 0.19433489441871643
19747.79690416667, -9.749374898672105, -0.1676516047306359, -3.6666249212622644, 0.3559725880622864, -0.027377819642424583, 0.1565086841583252
19747.80696016667, -9.9697184497118, -0.3561097954586148, -3.0524523925781253, 0.36198726296424866, 0.031435318291187286, 0.1036272868514061
19747.817015166667, -10.121352539062501, -0.6007010919973255, -2.3815478387475015, 0.29653605818748474, 0.1108585074543953, 0.04226192831993103
19747.827070166666, -10.196945343017578, -0.8774756096675993, -1.9248475518822672, 0.1794126331806183, 0.18378201127052307, -0.020540038123726845
19747.83712516667, -10.078990046381952, -0.9901911798119546, -1.7806973138451576, 0.037393707782030106, 0.21785955131053925, -0.05679098889231682
19747.847180166667, -9.696834742426873, -0.8551719354651869, -2.128872693479061, -0.08117146044969559, 0.23012091219425201, -0.057714544236660004
19747.857235166666, -9.228758112788201, -0.6355785639211535, -2.7878024420142173, -0.14007605612277985, 0.20704223215579987, -0.026072192937135696
19747.86729116667, -8.849895960688592, -0.4231702692434192, -3.515888671875, -0.13253621757030487, 0.20949812233448029, 0.017421316355466843
19747.877346166668, -8.710535761713983, -0.3074609612300992, -4.1974214172363284, -0.06332812458276749, 0.23983286321163177, 0.059140000492334366
19747.887401166667, -8.788673858642579, -0.3517687860131264, -4.586013628542424, 0.04937677085399628, 0.2801298499107361, 0.07473678141832352
19747.89745616667, -8.953331451416016, -0.4272118829749525, -4.686753552854062, 0.17107683420181274, 0.31832942366600037, 0.06660748273134232
19747.907511166668, -9.129215698242188, -0.5179232842661441, -4.487069384157658, 0.2687138617038727, 0.3466331958770752, 0.04368819296360016
19747.917566166667, -9.156309356689453, -0.6635704277828336, -4.006717987060547, 0.3136001229286194, 0.3409084677696228, 0.017871510237455368
19747.92762216667, -9.05407196044922, -0.7213502191565931, -3.5208283996582033, 0.3149789869785309, 0.30998286604881287, 0.007350234314799309
19747.93767716667, -8.760831756591797, -0.7255415398813785, -3.06502653747797, 0.2769983112812042, 0.2522900104522705, 0.023018941283226013
19747.947732166667, -8.427025324702264, -0.6774914239905775, -2.7797192510962487, 0.22742466628551483, 0.17484621703624725, 0.06172849237918854
19747.957787166666, -8.129444732666016, -0.6248009760305285, -2.5821304321289062, 0.18398185074329376, 0.08699919283390045, 0.11273787915706635
19747.96784216667, -7.989633713364602, -0.6044432917423547, -2.4803418096899987, 0.15670135617256165, 0.007461847737431526, 0.1609393060207367
19747.977898166668, -8.065527648925782, -0.6629715998098255, -2.3763084411621094, 0.12854908406734467, -0.06506402045488358, 0.1869293600320816
19747.987953166667, -8.328081665039063, -0.6692585443519056, -2.173630205690861, 0.11584444344043732, -0.16149836778640747, 0.17147280275821686
19747.99800816667, -8.66922167479992, -0.8327186273597181, -2.248623670041561, 0.1438787430524826, -0.1566314399242401, 0.14921437203884125
19748.008063166668, -8.62536346435547, -0.7414085808210076, -2.4275019836425784, 0.1568119376897812, -0.027811206877231598, 0.13138461112976074
19748.018118166667, -8.610244903564453, -0.6640194391272962, -2.317031707763672, 0.16313135623931885, 0.025468526408076286, 0.10941886156797409
19748.02817316667, -8.62895657837391, -0.6062396842986345, -2.0790272265672685, 0.12759770452976227, -0.0023863082751631737, 0.08707081526517868
19748.03822916667, -8.703799769282341, -0.4354447808861733, -2.020498644411564, 0.08514025807380676, -0.07152223587036133, 0.05879177153110504
19748.048284166667, -8.743317591547967, -0.3171907098032534, -2.1348608270287515, 0.048734985291957855, -0.11017481237649918, 0.03570159152150154
19748.05833916667, -8.76816650390625, -0.3261720330454409, -2.310445696413517, 0.03552543744444847, -0.12865635752677917, 0.014981398358941078
19748.06839416667, -8.756639887690545, -0.3567085137963295, -2.4306457391381264, 0.045994263142347336, -0.1355867087841034, -0.005384903401136398
19748.078449166667, -8.790019887685776, -0.33126143127679825, -2.533481305539608, 0.07918231189250946, -0.1249268651008606, -0.029374923557043076
19748.088505166666, -8.80483965575695, -0.31569378605112436, -2.514471130371094, 0.11431047320365906, -0.12039496004581451, -0.053088776767253876
19748.09856016667, -8.81891098022461, -0.3915859857201576, -2.1936884942650794, 0.12542492151260376, -0.10392730683088303, -0.07380364090204239
19748.108615166668, -8.824299189448357, -0.4572993523813784, -1.8432669067382814, 0.10333529114723206, -0.11333493888378143, -0.08129555732011795
19748.118670166667, -8.843309656977654, -0.5159772760793567, -1.4470405706763267, 0.05148647725582123, -0.11448568850755692, -0.09286725521087646
19748.12872516667, -9.004823786616326, -0.5999526483938098, -1.3311817932128907, 0.008596436120569706, -0.14500166475772858, -0.10374864935874939
19748.138780166668, -8.898844757080079, -0.5661230523325503, -1.35857453674078, -0.037106867879629135, -0.07245555520057678, -0.09266377240419388
19748.148836166667, -8.862320124506951, -0.6222562860511244, -1.4374604925513268, -0.07568415999412537, -0.0935615599155426, -0.07323726266622543
19748.15889116667, -8.797504908442498, -0.672102630045265, -1.413510881960392, -0.09413028508424759, -0.07666699588298798, -0.03213616460561752
19748.16894616667, -8.7353840893507, -0.5438193964026868, -1.5584095636010171, -0.13756884634494781, -0.027948912233114243, 0.011761636473238468
19748.179001166667, -8.81606689453125, -0.5069960076548159, -1.443448626101017, -0.17431141436100006, -0.05213680490851402, 0.04563011974096298
19748.18905616667, -9.080268071293832, -0.5278027763776482, -1.5238311767578125, -0.20120690762996674, -0.04461323097348213, 0.0650264248251915
19748.19911216667, -9.43083788573742, -0.5848340876027942, -1.8247052130103112, -0.21142278611660004, -0.0065249670296907425, 0.06514547020196915
19748.209167166668, -9.825716730952264, -0.6968012324161827, -2.0236415228247644, -0.20336300134658813, 0.01609475165605545, 0.041598036885261536
19748.21922225, -10.101293081045151, -0.8569682183861733, -2.225421918332577, -0.1902245730161667, 0.0399063415825367, 0.014097437262535095
19748.22927725, -10.172694016098976, -0.9057667778804899, -2.372416534423828, -0.1791490614414215, 0.04499530792236328, -0.004567453172057867
19748.239332250003, -10.095606663823128, -0.892594152186066, -2.4343879571557046, -0.16520607471466064, 0.05246121436357498, -0.0033565140329301357
19748.24938725, -10.009385375976564, -0.8907978875376285, -2.6174572625756265, -0.1459210216999054, 0.05094221606850624, 0.01978994533419609
19748.25944325, -9.909542999267579, -0.8351136286184192, -2.562970568239689, -0.13409152626991272, -0.004452602006494999, 0.05562730133533478
19748.26949825, -9.819580078125, -0.8074212152883411, -2.5033941650390625, -0.13836762309074402, -0.033590685576200485, 0.11377643793821335
19748.279553250002, -9.881700312495232, -0.7412588555552065, -2.4180715942382816, -0.16105349361896515, -0.0705694705247879, 0.16420578956604004
19748.28960825, -10.156678492426872, -0.7252421624399722, -2.3626864752173424, -0.18389102816581726, -0.12712541222572327, 0.19308559596538544
19748.29966325, -10.532697728276254, -0.6475536798499525, -2.4210656610131265, -0.1906954050064087, -0.16790001094341278, 0.20121650397777557
19748.309719250003, -10.839410501718522, -0.5755534691456705, -2.552642046511173, -0.17916245758533478, -0.18723252415657043, 0.19498568773269653
19748.31977425, -11.15165883421898, -0.5727093286346644, -2.6165585455298426, -0.15187330543994904, -0.1782936155796051, 0.1678544580936432
19748.32982925, -11.436068572998048, -0.6237531458493323, -2.647394421994686, -0.12532731890678406, -0.11242080479860306, 0.12390926480293274
19748.339884250003, -11.588151728510857, -0.6092333308048546, -2.6436524963378907, -0.11634848266839981, -0.03947735205292702, 0.07175391912460327
19748.34993925, -11.49414779663086, -0.447419892246835, -2.638263702392578, -0.1273893266916275, -0.03499530628323555, 0.026017963886260986
19748.35999525, -11.284433314204216, -0.22124024896882474, -2.703228899538517, -0.11709992587566376, -0.07691505551338196, -0.011448719538748264
19748.37005025, -11.026519648432732, -0.15807157228700816, -2.9791046270728114, -0.08075062185525894, -0.08447928726673126, -0.032781071960926056
19748.380105250002, -10.727442169189453, -0.2649493554141373, -3.1386730957031252, -0.033056337386369705, -0.06372474133968353, -0.03935694694519043
19748.39016025, -10.378666865229608, -0.40760268340352923, -3.096460876464844, 0.02023724466562271, -0.013870631344616413, -0.03515953943133354
19748.40021525, -10.054441680908203, -0.40430955438874666, -2.8997701898217203, 0.03148217499256134, 0.10096940398216248, -0.04063153639435768
19748.410270250002, -9.999207127690315, -0.5676199121307582, -2.63871306091547, -0.0017773364670574665, 0.21753743290901184, -0.07750006020069122
19748.42032625, -10.149941330552101, -0.7643109276797623, -2.4095393371582032, -0.08441788703203201, 0.2756420075893402, -0.14890500903129578
19748.43038125, -10.178383356928826, -0.6737492333818227, -2.4800427246093752, -0.17172832787036896, 0.25945788621902466, -0.23205195367336273
19748.440436250003, -9.914632415771484, -0.383203444769606, -2.9563525262475014, -0.21285153925418854, 0.16510051488876343, -0.29417604207992554
19748.45049125, -9.415121154785156, -0.1122668511606753, -3.6336936950683594, -0.17451448738574982, 0.08394580334424973, -0.32181790471076965
19748.46054625, -8.86202133178711, 0.08577130805701018, -4.2590931701660155, -0.0758342519402504, 0.0750495120882988, -0.30071821808815
19748.47060225, -8.455167388916015, 0.13172576358541846, -4.432283020019532, 0.04078845679759979, 0.07454317808151245, -0.24667111039161682
19748.480657250002, -8.262367731928826, 0.12454072326421738, -4.158352661132812, 0.13748064637184143, 0.08477237820625305, -0.1753324717283249
19748.49071225, -8.318650106191635, 0.1880087408423424, -3.698658307492733, 0.17614278197288513, 0.12457618862390518, -0.10819564759731293
19748.50076725, -8.63883544921875, 0.22004210880026223, -3.0310466131567955, 0.13818633556365967, 0.1359177976846695, -0.07508562505245209
19748.510822250002, -9.085357487797738, 0.2342625189945102, -2.40639616638422, 0.04096706584095955, 0.16191694140434265, -0.08634662628173828
19748.52087825, -9.575288670659067, 0.26390088569372894, -2.3249655023217204, -0.07366657257080078, 0.19299016892910004, -0.12982672452926636
19748.53093325, -9.78545221924782, 0.3140466254018247, -2.55967741638422, -0.15247198939323425, 0.17621470987796783, -0.18004605174064636
19748.540988250003, -9.528586374521256, 0.5457647650502623, -3.171604906618595, -0.16685998439788818, 0.18725670874118805, -0.20975734293460846
19748.55104325, -9.077721608877182, 0.9252257999405266, -3.8242474365234376, -0.12351664155721664, 0.2218920886516571, -0.20351123809814453
19748.56109825, -8.727750549316406, 1.028660486675799, -4.017046801149846, -0.06856231391429901, 0.1982080638408661, -0.16801263391971588
19748.57115425, -8.576564356684685, 0.7286844000220299, -4.0016282781958585, 0.019151249900460243, 0.24681995809078217, -0.11310575902462006
19748.581209250002, -8.64886459350586, 0.49966065734624865, -3.878584442138672, 0.0962204709649086, 0.28952455520629883, -0.07058040797710419
19748.59126425, -8.812474365234376, 0.3896394841745496, -3.410657501220703, 0.13894663751125336, 0.29725003242492676, -0.03894856944680214
19748.60131925, -8.954977442622186, 0.32527333427220584, -2.8099566650390626, 0.12544946372509003, 0.28209105134010315, -0.013690351508557796
19748.611374250002, -9.052276280522348, 0.19145154487341642, -2.226620012819767, 0.06576243042945862, 0.2506060302257538, 0.007406568620353937
19748.62143025, -9.11903628051281, 0.04954671073704958, -1.7988093566894532, -0.028408275917172432, 0.20586837828159332, 0.026874808594584465
19748.63148525, -9.217532043457032, 0.014369861371815205, -1.6426843133568765, -0.12479180097579956, 0.14888612926006317, 0.03245796635746956
19748.641540250002, -9.244326324462891, 0.10627873588353395, -1.7384850946068764, -0.20155476033687592, 0.07221878319978714, 0.03504469618201256
19748.65159525, -9.227411499023438, 0.19175099540501833, -1.9974462890625, -0.24042506515979767, 0.02587280236184597, 0.025474751368165016
19748.66165025, -9.289981384277345, 0.25012955993413927, -2.4183709716796877, -0.22341491281986237, 0.011285072192549706, -0.0020684590563178062
19748.671706250003, -9.401798273921013, 0.19923543144017458, -2.803818842768669, -0.1690874993801117, 0.018037782981991768, -0.04296955093741417
19748.68176125, -9.443860804438591, 0.15777165580540897, -2.929857037961483, -0.11084283143281937, 0.033480122685432434, -0.09795237332582474
19748.69181625, -9.461972554922104, 0.09714772392064333, -2.9003683599829677, -0.05767561495304108, 0.04721881449222565, -0.15604200959205627
19748.70187125, -9.394164733886718, -0.026644884645938876, -2.8133997979760172, -0.015050392597913742, 0.02967897243797779, -0.1985282152891159
19748.711926250002, -9.136701303720475, -0.14415056694298983, -2.598596483767033, 0.0038312841206789017, 0.004170245956629515, -0.2126692682504654
19748.72198225, -8.843009694814683, -0.1823211541771889, -2.4396264776587486, -0.005272465292364359, -0.022054966539144516, -0.1982160210609436
19748.73203725, -8.594975484609604, -0.20507380317896606, -2.3463706970214844, -0.015411787666380405, -0.07218141853809357, -0.16418127715587616
19748.742092250002, -8.421786804199218, -0.21764769226312639, -2.288141784667969, -0.02647322602570057, -0.11283883452415466, -0.12438006699085236
19748.75214725, -8.386159719228745, -0.23605940490961075, -2.2999671936035155, -0.03396674245595932, -0.12904228270053864, -0.08796805143356323
19748.76220225, -8.487650426030159, -0.3495234552025795, -2.3218220391869546, -0.02252233773469925, -0.14413733780384064, -0.06598258763551712
19748.772258250003, -8.675808563232422, -0.47481291443109513, -2.3572979736328126, 0.0027418299578130245, -0.12873119115829468, -0.054463405162096024
19748.78231325, -8.843161137700081, -0.5834869987517596, -2.380799395143986, 0.02506284788250923, -0.11318100243806839, -0.049655068665742874
19748.79236825, -8.973240051269531, -0.6005514398217201, -2.2737719598412514, 0.03877582028508186, -0.12170149385929108, -0.04965938255190849
19748.802423250003, -8.9941976416111, -0.5254077751189471, -2.2281169000267984, 0.03919580206274986, -0.12946274876594543, -0.034273501485586166
19748.81247825, -8.984017054438592, -0.4400850581377745, -2.2236256536841394, 0.03888283669948578, -0.15668626129627228, -0.012036079540848732
19748.82253425, -8.907826080322266, -0.38020964294672016, -2.2278175225853922, 0.041142527014017105, -0.1958640217781067, 0.024358680471777916
19748.83258925, -8.830586115717889, -0.2897976921871305, -2.2914349365234377, 0.05619759112596512, -0.22586749494075775, 0.06676266342401505
19748.842644250002, -8.831634521484375, -0.18980559021234514, -2.3766075262427333, 0.07759742438793182, -0.24491947889328003, 0.11034929007291794
19748.85269925, -8.971144993901254, -0.12618792045861482, -2.407892761230469, 0.11234840005636215, -0.27305877208709717, 0.1321585774421692
19748.86275425, -9.223369903564453, -0.12933134704828264, -2.354603869020939, 0.14947658777236938, -0.2850824296474457, 0.1346433013677597
19748.872810250003, -9.481282984614372, -0.1655560540035367, -2.253264605104923, 0.17544259130954742, -0.2619837522506714, 0.12124604731798172
19748.88286525, -9.632469177246094, -0.21195948433130982, -2.0419041314721107, 0.17829909920692444, -0.25320279598236084, 0.11036011576652527
19748.89292025, -9.68470995604992, -0.2516270318627358, -1.7937202325463295, 0.15478640794754028, -0.24389803409576416, 0.1061185970902443
19748.902975250003, -9.768835017085076, -0.25581827949732544, -1.7568965148925781, 0.12692174315452576, -0.2286231964826584, 0.11007312685251236
19748.913031250002, -9.915529963374139, -0.25327360779047015, -1.8386265563964845, 0.09649215638637543, -0.2260189652442932, 0.11266185343265533
19748.92308625, -10.014774169921875, -0.22258745659142734, -1.9413133111596108, 0.05572555586695671, -0.25724586844444275, 0.1255694031715393
19748.93314125, -10.049651641845704, -0.12828352600336076, -2.0058291497826577, 0.012808742932975292, -0.2763811945915222, 0.13618412613868713
19748.943196250002, -10.17778518676758, -0.0517926262691617, -2.3617886352539066, -0.0007419537287205458, -0.25002360343933105, 0.1353582739830017
19748.95325125, -10.319988886713983, -0.02110636543482542, -2.689007886350155, -0.005322370212525129, -0.243333101272583, 0.12437249720096588
19748.96330725, -10.374028269052506, 0.035176520459353926, -2.7741813531517985, -0.01978573203086853, -0.29108625650405884, 0.11913006752729416
19748.973362250003, -10.31504915893078, 0.08726819526404143, -2.812800750732422, -0.025126297026872635, -0.3157117962837219, 0.11080653965473175
19748.98341725, -10.447972742915153, -0.0285908380150795, -3.226540082395077, 0.0304472167044878, -0.304500937461853, 0.1007176861166954
19748.99347225, -10.691217498779297, -0.25626738220453266, -3.46888655975461, 0.11830011755228043, -0.27038872241973877, 0.07948747277259827
19749.003527250003, -10.809022521972658, -0.4695738092064858, -3.4578094482421875, 0.21360427141189575, -0.21039755642414093, 0.05880669131875038
19749.013583250002, -10.866802368164063, -0.6358779779076577, -3.3642539978027344, 0.3077904284000397, -0.13295714557170868, 0.030455807223916054
19749.02363825, -11.017688013911247, -0.7152129267901183, -3.224744110107422, 0.3981299102306366, -0.07979646325111389, -0.0004887927789241076
19749.03369325, -11.131302337646485, -0.7629637383297087, -2.884801317751408, 0.46666064858436584, -0.06481334567070007, -0.01134844496846199
19749.043748250002, -11.114089304208756, -0.7875126885250211, -2.324815667420626, 0.47214967012405396, -0.0340045690536499, -0.00016103754751384258
19749.05380325, -11.068432490229608, -0.8222403620928527, -1.7618362426757814, 0.41535764932632446, 0.026461994275450706, 0.022240646183490753
19749.06385925, -11.101064631342888, -0.8393049127981067, -1.2570855841040611, 0.2979561984539032, 0.069041408598423, 0.032899416983127594
19749.073914250002, -11.184141286611558, -0.7824231623858214, -0.9854009945690633, 0.144375279545784, 0.10195093601942062, 0.019089462235569954
19749.08396925, -11.210336812734605, -0.6658157220482827, -1.2067904663085938, -0.00563444709405303, 0.12137683480978012, -0.018990810960531235
19749.09402425, -11.141031519770623, -0.514181047976017, -1.8543440182507038, -0.09964509308338165, 0.12142477184534073, -0.07355978339910507
19749.104080250003, -10.833869680166245, -0.371228246614337, -2.8133997979760172, -0.11750824749469757, 0.08916164189577103, -0.13338370621204376
19749.11413525, -10.239307250976562, -0.22243769478052855, -3.782185052186251, -0.04522199556231499, 0.04067574441432953, -0.1588834673166275
19749.12419025, -9.433534036874772, -0.1809739922359586, -4.5203002801537515, 0.08834777772426605, 0.02101922035217285, -0.1270373910665512
19749.134245250003, -8.586743774414064, -0.21450422912836076, -4.79198486968875, 0.23781056702136993, 0.003633256070315838, -0.03687012940645218
19749.144300250002, -7.980953521728516, -0.351319719851017, -4.503834082335234, 0.3520846664905548, 0.008137993514537811, 0.07671502232551575
19749.15435625, -7.903114802241325, -0.5580398796871304, -3.8252952575683596, 0.393656849861145, 0.0008778744377195835, 0.17931769788265228
19749.16441125, -8.219556757807732, -0.875529583208263, -2.875819555968046, 0.353756308555603, 0.006531233433634043, 0.23430050909519196
19749.174466250002, -8.699459381103516, -1.2507991694658995, -2.109563287049532, 0.24440887570381165, 0.0348326675593853, 0.2535673677921295
19749.18452125, -8.987908376455307, -1.3763880426809192, -1.6049626095592977, 0.10232735425233841, 0.04790239781141281, 0.25535115599632263
19749.19457725, -9.062304840087892, -1.342558391802013, -1.5753240966796875, -0.009151242673397064, 0.04453049972653389, 0.2553323805332184
19749.204632250003, -8.866960474848748, -1.1079962395504117, -1.9691554132103921, -0.0680031105875969, 0.06701050698757172, 0.2733500003814697
19749.21468725, -8.596323267817498, -0.7634127131290734, -2.496658172607422, -0.0874350443482399, 0.11375252902507782, 0.29924848675727844
19749.224741875, -8.528514277338981, -0.5548963617347181, -2.859952843934298, -0.07642660290002823, 0.1671515852212906, 0.31437817215919495
19749.234796875, -8.742119497060775, -0.4951705621741712, -3.164569244384766, -0.04527776688337326, 0.2289506196975708, 0.3012920022010803
19749.244852875003, -9.042993825674058, -0.5059481317922473, -3.4085618591308595, -0.008706971071660519, 0.26364949345588684, 0.25296521186828613
19749.254907875, -9.248069127202035, -0.5233121147565544, -3.5624421563744546, 0.033140022307634354, 0.28914931416511536, 0.19161520898342133
19749.264962875, -9.296119206547738, -0.5691168084740639, -3.694617296755314, 0.07666698843240738, 0.2930135726928711, 0.13294923305511475
19749.275017875003, -9.109457956552506, -0.6239028619788587, -3.6663261285424236, 0.11514527350664139, 0.2773401439189911, 0.0962538868188858
19749.285073875002, -8.760533548593521, -0.6688094964623451, -3.5715728759765626, 0.14578494429588318, 0.26289835572242737, 0.0834781676530838
19749.295128875, -8.522526728510858, -0.7256911920569837, -3.4323623657226565, 0.1655176281929016, 0.2412775456905365, 0.09027543663978577
19749.305183875, -8.367748591303826, -0.7583233514428139, -3.2449517950415614, 0.16971449553966522, 0.23228511214256287, 0.10529033839702606
19749.315238875002, -8.324189758300781, -0.8107143854163588, -3.082540117800236, 0.15518583357334137, 0.19559213519096375, 0.11978024989366531
19749.325293875, -8.347839406728745, -0.7560779658146203, -2.9500653076171877, 0.14219945669174194, 0.136788472533226, 0.12771940231323242
19749.335349875, -8.422235285639763, -0.6620734948944301, -2.9530590820312503, 0.13434968888759613, 0.12475208193063736, 0.13290522992610931
19749.345404875003, -8.58973696410656, -0.9297169092390687, -3.051404571533203, 0.1502319872379303, 0.07580957561731339, 0.13401204347610474
19749.355459875, -8.561296691894531, -1.0138419885467738, -3.02071809142828, 0.16255006194114685, 0.04994327202439308, 0.14520633220672607
19749.365514875, -8.421936492919922, -0.8138578394148499, -3.0313462829589843, 0.17002955079078674, 0.031246015802025795, 0.16230063140392303
19749.375570875, -8.36700014770031, -0.6253997309133411, -2.937191785275936, 0.16199429333209991, -0.008032605051994324, 0.18167659640312195
19749.385625875002, -8.421188049316406, -0.5101394433807582, -2.814896392822266, 0.14735914766788483, -0.07035776972770691, 0.19531437754631042
19749.395680875, -8.554560114741326, -0.3938313165307045, -2.6759849676489833, 0.13381251692771912, -0.1132512241601944, 0.19740955531597137
19749.405735875, -8.708440704345703, -0.2935398873640224, -2.6397605895996095, 0.12236198782920837, -0.10690730810165405, 0.18856918811798096
19749.415790875002, -8.92623779296875, -0.27587658177595586, -2.5750950622558597, 0.12047101557254791, -0.10737372934818268, 0.15484842658042908
19749.425846875, -9.16948313355446, -0.2917436158633791, -2.4581887561082842, 0.12571237981319427, -0.09676849097013474, 0.09986187517642975
19749.435901875, -9.34776006102562, -0.2951864381670021, -2.398462371826172, 0.12426760047674179, -0.056292176246643066, 0.03577500209212303
19749.445956875003, -9.42365282714367, -0.30671247651334854, -2.285147425532341, 0.10704547166824341, -0.030693339183926582, -0.025512058287858963
19749.456011875, -9.393416290283204, -0.3794611924909987, -2.0505857849121094, 0.06144961342215538, -0.04168490320444107, -0.0723724216222763
19749.466067875, -9.245073598623277, -0.40505795231089, -1.9452046331763269, 0.003998039290308952, -0.0566079244017601, -0.09240258485078812
19749.476122875, -9.054520441889764, -0.3716773812985048, -2.021545588374138, -0.052063364535570145, -0.07953135669231415, -0.0927373468875885
19749.486177875002, -8.9334228515625, -0.3579060372663662, -2.215992113649845, -0.0881369486451149, -0.10597920417785645, -0.08298271894454956
19749.496232875, -8.861421992182732, -0.3611991662811488, -2.4117843756079673, -0.10179281234741211, -0.14510415494441986, -0.06817381829023361
19749.506287875, -8.882978922128677, -0.3194360269093886, -2.612218157351017, -0.09912938624620438, -0.15545345842838287, -0.05831745266914368
19749.516343875002, -9.022337366938592, -0.36733640839811416, -2.763403180539608, -0.07299702614545822, -0.1541551798582077, -0.06279352307319641
19749.526398875, -9.226363677978517, -0.45191054929979146, -2.738704833984375, -0.058563232421875, -0.13276520371437073, -0.07910378277301788
19749.536453875, -9.466913452148438, -0.5406759332679212, -2.6354199090600017, -0.05948567017912865, -0.09775185585021973, -0.10535551607608795
19749.546508875002, -9.679022369384766, -0.6033955529239029, -2.4677685418725015, -0.08468344062566757, -0.08005008846521378, -0.13821972906589508
19749.556564875, -9.827663269042969, -0.6803355005476625, -2.334246203005314, -0.13366657495498657, -0.06924746930599213, -0.16732299327850342
19749.566619875, -9.871971130371094, -0.7315290613006801, -2.322720171511173, -0.18764804303646088, -0.06100871413946152, -0.17984384298324585
19749.576674875003, -9.814040426015854, -0.7379657036997378, -2.510878308713436, -0.22851569950580597, -0.05167543143033981, -0.1786659210920334
19749.586729875, -9.69234525024891, -0.6571337579749525, -2.7936408868432046, -0.2542540729045868, -0.06491533666849136, -0.16054736077785492
19749.596785875, -9.523044968247413, -0.5043015924096108, -3.01592805236578, -0.25838059186935425, -0.08258767426013947, -0.13189367949962616
19749.606840875, -9.462571894526482, -0.2968330072425306, -3.1469056829810143, -0.25416669249534607, -0.08218687027692795, -0.08878003060817719
19749.616895875002, -9.77048159301281, -0.6406680169701576, -3.204086774289608, -0.20391356945037842, -0.07298863679170609, -0.05716637521982193
19749.626950875, -10.137071024179459, -1.1181750725582242, -3.187022844851017, -0.1473914384841919, -0.00733052846044302, -0.03236169368028641
19749.637006875, -10.204877675771714, -1.2343335015513004, -3.06382844299078, -0.10503138601779938, 0.129993736743927, 0.007370689883828163
19749.647061875003, -10.138417053222657, -1.0672808344289662, -2.8907882818579673, -0.09042607247829437, 0.2538789212703705, 0.062440868467092514
19749.657116875, -10.242749506831169, -0.9527689813636244, -2.674338976442814, -0.10694366693496704, 0.3587932586669922, 0.1070026233792305
19749.667171875, -10.443630600571632, -0.8316708245873452, -2.5731491088867187, -0.1605033129453659, 0.446524441242218, 0.12731480598449707
19749.677226875003, -10.574760258793832, -0.5806428582407535, -2.684368413090706, -0.23256394267082214, 0.48418760299682617, 0.12465927749872208
19749.687282875002, -10.536589635014534, -0.18531492859125137, -2.928959782719612, -0.3016955852508545, 0.4406960606575012, 0.10352123528718948
19749.697337875, -10.31819437623024, 0.18321868350729348, -3.397485186159611, -0.3148590624332428, 0.35190388560295105, 0.08933059871196747
19749.707392875, -9.984388529062272, 0.3787121664499864, -3.923641039431095, -0.259703665971756, 0.2593041956424713, 0.08798330277204514
19749.717447875002, -9.608518981933594, 0.45550248473882676, -4.353546752929688, -0.1498645395040512, 0.21780750155448914, 0.10549666732549667
19749.727503875, -9.344469248056413, 0.4391864073299803, -4.5860139209032065, -0.01174874696880579, 0.1974487006664276, 0.13014182448387146
19749.737558875, -9.290280176997186, 0.31689072023145853, -4.4011474737524985, 0.12017546594142914, 0.15929199755191803, 0.1535206437110901
19749.747613875003, -9.438172633051872, 0.10208740031230264, -3.880829772949219, 0.19861461222171783, 0.13175837695598602, 0.16676507890224457
19749.757668875, -9.735155054926873, -0.24204697686393048, -3.298989715576172, 0.21543174982070923, 0.11621242761611938, 0.16449300944805145
19749.767724875, -10.027347437739373, -0.5589379891706631, -2.724783490598202, 0.17374210059642792, 0.09433961659669876, 0.13810373842716217
19749.777779875, -10.243199157714844, -0.6939572072506417, -2.5580308404564858, 0.12729531526565552, 0.10650090128183365, 0.09562510997056961
19749.787834875002, -10.13048355102539, -0.543819445510162, -2.6782308831810955, 0.06648149341344833, 0.07618027925491333, 0.06958605349063873
19749.797889875, -9.674681396484376, -0.1616641038679518, -2.811303863525391, 0.020079469308257103, 0.025078505277633667, 0.07443507015705109
19749.807945875, -9.157955932617188, 0.3487744200252928, -3.0936170831322674, -0.009448063559830189, -0.019137956202030182, 0.1078747883439064
19749.818000875002, -8.89270635008812, 0.7153620673343539, -3.3715887451171875, 6.863917224109173e-05, -0.017340928316116333, 0.14084658026695251
19749.828055875, -8.995244293212892, 0.7987386984704062, -3.608396593630314, 0.043424367904663086, 0.0329400859773159, 0.14474545419216156
19749.838110875, -9.381590881347657, 0.6529419119143859, -3.7356317138671877, 0.10862889885902405, 0.09457965195178986, 0.11145869642496109
19749.848166875003, -9.696834157705307, 0.5617814444610849, -3.692072003781796, 0.17865699529647827, 0.15511703491210938, 0.05024619773030281
19749.858221875, -9.72542528808117, 0.5498064061906189, -3.5983668646216396, 0.23828226327896118, 0.21438519656658173, -0.006276947446167469
19749.868276875, -9.504334462881088, 0.5719603231502697, -3.365301234126091, 0.2635197043418884, 0.23951345682144165, -0.0404098816215992
19749.878331875003, -9.128316981196404, 0.6460562307620421, -3.046613947749138, 0.25271034240722656, 0.21239975094795227, -0.044789981096982956
19749.888386875, -8.799301173090935, 0.5774988103844225, -2.7384051641821863, 0.22145015001296997, 0.13438190519809723, -0.018056634813547134
19749.898442875, -8.547375056147576, 0.4465211637807079, -2.4924668884277343, 0.18128162622451782, 0.05017812177538872, 0.033601921051740646
19749.908497875, -8.350834350585938, 0.3938307089684531, -2.388133557736874, 0.14759956300258636, -0.006952008232474327, 0.09139092266559601
19749.918552875002, -8.341254272460938, 0.405805854590144, -2.319876085817814, 0.11493489891290665, -0.034652695059776306, 0.1445082277059555
19749.928607875, -8.551865717768669, 0.3556600943254307, -2.3047575250267984, 0.09004605561494827, -0.05235579237341881, 0.1753590852022171
19749.938663875, -8.980574798583985, 0.23815445770975205, -2.3944207763671876, 0.09410009533166885, -0.06638532131910324, 0.16698460280895233
19749.948718875003, -9.447302475571632, 0.1299295035051182, -2.6246414440870285, 0.12240736931562424, -0.06121319532394409, 0.12771841883659363
19749.958773875, -9.676925557851792, 0.11825379699468613, -2.7927424621582033, 0.1672358512878418, -0.075086310505867, 0.0698462575674057
19749.968828875, -9.690697504878045, 0.16750138610601426, -2.794089368283749, 0.21028052270412445, -0.08370163291692734, 0.01561097800731659
19749.978884875, -9.567504272460939, 0.20267822176683695, -2.705174560546875, 0.25023147463798523, -0.07773174345493317, -0.030877189710736275
19749.988939875002, -9.368717651367188, 0.12334319522604346, -2.5183633294701577, 0.28127700090408325, -0.06780507415533066, -0.06462983042001724
19749.998994875, -9.145980834960938, 0.00898102631326765, -2.2724247613549236, 0.3022194504737854, -0.07382434606552124, -0.0806761085987091
19750.009049875, -8.920549036860466, -0.09026258866069839, -2.0216958618164065, 0.30808985233306885, -0.059788960963487625, -0.07744196802377701
19750.019105875002, -8.795709228515625, -0.2002837903832551, -1.9040402349829675, 0.3029886782169342, -0.028460372239351273, -0.06372151523828506
19750.029160875, -8.792865142822267, -0.32572295317891986, -1.7919236755371095, 0.2897985577583313, -0.009748203679919243, -0.0495404489338398
19750.039215875, -8.868905843496323, -0.4531080527842278, -1.7935699591040613, 0.26542747020721436, 0.0012216833420097828, -0.03660538047552109
19750.049270875003, -8.953031489253044, -0.4453242318844423, -1.9113755670189858, 0.24216341972351074, -0.013928240165114403, -0.02884918823838234
19750.059326875, -8.968300323486329, -0.4011660592770204, -2.169438629150391, 0.2360844761133194, -0.036530304700136185, -0.02373046986758709
19750.069381875, -8.961565500497818, -0.33275831163162367, -2.5185133105516435, 0.2563343346118927, -0.04522206634283066, -0.020873697474598885
19750.079436875003, -8.947942657470703, -0.2564170572208241, -2.896776123046875, 0.29974204301834106, -0.05682643875479698, -0.018938232213258743
19750.089491875002, -8.887618103027345, -0.23845441987272353, -3.094814592897892, 0.3694510757923126, -0.09148188680410385, -0.008407562039792538
19750.099547875, -8.800049616694452, -0.2662965219235048, -3.2084280395507814, 0.44880110025405884, -0.08266809582710266, 0.01375050749629736
19750.109602875, -8.738527552485467, -0.2794691430497915, -3.1793887200951576, 0.5217632055282593, -0.06176680698990822, 0.04362984001636505
19750.119657875002, -8.74616109251976, -0.33679990480653943, -2.9556037902832033, 0.5694684982299805, -0.05697203427553177, 0.08206240087747574
19750.129712875, -8.829389190673828, -0.3829040399193764, -2.6135650634765626, 0.5873287320137024, -0.06519667059183121, 0.11853838711977005
19750.139768875, -8.95168370604515, -0.4451745294593275, -2.3933726629614833, 0.582531750202179, -0.07880200445652008, 0.15201859176158905
19750.149823875003, -9.094935811758042, -0.3809580865502358, -2.2311100897192957, 0.557199239730835, -0.09441106021404266, 0.17588397860527039
19750.159878875, -9.22920834839344, -0.25506987243890766, -2.2053642144799235, 0.5359635353088379, -0.0846080482006073, 0.19049541652202606
19750.169933875, -9.385183410644531, -0.16600508362054825, -2.330354296267033, 0.5174068808555603, -0.04294874891638756, 0.19055986404418945
19750.179989875, -9.509575322270393, -0.06840803772211075, -2.4246581903100015, 0.5096961259841919, -0.030160430818796158, 0.17947471141815186
19750.190044875002, -9.676029764413833, -0.049547258913517, -2.555785509645939, 0.5264149308204651, -0.04833144694566727, 0.15789538621902466
19750.200099875, -9.741293461918831, 0.02933869689702988, -2.924918187260628, 0.5757989287376404, -0.013533128425478935, 0.14176703989505768
19750.210154875, -9.643696416020394, 0.2366575567983091, -3.278632634282112, 0.6425377726554871, 0.03645120561122894, 0.13294585049152374
19750.22021125, -9.5688508862257, 0.2986287328507751, -3.378025360107422, 0.7117931246757507, 0.05903766304254532, 0.12967418134212494
19750.23026625, -9.54624788939953, 0.2751275854278356, -3.4127534356713296, 0.7709501385688782, 0.103892482817173, 0.13935236632823944
19750.24032125, -9.492509053945541, 0.3406912542320788, -3.289259656369686, 0.7998231649398804, 0.13448698818683624, 0.16808956861495972
19750.250376250002, -9.47514633178711, 0.16899829158559443, -3.0569433465600016, 0.8128239512443542, 0.15110857784748077, 0.2088995724916458
19750.26043225, -9.516759211421013, 0.18666156976483764, -2.8719277954101563, 0.7926235795021057, 0.08347176015377045, 0.2575787603855133
19750.27048725, -9.617949371337891, 0.31554352174513045, -2.8409422302246097, 0.7688980102539062, -0.033405594527721405, 0.3065444231033325
19750.280542250002, -9.703271942138672, 0.47915331174619497, -2.9535084405541423, 0.7517504692077637, -0.1430647075176239, 0.34558290243148804
19750.29059725, -9.942923583984376, 0.598155835568905, -3.1753468322753906, 0.7777490019798279, -0.19092437624931335, 0.3657694160938263
19750.30065325, -10.349179941415787, 0.5201680120825768, -3.4488287097215653, 0.8330621123313904, -0.1866944134235382, 0.344066858291626
19750.310708250003, -10.761122131347657, 0.3848493994306773, -3.5956727600097658, 0.9125252366065979, -0.1612953096628189, 0.27847081422805786
19750.32076325, -10.937005793452263, 0.32183047542348503, -3.570824432373047, 0.9917185306549072, -0.14098510146141052, 0.19760356843471527
19750.33081825, -10.898685480952263, 0.3198845311906189, -3.367247772216797, 1.058769702911377, -0.11552740633487701, 0.12015512585639954
19750.34087425, -10.694659169912338, 0.1863622105959803, -2.9788049572706226, 1.0962011814117432, -0.07468636333942413, 0.07172086834907532
19750.350929250002, -10.37612274169922, -0.062270791037008166, -2.408940582275391, 1.0876518487930298, -0.013427000492811203, 0.06156091019511223
19750.36098425, -10.055937983393669, -0.2442922480031848, -1.8450625866651535, 1.0194530487060547, 0.09966990351676941, 0.07810566574335098
19750.37103925, -9.897717590332032, -0.3394942560978234, -1.414109344482422, 0.876953661441803, 0.20881982147693634, 0.09049149602651596
19750.381095250003, -9.898914515376092, -0.37182705631479623, -1.1874806213378908, 0.6787612438201904, 0.22966362535953522, 0.08908086270093918
19750.39115025, -9.797874628901482, -0.15238339176401497, -1.4599135082960129, 0.47119927406311035, 0.12742726504802704, 0.08178219944238663
19750.40120525, -9.459129638671875, 0.26988847106695174, -2.2082080078125, 0.32766273617744446, -0.029310045763850212, 0.08777572959661484
19750.411260250003, -9.007518183588981, 0.6239022772572935, -3.2260916009545326, 0.2876996099948883, -0.18767811357975006, 0.11261530220508575
19750.421316250002, -8.614585876464844, 0.7541315373592079, -4.0742276000976565, 0.35503119230270386, -0.2712725102901459, 0.14374549686908722
19750.43137125, -8.40247754395008, 0.7081770270131529, -4.568500340580941, 0.4854866564273834, -0.26093733310699463, 0.17581234872341156
19750.44142625, -8.405771280527116, 0.48379363467916847, -4.315077044069767, 0.5977847576141357, -0.1906837671995163, 0.1897929161787033
19750.451482250002, -8.697362569570542, 0.07963418014347554, -3.6471653875708583, 0.6528480052947998, -0.06167091429233551, 0.17576204240322113
19750.46153725, -9.135203247070313, -0.2857560053654015, -2.802023162841797, 0.6154158115386963, 0.05645760893821716, 0.13590006530284882
19750.47159225, -9.41766703248024, -0.4930748835392297, -1.9107768121361735, 0.4748820960521698, 0.11893963068723679, 0.09677902609109879
19750.481647250002, -9.45478808104992, -0.4863389459252358, -1.3386665216088296, 0.2690172791481018, 0.12385885417461395, 0.07471053302288055
19750.49170325, -9.301657104492188, -0.2874025995656848, -1.2840295538306237, 0.050239384174346924, 0.10693153738975525, 0.07339412719011307
19750.50175825, -9.147477137446405, -0.03682366283610463, -1.7419273504614832, -0.11924726516008377, 0.07277780771255493, 0.08999849110841751
19750.511813250003, -9.057514801025391, 0.20297759464010598, -2.505490099489689, -0.18955418467521667, 0.035183027386665344, 0.10656201839447021
19750.52186825, -9.011111297607423, 0.3534147589467466, -3.310216369628906, -0.1476123332977295, 0.05340186879038811, 0.10674770921468735
19750.53192425, -9.080866241455078, 0.41508658496662976, -3.872447204589844, -0.05525365099310875, 0.0877036526799202, 0.09963121265172958
19750.54197925, -9.178163325190544, 0.2850070501305163, -3.6715646490454676, 0.034418247640132904, 0.1650862842798233, 0.06698790192604065
19750.552034250002, -9.39760757446289, -0.038619945757091045, -3.5637890625, 0.12513695657253265, 0.2881685197353363, 0.026859654113650322
19750.56208925, -9.568103027343751, -0.20926508735865357, -3.3413516235351564, 0.1898534893989563, 0.3580121695995331, -0.023408222943544388
19750.57214525, -9.536668395996093, -0.1913024774193764, -2.9331504821777346, 0.20630116760730743, 0.32177507877349854, -0.05463271960616112
19750.582200250003, -9.215435816645623, -0.1854645990394056, -2.4915681713819504, 0.17101320624351501, 0.2716502249240875, -0.05369158834218979
19750.59225525, -8.940158259272575, -0.2956354792043567, -2.240839564204216, 0.10459262132644653, 0.2354530692100525, -0.021433250978589058
19750.60231025, -8.815617828369142, -0.48095015197992325, -2.059716796875, 0.026100249961018562, 0.1626378744840622, 0.0171892698854208
19750.61236625, -8.69421852171421, -0.530796459428966, -1.9529884466528893, -0.0665588453412056, 0.08364133536815643, 0.06709610670804977
19750.622421250002, -8.529262720942498, -0.3682345452904701, -1.9736457824707032, -0.1570199429988861, 0.0016727400943636894, 0.11783970892429352
19750.63247625, -8.49318832397461, -0.14609641981311144, -2.172581799924374, -0.21475008130073547, -0.056935179978609085, 0.1531660109758377
19750.64253225, -8.70828984618187, -0.005239342767745256, -2.484084027707577, -0.22950364649295807, -0.08919600397348404, 0.1532754749059677
19750.652587250002, -9.032217407226563, 0.014220181787386538, -2.7104136657714846, -0.21253958344459534, -0.10773134231567383, 0.1151464581489563
19750.66264225, -9.365725046396255, -0.010328832361847163, -2.8541148376464847, -0.17040389776229858, -0.08692844212055206, 0.04082038626074791
19750.67269725, -9.54026092529297, -0.034278954584151505, -2.9526103082299233, -0.12234342843294144, -0.03851430118083954, -0.044241245836019516
19750.682753250003, -9.541158472895622, -0.050894420854747296, -2.8298649725317957, -0.09440043568611145, -0.0166154932230711, -0.12114452570676804
19750.69280825, -9.38174057006836, -0.04909817447885871, -2.583028856813908, -0.09758637845516205, -0.0324983187019825, -0.1717911958694458
19750.70286325, -9.111402740478516, -0.03263244261033833, -2.3453228759765627, -0.13062459230422974, -0.06312932819128036, -0.18603526055812836
19750.712918250003, -8.85438603758812, -0.06092357427813113, -2.0868101629614833, -0.18937818706035614, -0.12181101739406586, -0.16286522150039673
19750.722974250002, -8.674909261465073, -0.024848592588678005, -1.8309921392798425, -0.26131772994995117, -0.1880529224872589, -0.11845380812883377
19750.73302925, -8.653355255126954, 0.02769213010556996, -1.6943266296386719, -0.33575600385665894, -0.23397675156593323, -0.07256727665662766
19750.74308425, -8.792416076660157, 0.1130147465877235, -1.6393911615014076, -0.4051946699619293, -0.25708460807800293, -0.03904349356889725
19750.753139250002, -9.122928771972656, 0.1685492162872106, -1.7030088678002357, -0.4558461308479309, -0.2642887532711029, -0.041680824011564255
19750.76319525, -9.505982208251954, 0.19160129754804076, -1.8044972357153894, -0.4850776493549347, -0.26465606689453125, -0.07577117532491684
19750.77325025, -9.767638092041016, 0.20612114913761617, -1.8959570440649987, -0.5006886124610901, -0.2590586245059967, -0.13031084835529327
19750.783305250003, -9.88708852171898, 0.17738087821751833, -2.021395899653435, -0.5063478946685791, -0.23585370182991028, -0.18388208746910095
19750.793361250002, -9.843829066157342, 0.15328100332058966, -2.0534301629662517, -0.5089849233627319, -0.21773621439933777, -0.22441193461418152
19750.80341625, -9.706115443110466, 0.11301472831517459, -2.0080738958716395, -0.5366619229316711, -0.22275489568710327, -0.23961089551448822
19750.81347125, -9.56061800658703, 0.14160522828809918, -1.8019525274634363, -0.5921289324760437, -0.24572360515594482, -0.22977423667907715
19750.823526250002, -9.49340835571289, 0.18471563466824592, -1.6712745666503908, -0.6645012497901917, -0.26380348205566406, -0.2141818106174469
19750.83358225, -9.561816685795785, 0.18082367311231792, -1.5489794665575027, -0.7525160312652588, -0.2691386044025421, -0.2055736780166626
19750.84363725, -9.756711984872819, 0.2029776129126549, -1.569785614013672, -0.8391969203948975, -0.24331435561180115, -0.222080796957016
19750.853692250002, -10.10503646850586, 0.26405061095952986, -1.7116902288794518, -0.9064622521400452, -0.2566693127155304, -0.27017268538475037
19750.86374725, -10.413394648432732, 0.1429524724557996, -2.018851191401482, -0.9339559078216553, -0.22456592321395874, -0.3356812596321106
19750.87380325, -10.534641927480699, 0.051193286664783955, -2.3490645092725755, -0.9491705894470215, -0.23511655628681183, -0.3897348940372467
19750.883858250003, -10.405760523676873, 0.10912282157689333, -2.547402356564999, -0.9203711152076721, -0.18892519176006317, -0.4200371205806732
19750.89391325, -10.302325617671013, 0.14519780326634646, -2.994073499143124, -0.8746272921562195, -0.1548364758491516, -0.42012473940849304
19750.90396825, -10.264904022216797, 0.014220154378563166, -2.9752130126953125, -0.8211088180541992, -0.14711785316467285, -0.3966233432292938
19750.91402425, -10.3895947265625, -0.2531239007972181, -2.8071128717064857, -0.7799778580665588, -0.23112300038337708, -0.3499804735183716
19750.924079250002, -10.265651296377182, -0.30297022651880984, -2.674637769162655, -0.7564271688461304, -0.2058238685131073, -0.25901782512664795
19750.93413425, -10.265951258540154, -0.3106043695472181, -2.769241186827421, -0.7390846610069275, -0.20097798109054565, -0.17652852833271027
19750.94419025, -10.31175717651844, -0.1757348687388003, -2.538571452945471, -0.7448666095733643, -0.15545359253883362, -0.12213027477264404
19750.954245250003, -10.808874002695084, -0.27647537777200343, -2.2519175527989868, -0.7882476449012756, -0.18748502433300018, -0.09254894405603409
19750.96430025, -11.06154739379883, -0.2411488031409681, -1.7304013189673424, -0.8605512976646423, -0.23043783009052277, -0.09064969420433044
19750.97435525, -10.917396571040154, -0.16331066837534308, -1.382974090576172, -0.9785865545272827, -0.2685282230377197, -0.07476713508367538
19750.98441125, -10.461145935058594, 0.0013469243980944157, -1.2570861688256265, -1.0950052738189697, -0.2090674489736557, -0.049938928335905075
19750.994466250002, -10.254575500488281, 0.06286897033452989, -1.22385498046875, -1.2038224935531616, -0.11727441847324371, -0.034052107483148575
19751.00452125, -10.165661569833755, 0.19624159307219088, -1.5476322680711747, -1.2577385902404785, 0.0175534188747406, -0.046541739255189896
19751.01457625, -10.318342895507813, 0.27108598996885125, -2.140249620974064, -1.254852294921875, 0.1050553023815155, -0.10887861996889114
19751.024632250002, -10.628497340083122, 0.21165957698598506, -2.803220526427031, -1.165942907333374, 0.14880941808223724, -0.2100006490945816
19751.03468725, -10.862012329101564, 0.07244904845952987, -3.6898271115124226, -1.0069679021835327, 0.2020910084247589, -0.32112932205200195
19751.04474225, -10.696006953120232, 0.019908307492733004, -4.381388562619686, -0.811733067035675, 0.2542899549007416, -0.4012196362018585
19751.054798250003, -10.132579193115236, 0.12379230706952513, -4.597239844053984, -0.6422372460365295, 0.21073530614376068, -0.41736239194869995
19751.06485325, -9.349107844233513, 0.2980299688316882, -4.319118200987577, -0.5410504937171936, 0.14804552495479584, -0.36278435587882996
19751.07490825, -8.719068603515625, 0.452209332883358, -3.9709425289928917, -0.5215838551521301, 0.10807254165410995, -0.25662437081336975
19751.08496325, -8.55620786011219, 0.5134320013783873, -3.5435816699266436, -0.5592516660690308, 0.05725044757127762, -0.156101256608963
19751.095019250002, -8.888665924072265, 0.4385876775719226, -3.317102343142033, -0.6094194650650024, 0.000836704857647419, -0.10359091311693192
19751.10507425, -9.38084243774414, 0.30267033744603394, -3.3287780633568764, -0.6442179679870605, -0.04608043655753136, -0.1049400120973587
19751.11512925, -9.730067392587662, 0.22857434760779144, -3.4712817254662514, -0.6445788741111755, -0.04243030771613121, -0.14202213287353516
19751.125184250002, -9.782756652832031, 0.21749743709340694, -3.7116815185546876, -0.59737628698349, -0.013802798464894295, -0.19310970604419708
19751.13524025, -9.518854853510858, 0.26075749564915895, -3.8076319885253906, -0.5162995457649231, 0.013525495305657387, -0.23444409668445587
19751.14529525, -9.063202387690545, 0.346828473508358, -3.7577853521704676, -0.42426836490631104, 0.032464031130075455, -0.2504553496837616
19751.155350250003, -8.53270556151867, 0.39427983451634646, -3.451073455810547, -0.3373270630836487, 0.02430863119661808, -0.23106329143047333
19751.165406250002, -8.124505004882813, 0.3736227545142174, -2.959495989382267, -0.2800026834011078, 0.009664603509008884, -0.18684948980808258
19751.17546125, -7.9168867492675785, 0.21180922916159034, -2.339035949707031, -0.2703242301940918, -0.009808962233364582, -0.12993347644805908
19751.18551625, -7.892487487792969, 0.05658202579244972, -1.663191375732422, -0.30076074600219727, -0.023674197494983673, -0.07464202493429184
19751.195571250002, -7.976162313222885, -0.11091959785670043, -1.2148736572265626, -0.36395835876464844, -0.032481007277965546, -0.021591322496533394
19751.20562725, -8.072264226078987, -0.10732714165002108, -0.9253759637475014, -0.45735692977905273, -0.09988407790660858, 0.010142428800463676
19751.21568225, -8.310866877436638, 0.102536481320858, -0.7607185171544553, -0.5518054366111755, -0.2103850394487381, 0.022457685321569443
19751.225736625, -8.607849884033204, 0.25536868343129754, -0.9821078427135945, -0.6091333627700806, -0.29222121834754944, 0.0021808138117194176
19751.235791625, -8.902436701655388, 0.3457806159183383, -1.422940832823515, -0.6033231616020203, -0.29367634654045105, -0.04103882983326912
19751.245847625, -9.164841613769532, 0.31045409610494973, -1.9478991763293745, -0.5296780467033386, -0.2285529375076294, -0.10471285134553909
19751.255902625002, -9.317823486328125, 0.16480700740590692, -2.2094053713977337, -0.40748319029808044, -0.18568749725818634, -0.17484426498413086
19751.265957625, -9.28594095826149, 0.10747620910406114, -2.2908364740014076, -0.26620253920555115, -0.12327846139669418, -0.230006605386734
19751.276013625, -9.169781341552735, 0.10942216247320176, -2.193688201904297, -0.15386667847633362, -0.06755474954843521, -0.2559039890766144
19751.286068625002, -8.95662401854992, 0.06526400813832879, -1.6814533996582033, -0.09077823162078857, -0.06842111051082611, -0.23942440748214722
19751.296123625, -8.743616968989373, 0.06331803649663925, -1.0154885736107826, -0.0980001911520958, -0.09845197200775146, -0.19199617207050323
19751.306178625, -8.643324941396713, 0.120798560064286, -0.46223891571164133, -0.15849021077156067, -0.1211518943309784, -0.1290104240179062
19751.316234625003, -8.78538070678711, 0.09026202449575067, -0.11750549957156183, -0.2514800727367401, -0.1538025140762329, -0.07635227590799332
19751.326289625, -9.107510833740236, 0.05059447696432472, 0.023501129150390626, -0.3401390314102173, -0.19661325216293335, -0.04530949890613556
19751.336344625, -9.433683725595476, -0.03847033012658358, -0.17917798340320587, -0.3972236216068268, -0.18168437480926514, -0.027520647272467613
19751.346400625, -9.675878321528435, -0.09819611141458154, -0.49277541473507885, -0.4329964816570282, -0.18038833141326904, -0.041277237236499786
19751.356455625002, -9.983189265131951, -0.15178463688120247, -0.8373588497936726, -0.41974937915802, -0.213470920920372, -0.07617662847042084
19751.366510625, -10.090665766596794, -0.026495177652686837, -1.370400091856718, -0.37684518098831177, -0.21475112438201904, -0.11385364085435867
19751.376565625, -10.01402572631836, 0.11780469428747893, -1.8547927920520306, -0.30556991696357727, -0.22642721235752106, -0.1349370777606964
19751.386621625003, -9.802066497802734, 0.2317178838327527, -2.0483407464623453, -0.23526372015476227, -0.2541380226612091, -0.13456258177757263
19751.396676625, -9.588309835195542, 0.376915942914784, -2.1088144049048423, -0.1801469326019287, -0.31073471903800964, -0.11799134314060211
19751.406731625, -9.566305008530618, 0.41912816215306525, -1.9877163760364056, -0.1318553388118744, -0.38101479411125183, -0.09634178876876831
19751.416786625003, -9.617799097895622, 0.32916518619284035, -1.770518334656954, -0.11814458668231964, -0.4320926368236542, -0.07548417896032333
19751.426842625002, -9.823322296142578, 0.23965136775746942, -1.504820855408907, -0.12103843688964844, -0.47066473960876465, -0.06746019423007965
19751.436897625, -10.13332763671875, 0.11406251281499863, -1.3171113458275796, -0.12810832262039185, -0.4290209114551544, -0.08123113214969635
19751.446952625, -10.44587710082531, -0.12035000553354622, -1.289568328857422, -0.1461777240037918, -0.3597194254398346, -0.10391975939273834
19751.457008625002, -10.664572321772576, -0.23426312198862434, -1.12805419921875, -0.19637484848499298, -0.32570579648017883, -0.14081013202667236
19751.467063625, -10.721303762197495, -0.18157269230112436, -1.1540998904407025, -0.22472940385341644, -0.2790452539920807, -0.17593766748905182
19751.477118625, -10.556497650146484, -0.058378820344805724, -1.6049626095592977, -0.24154913425445557, -0.1586969941854477, -0.19248734414577484
19751.487173625002, -10.426268463134766, 0.012723321989178658, -1.851200408935547, -0.24370194971561432, -0.18216927349567413, -0.2137487530708313
19751.497229625, -10.35890736937523, 0.029638074338436127, -2.046095123291016, -0.21117275953292847, -0.21584734320640564, -0.22412070631980896
19751.507284625, -10.148744405508042, 0.19414601493626835, -2.50908219024539, -0.16242605447769165, -0.1980695277452469, -0.2236710786819458
19751.517339625003, -9.943222961425782, 0.24444142509251834, -2.6774822933971882, -0.10038585960865021, -0.20116464793682098, -0.20720261335372925
19751.527395625002, -10.064621683359146, 0.001945587918162346, -2.6610165341198444, -0.019204508513212204, -0.2592911422252655, -0.20398452877998352
19751.537450625, -10.260861842036247, -0.2546206966415048, -2.608775024414063, 0.07734999060630798, -0.2802286744117737, -0.20292246341705322
19751.547505625, -10.297087097167969, -0.37512026298791173, -2.5011488342285157, 0.15701943635940552, -0.21925006806850433, -0.1989099681377411
19751.557560625002, -10.299332427978516, -0.5632789118215442, -2.0579208245873453, 0.1892700493335724, -0.15766605734825134, -0.19660313427448273
19751.567616625, -10.453511810302734, -0.8445440545678139, -1.478475640565157, 0.1841576248407364, -0.130645751953125, -0.19269044697284698
19751.577671625, -10.640022786855699, -1.058449126817286, -1.065035540163517, 0.1567571461200714, -0.09669391810894012, -0.1773059070110321
19751.587726625003, -10.701246643066407, -1.1082956535369157, -0.7460490225255489, 0.09748171269893646, -0.03780922293663025, -0.14118677377700806
19751.597781625, -10.71816146850586, -1.108894262239337, -0.4638853454589844, 0.008710303343832493, 0.026397723704576492, -0.09773409366607666
19751.607837625, -10.762918395996094, -0.9747732781246305, -0.39188521698117257, -0.10502485185861588, 0.09083400666713715, -0.06374215334653854
19751.617892625, -10.822795053720474, -0.6918615594506264, -0.5903728991746903, -0.22277118265628815, 0.14363092184066772, -0.048400215804576874
19751.627947625002, -10.85782046020031, -0.3192862970754504, -1.0743159484863283, -0.3256106674671173, 0.15618151426315308, -0.0627087950706482
19751.638003625, -10.812763570547105, 0.010477954633533956, -1.7101936340332031, -0.3861403167247772, 0.11569880694150925, -0.10214515030384064
19751.648058625, -10.642568664550781, 0.18336835395544768, -2.4722587649524215, -0.36954814195632935, 0.07721801102161407, -0.14719559252262115
19751.658113625002, -10.362201105952263, 0.10448243468999863, -3.2870144717395307, -0.27028653025627136, 0.08954844623804092, -0.1725805699825287
19751.668168625, -10.001002222895623, -0.1790279657766223, -3.7410206539928916, -0.12802544236183167, 0.14272671937942505, -0.161291241645813
19751.678224625, -9.565258941650391, -0.4104467645287514, -3.6634817504882813, -0.020057428628206253, 0.19682404398918152, -0.11897439509630203
19751.688279625003, -9.255252431631089, -0.5357362603023649, -3.213816833496094, 0.022705281153321266, 0.2240564376115799, -0.05626269429922104
19751.698334625, -9.095684255361558, -0.7310799677297474, -2.637215735167265, 0.002963534090667963, 0.20137162506580353, 0.02147231623530388
19751.708390625, -8.97129409790039, -0.8030802789330483, -2.127376244813204, -0.06996016204357147, 0.16416214406490326, 0.10123305767774582
19751.718445625, -8.908572769761086, -0.7200028562173247, -1.9540362676978111, -0.16331247985363007, 0.16602182388305664, 0.1705777794122696
19751.728500625002, -8.983718261718751, -0.6099818292260171, -2.032323760986328, -0.24500665068626404, 0.16802974045276642, 0.2204379141330719
19751.738555625, -9.062903594970704, -0.45400618225336076, -2.154769280701876, -0.3193855285644531, 0.12169260531663895, 0.24685807526111603
19751.748611625, -9.139244842529298, -0.2947373103350401, -2.4249574215710163, -0.34376174211502075, 0.10816635936498642, 0.24129624664783478
19751.758666625003, -9.252258657217027, -0.15328154236078262, -2.9322520574927333, -0.31265923380851746, 0.12518927454948425, 0.20974524319171906
19751.768721625, -9.32650484740734, -0.06182169746607542, -3.301385027468205, -0.2253422737121582, 0.12750402092933655, 0.15740790963172913
19751.778777625, -9.260941187739373, 0.019159900434315206, -3.4801132138073445, -0.1077653095126152, 0.11434854567050934, 0.09760715067386627
19751.788832625, -9.016650949716569, 0.06286889724433423, -3.433560167849064, 0.021664297208189964, 0.1129133328795433, 0.05032806470990181
19751.798887625002, -8.650361480712892, 0.07319756515324116, -3.0756545828282835, 0.1286943405866623, 0.11801941692829132, 0.026048023253679276
19751.808942625, -8.33017672240734, -0.026345470659434798, -2.452649542540312, 0.1871439814567566, 0.1266482174396515, 0.02452666126191616
19751.818998625, -8.144413020014763, -0.21195944778621198, -1.64927017852664, 0.17977476119995117, 0.11752448230981827, 0.03564988449215889
19751.829053625002, -8.096812591552736, -0.4123926448076964, -0.8979830740392208, 0.10659913718700409, 0.11434508115053177, 0.05623236298561096
19751.839108625, -8.124204457998276, -0.5224138179793955, -0.4007165591418743, -0.016950763761997223, 0.11396584659814835, 0.07615546882152557
19751.849163625, -8.238567225337029, -0.5348380183428526, -0.4073034475743771, -0.1276339888572693, 0.1000581830739975, 0.085301473736763
19751.859219625003, -8.325686060786248, -0.35536124221980575, -0.5894741821289062, -0.23422594368457794, 0.028976816684007645, 0.08806929737329483
19751.869274625, -8.322392908930778, -0.12109843086451293, -1.011746063232422, -0.2950986921787262, -0.0018810196779668331, 0.09281051158905029
19751.879329625, -8.37343617796898, 0.0655633307620883, -1.6651373291015625, -0.32168635725975037, -0.08460173010826111, 0.0782502144575119
19751.889385625, -8.397088165283204, 0.08158009696751833, -2.0016374270617963, -0.2710498869419098, -0.13113844394683838, 0.0716635137796402
19751.899440625002, -8.374932480454445, 0.1691480716690421, -2.5846751403808597, -0.1845831722021103, -0.12315402179956436, 0.06528391689062119
19751.909495625, -8.3888541162014, 0.19070324745029213, -2.7256819152832032, -0.07917462289333344, -0.09507124125957489, 0.05656013265252113
19751.919550625, -8.416995010972023, 0.20118142135441305, -2.4595352236926558, -0.016051847487688065, -0.09417614340782166, 0.04777117073535919
19751.929606625003, -8.465495325922966, 0.21944333564490082, -1.9029929986596108, -0.0023877867497503757, -0.12042951583862305, 0.05058261752128601
19751.939661625, -8.53554964721203, 0.30790933303534984, -1.3650114440917969, -0.03970373421907425, -0.14313162863254547, 0.05810258537530899
19751.949716625, -8.779993082284928, 0.3089572271704674, -0.8857084527611733, -0.11540988087654114, -0.15590813755989075, 0.0524045005440712
19751.959772625, -9.176217956542969, 0.17094415359199047, -0.6185139401257038, -0.19638089835643768, -0.15142443776130676, 0.02209399826824665
19751.969827625002, -9.50792757689953, 0.07319754688069224, -0.5138813781738282, -0.28043031692504883, -0.16413575410842896, -0.02613539807498455
19751.979882625, -9.61480532348156, 0.06241990417242051, -0.4887339654564858, -0.35396578907966614, -0.1542477160692215, -0.07511625438928604
19751.989937625, -9.555979410409927, 0.10478177558630705, -0.6755454888939858, -0.4067091941833496, -0.15482832491397858, -0.12223637104034424
19751.999993625002, -9.481135050058365, 0.09430352859199048, -0.974474156498909, -0.40598323941230774, -0.1431833952665329, -0.15392638742923737
19752.010048625, -9.303750992417337, 0.06077336478978396, -1.3739927673339845, -0.3726944923400879, -0.10990817099809647, -0.1568041294813156
19752.020103625, -9.07951787352562, 0.027692157514393332, -1.5085626348853112, -0.3407416045665741, -0.07913187891244888, -0.13279280066490173
19752.030159625003, -8.98850713133812, 0.01721394706517458, -1.474434191286564, -0.3311902582645416, -0.051215171813964844, -0.09058238565921783
19752.040214625, -9.065897369384766, -0.02829149711877108, -1.423988800048828, -0.33933794498443604, -0.043634217232465744, -0.04661599546670914
19752.050269625, -9.298663330078126, -0.12229594063013792, -1.39958968475461, -0.35937291383743286, -0.02870955877006054, -0.012778869830071926
19752.060324625003, -9.707314707040787, -0.23456251770257952, -1.602567736208439, -0.35053229331970215, 0.03423665091395378, -0.007523121777921915
19752.070380625002, -10.153235067129136, -0.3002757930010557, -1.9568807919323445, -0.33083465695381165, 0.06275911629199982, -0.02441934123635292
19752.080435625, -10.476562703847886, -0.3305128780379892, -2.2489236322045327, -0.2784588038921356, 0.08830788731575012, -0.056278202682733536
19752.090490625, -10.601403681635857, -0.23052092224359513, -2.6466467092931274, -0.20944535732269287, 0.07810865342617035, -0.0818096175789833
19752.100546625003, -10.592122980952263, -0.097447649538517, -2.7587632687389854, -0.13299745321273804, 0.010049976408481598, -0.08387836813926697
19752.110601625, -10.49692153930664, 0.011675427854061128, -2.6445506286621097, -0.06500937044620514, -0.07381017506122589, -0.05090288072824478
19752.120656625, -10.448122431635857, -0.06167211838066578, -2.214495080262423, -0.03653751313686371, -0.10968907922506332, 0.018767010420560837
19752.130711625003, -10.467582550048828, -0.34203901916742324, -1.5280227532982826, -0.08958528190851212, -0.0625748336315155, 0.10965936630964279
19752.140767625002, -10.544823099374772, -0.39053812813013794, -0.7888598504662514, -0.24179425835609436, -0.03534986823797226, 0.1854017972946167
19752.150822625, -10.93326416015625, -0.524509496614337, -0.31674133300781254, -0.41952598094940186, -0.1106511577963829, 0.2276710569858551
19752.160877625, -11.265423431396485, -0.29413868336007, -0.41838012054562573, -0.5553997159004211, -0.1975487768650055, 0.23795698583126068
19752.170933625002, -11.505374450683595, 0.03637404849752784, -1.1449694631993772, -0.6053961515426636, -0.1611579805612564, 0.2245156168937683
19752.180988625, -11.6541650390625, 0.2899467779137194, -1.9157165399193765, -0.5814050436019897, -0.059997014701366425, 0.18221955001354218
19752.191043625, -11.752059708237649, 0.3005746405385435, -2.3022128167748455, -0.5171472430229187, 0.04674673452973366, 0.10609157383441925
19752.201098625002, -11.824810180664063, 0.29129389417357743, -2.5896148681640625, -0.43002355098724365, 0.13476979732513428, 3.251619637012482e-05
19752.211154625, -11.640243403315544, 0.3429366033151746, -2.7312206903100016, -0.3203873634338379, 0.16574417054653168, -0.11700817197561264
19752.221209625, -11.296110788583755, 0.3600011083390564, -2.762206547856331, -0.20100930333137512, 0.21342115104198456, -0.22164510190486908
19752.231264625003, -10.923533808588981, 0.16525609184056522, -2.753524163514376, -0.0982569083571434, 0.28860074281692505, -0.2782323956489563
19752.241320625002, -10.470276947021485, -0.22917377857491375, -2.4758515866100788, -0.03845030069351196, 0.33949190378189087, -0.27149698138237
19752.251375625, -9.783803889155388, -0.3962263360619545, -2.050436388552189, -0.04055756703019142, 0.35111305117607117, -0.19853456318378448
19752.261430625, -8.98252133667469, -0.19863724300637842, -1.5649963058531284, -0.11916103214025497, 0.33385950326919556, -0.0661429762840271
19752.271485625002, -8.470434468984605, 0.1323245550133288, -1.3440547308325768, -0.2583650052547455, 0.3726954460144043, 0.08801325410604477
19752.281541625, -8.608000157475471, 0.3255727117136121, -1.5060189498960972, -0.3947175443172455, 0.3721018135547638, 0.1943330317735672
19752.291596625, -9.19927118897438, 0.44128211108967663, -1.9321824453771115, -0.4961370527744293, 0.3276039659976959, 0.22331035137176514
19752.301651625003, -9.868677978515626, 0.5709124975372106, -2.625989227294922, -0.5212194919586182, 0.30537644028663635, 0.1792062669992447
19752.311707625002, -10.1707486474514, 0.6770417731069028, -3.3516802914440635, -0.46898049116134644, 0.3234058618545532, 0.10482132434844971
19752.321762625, -9.967921015620233, 0.8360112310387194, -3.8776864559948447, -0.351703405380249, 0.3769995868206024, 0.03635730966925621
19752.331817625, -9.41048080444336, 1.0135420263838024, -4.110302727967501, -0.2026987373828888, 0.4193873703479767, 0.005875684320926666
19752.341872625002, -8.689729614257812, 1.2145739874243737, -3.8779856872558596, -0.0739428922533989, 0.4374140501022339, 0.013706441968679428
19752.351928625, -8.041278076171876, 1.3287864904571325, -3.355871575623751, 0.01707031950354576, 0.4325062930583954, 0.050950247794389725
19752.361983625, -7.662266235351563, 1.2501999029517175, -2.5997938473522666, 0.03909998759627342, 0.40635591745376587, 0.1077117994427681
19752.372038625002, -7.625143432617188, 1.0301574287004769, -1.788929901123047, -0.03368265554308891, 0.37715792655944824, 0.15294934809207916
19752.382094625, -7.865093867182732, 0.8301733846357092, -1.1582914669811726, -0.16144675016403198, 0.3001963198184967, 0.17218457162380219
19752.392149625, -8.137826716303826, 0.6988963171932847, -0.7707470767199993, -0.3027162253856659, 0.17865385115146637, 0.16506986320018768
19752.402204625003, -8.370593261718751, 0.7339235252322397, -0.9026234243810177, -0.41947320103645325, 0.1099938377737999, 0.14213605225086212
19752.412259625, -8.441845092773438, 0.8952879804256373, -1.234183648377657, -0.49745699763298035, 0.043466418981552124, 0.11137698590755463
19752.422315625, -8.500522486567498, 0.922531297900714, -1.7055534298717976, -0.510978102684021, 0.0053299530409276485, 0.07811463624238968
19752.432370625, -8.530759023427963, 0.9343567068362609, -2.1893469366431235, -0.4741915166378021, -0.045065026730298996, 0.037988726049661636
19752.442425625002, -8.58090591430664, 1.0521617117570714, -2.487377910465002, -0.38853973150253296, -0.048431795090436935, -0.014223877340555191
19752.452481625, -8.646919809579849, 1.0996131047420203, -2.7120603878796103, -0.2812885642051697, -0.014813859015703201, -0.07127490639686584
19752.462536625, -8.70784194946289, 0.9812092901207508, -2.589166094362736, -0.175917387008667, 0.0007778843864798546, -0.12406541407108307
19752.472591625003, -8.671915487051011, 0.8854084038035944, -2.215692151486874, -0.09824587404727936, 0.024649424478411674, -0.16925664246082306
19752.482646625, -8.658743464350701, 0.7554787723906339, -1.8482066345214845, -0.05696740746498108, 0.06822513043880463, -0.1950749158859253
19752.492702625, -8.643624903559685, 0.626896081364248, -1.3213027761876583, -0.07565101236104965, 0.06284099072217941, -0.20817330479621887
19752.502757625, -8.622219416499139, 0.5875279775122181, -0.7336242739856244, -0.15256603062152863, 0.04451017826795578, -0.2012634575366974
19752.512812625002, -8.664581324458123, 0.585432349126786, -0.43050505310297016, -0.2726743817329407, 0.040807802230119705, -0.18229465186595917
19752.522868625, -8.788822962641717, 0.5757024886342698, -0.4005670166015625, -0.3864648640155792, 0.020995482802391052, -0.16213078796863556
19752.532923625, -8.99449526488781, 0.5487585097714327, -0.7367680294811726, -0.4586435556411743, 0.015064164064824581, -0.15102624893188477
19752.542978625002, -9.170378926992417, 0.634829581277445, -1.2907656924426556, -0.49086886644363403, 0.008245405741035938, -0.1473550796508789
19752.553033625, -9.432335357666016, 0.6381227765302174, -1.8269512747228147, -0.4678550064563751, -0.030348433181643486, -0.17001016438007355
19752.563089625, -9.687704315185547, 0.633033366878517, -2.3893315060436726, -0.39866766333580017, -0.04558251425623894, -0.19884712994098663
19752.573144625003, -9.706865640878679, 0.7324266500165686, -2.863395976871252, -0.3148419260978699, -0.0595502071082592, -0.21577498316764832
19752.583199625, -9.492509638667107, 0.8264311072323471, -2.789150225222111, -0.24171419441699982, -0.10734542459249496, -0.21038126945495605
19752.593255625, -9.28234667479992, 0.7655078390194103, -2.859503777772188, -0.16847346723079681, -0.12150797247886658, -0.16782453656196594
19752.603310625, -9.201067453622818, 0.7134162327367812, -2.7795704394578937, -0.09332546591758728, -0.104411281645298, -0.11627265065908432
19752.613365625002, -9.234596557617188, 0.5770496528595687, -2.6701473999023437, -0.04074646160006523, -0.11474715173244476, -0.054126959294080734
19752.623420625, -9.392367884516716, 0.42930694034323097, -2.4343879571557046, -0.004762894008308649, -0.09948563575744629, -0.002991336164996028
19752.633476625, -9.620943730473519, 0.42616348634473983, -2.339335911870003, 0.006493857130408287, -0.08951868861913681, 0.02707531861960888
19752.643531625003, -9.899962336421014, 0.5258562565594912, -2.15312255859375, -0.01695208065211773, -0.09147318452596664, 0.0291880052536726
19752.653586625, -10.232869466543198, 0.5596858252119273, -2.0712426821887493, -0.054437991231679916, -0.11850947141647339, 0.012950742617249489
19752.663642625, -10.402317098379136, 0.5090911198407412, -2.17557601287961, -0.06760146468877792, -0.14674776792526245, -0.0035928140860050917
19752.673697625, -10.390494028329849, 0.455502548692748, -2.5083341851830485, -0.039613276720047, -0.16142849624156952, -0.005527150817215443
19752.683752625002, -10.283464254140855, 0.4514609166886658, -2.7125090155005456, 0.006993374787271023, -0.19904164969921112, 0.020738808438181877
19752.693807625, -10.214757716059685, 0.36778490354307, -2.733016954958439, 0.08789819478988647, -0.1980937272310257, 0.06676232069730759
19752.703863625, -10.251282348632813, 0.2565662434464321, -2.7334660211205484, 0.159327894449234, -0.20271484553813934, 0.13102012872695923
19752.713918625002, -10.31909133911133, 0.20971356423106047, -2.3273605218529703, 0.1901409924030304, -0.16171905398368835, 0.1973503828048706
19752.723973625, -10.502010371088982, 0.258811455485411, -1.8003062438964845, 0.16191574931144714, -0.1352168768644333, 0.23802617192268372
19752.734029625, -10.901681009531021, 0.16061572322621942, -1.4635069146752357, 0.12853047251701355, -0.12784603238105774, 0.26032716035842896
19752.744084625003, -11.394904759526254, 0.027841803979827093, -1.338517125248909, 0.07541078329086304, -0.11645036190748215, 0.2638467848300934
19752.754139625, -11.759395624995232, -0.15911932937800885, -1.1698176446557045, -0.00038533209590241313, -0.06383179128170013, 0.24829189479351044
19752.764194625, -11.954441197514535, -0.2770741235185415, -1.3223507434129715, -0.11910265684127808, -0.01843607798218727, 0.23160000145435333
19752.774250625, -11.747870762944222, 0.024848071821033955, -1.5781687670946123, -0.26784688234329224, 0.03603101521730423, 0.2083452343940735
19752.784305625002, -11.605965270996094, 0.5210661261342466, -2.5402175903320314, -0.3553948402404785, 0.03922680765390396, 0.1670587807893753
19752.794360625, -11.564503249526025, 0.9369014470651746, -3.6281559433043005, -0.3672811686992645, -0.060143645852804184, 0.1038990169763565
19752.804416625, -11.449691416025162, 1.1617339055612683, -4.550986760258675, -0.28069007396698, -0.173469677567482, 0.0377223864197731
19752.814471625003, -11.106452840566636, 1.1259583378583193, -5.015619672238827, -0.1350918710231781, -0.2706957459449768, -0.027950748801231384
19752.824526625, -10.69495913207531, 0.7294328710343689, -4.931195964664221, 0.021205322816967964, -0.24300578236579895, -0.06600731611251831
19752.834581625, -10.254576669931412, 0.22752652656286956, -4.29022886261344, 0.12782752513885498, -0.16157548129558563, -0.08155201375484467
19752.844637625, -9.848170623779298, -0.22977248777635398, -3.381019426882267, 0.18225054442882538, -0.023746509104967117, -0.08381703495979309
19752.854692625002, -9.700876337885857, -0.4822973504662514, -2.772983697205782, 0.17394784092903137, 0.12482298910617828, -0.08602605015039444
19752.864747625, -9.676178283691407, -0.5626800929848105, -2.1209394836425783, 0.09458325058221817, 0.18989120423793793, -0.09957754611968994
19752.874803625, -9.709258906245232, -0.6030961206648499, -1.7420776239037514, -0.026496345177292824, 0.22645263373851776, -0.11026941984891891
19752.884858625002, -9.67707583129406, -0.6186638024356217, -1.7456698608398438, -0.14962919056415558, 0.2396874725818634, -0.12102379649877548
19752.894913625, -9.479637578129768, -0.5066966028045863, -1.9983451522886755, -0.2357209026813507, 0.23393473029136658, -0.12301404774188995
19752.904968625, -9.190588658452034, -0.3456315895775333, -2.4517521411180496, -0.26097753643989563, 0.2591753900051117, -0.10963726043701172
19752.915024625003, -8.905580164790154, -0.21285763035994024, -3.0008099301159383, -0.21597658097743988, 0.32018527388572693, -0.08772961050271988
19752.925079625, -8.642728525400162, -0.13696547637227924, -3.329526945501566, -0.1290949434041977, 0.3642086386680603, -0.07188086956739426
19752.935134625, -8.503815638422967, -0.15163499841000885, -3.433859399110079, 0.0027206391096115112, 0.4260060489177704, -0.06161483749747276
19752.945190625, -8.411157735586167, -0.2847082528425381, -3.378623968809843, 0.11496275663375854, 0.44945862889289856, -0.05304478481411934
19752.955245625002, -8.123007532954217, -0.2613568535260856, -2.862198320925236, 0.19876466691493988, 0.4035452604293823, -0.03490559384226799
19752.965300625, -7.988886439204216, -0.2680928139807657, -2.4173230044543743, 0.22297997772693634, 0.2867339551448822, -0.01285062450915575
19752.975355625, -7.867339782714844, -0.19294907847186551, -1.8380283862352371, 0.20950406789779663, 0.14691579341888428, 0.02405378967523575
19752.985411625003, -7.589667205810548, 0.023051827729213985, -1.4929953002929688, 0.1635538935661316, 0.09760896116495132, 0.07758891582489014
19752.995466625, -7.53757553100586, -0.016466088183224203, -1.1861334228515625, 0.09914294630289078, 0.07725841552019119, 0.13236720860004425
19753.005521625, -7.717351684570313, -0.16076589616946876, -0.9050180053710938, 0.027583276852965355, 0.04131719470024109, 0.17008796334266663
19753.015577625, -7.940686086416245, -0.1760341730900109, -0.7719447326660157, -0.04585879668593407, -0.002430704887956381, 0.19732873141765594
19753.025632625002, -8.085734456777573, -0.07858687986619771, -0.8405021667480469, -0.11809757351875305, 0.0041912454180419445, 0.2093944400548935
19753.035687625, -8.342600301504136, -0.012723851893097163, -1.1385324096679688, -0.16424112021923065, -0.019522789865732193, 0.20697663724422455
19753.045742625, -8.607848714590073, -0.016017022021114827, -1.4358139166235924, -0.17630843818187714, -0.06789005547761917, 0.19400358200073242
19753.055798625002, -8.703050740957261, 0.029338715169578793, -1.827699572145939, -0.1565730720758438, -0.08893793821334839, 0.17093931138515472
19753.065853625, -8.665630314946174, 0.16959706474095584, -2.099983355104923, -0.11716121435165405, -0.10275521874427795, 0.15204498171806335
19753.075908625, -8.650809962153435, 0.274528748318553, -2.1237835693359375, -0.07497940212488174, -0.11780234426259995, 0.12834790349006653
19753.085964625003, -8.748705800771713, 0.27587596507743, -2.014061737060547, -0.04404173418879509, -0.1292230486869812, 0.09376198053359985
19753.096019625, -8.973988494873048, 0.18501502124592661, -1.7887802124023438, -0.030146028846502304, -0.11600052565336227, 0.05282304435968399
19753.106074625, -9.159452819824219, 0.03667342593893409, -1.5367044067382813, -0.04029720276594162, -0.07997354865074158, 0.006711208261549473
19753.116129625003, -9.303153406977653, -0.02499836353585124, -1.4177017275989057, -0.06487271189689636, -0.038251329213380814, -0.03057888150215149
19753.126185625002, -9.374404653310776, -0.024249919932335617, -1.3729448001086713, -0.09945279359817505, -0.020394567400217056, -0.0634811744093895
19753.136240625, -9.404943491220475, 0.008232587277889253, -1.481768938601017, -0.1322309523820877, -0.057504475116729736, -0.08435206115245819
19753.146295625, -9.339976832270622, 0.08996270187199117, -1.5738276480138302, -0.15638422966003418, -0.10700864344835281, -0.09176603704690933
19753.156351625003, -9.221423950195312, 0.18501503951847553, -1.7705181884765626, -0.16885478794574738, -0.14507906138896942, -0.07603253424167633
19753.166406625, -9.207953134775162, 0.14849099166691304, -1.887425371706486, -0.16258330643177032, -0.16460242867469788, -0.05465773865580559
19753.176461625, -9.397158508300782, 0.03457787521183491, -1.9931057547032833, -0.1517191231250763, -0.16989940404891968, -0.035067521035671234
19753.186516625003, -9.651928126215935, -0.08861605156213045, -1.9944525146484375, -0.15138116478919983, -0.17750327289104462, -0.022234011441469193
19753.196572625002, -9.852660700678825, -0.15777220398187639, -2.0270848019421104, -0.1398848295211792, -0.17249642312526703, -0.00598831195384264
19753.206627625, -9.932594477534295, -0.19384713085368277, -2.229164574891329, -0.12285791337490082, -0.14586640894412994, 0.01106577180325985
19753.216682625, -9.879605255126954, -0.07035400936380029, -2.239942162781954, -0.11076841503381729, -0.1616508662700653, 0.01955423317849636
19753.22673875, -9.92091875731945, 0.03382930370047689, -2.3402334594726564, -0.08691368252038956, -0.11782269179821014, 0.027351170778274536
19753.236793750002, -10.058781484365463, 0.12888162307441237, -2.5047416558861735, -0.07067517936229706, -0.09872648119926453, 0.012390192598104477
19753.24684875, -10.307564138174058, 0.17917701495811345, -2.5481512387096883, -0.05211268365383148, -0.12801459431648254, -0.008793389424681664
19753.25690375, -10.452013753652572, 0.2065700508467853, -2.639760735780001, -0.024871917441487312, -0.18624228239059448, -0.02108675241470337
19753.266959750003, -10.437794494628907, 0.20297757636755706, -2.602638079226017, 0.012736442498862743, -0.22484293580055237, -0.0020294380374252796
19753.27701475, -10.47132418334484, 0.1685491888783872, -2.331701640933752, 0.017482971772551537, -0.3528634011745453, 0.030066408216953278
19753.28706975, -10.745104853510858, -0.07155148258432746, -1.8646723937988283, 0.036365583539009094, -0.3599538207054138, 0.059542808681726456
19753.29712575, -10.84030746459961, -0.21076202938333155, -2.030977001041174, 0.04233955964446068, -0.12294547259807587, 0.10758523643016815
19753.307180750002, -10.914403966069223, -0.295036760866642, -2.058969084173441, -0.00028353597735986114, 0.08853241801261902, 0.14813132584095
19753.31723575, -11.125913543701172, -0.2091153803654015, -1.6618446157872677, -0.08057866245508194, 0.07216151803731918, 0.1499483585357666
19753.32729075, -11.458969777822496, 0.09624950023368002, -1.6576528930664063, -0.14147557318210602, -0.06442349404096603, 0.12022216618061066
19753.337346750002, -11.715388310551644, 0.22737694747745993, -2.1323161187767985, -0.13976365327835083, -0.08737275004386902, 0.07262633740901947
19753.34740175, -11.803255004882812, -0.023800835497677326, -2.558779430240393, -0.11005423218011856, -0.01847011223435402, 0.014604048803448677
19753.35745675, -11.610006281733513, -0.30731132732704286, -2.6391619808971885, -0.07853173464536667, 0.10039466619491577, -0.041087597608566284
19753.367512750003, -11.071725642085076, -0.15807156315073373, -2.8183396719396114, -0.04640762135386467, 0.18622088432312012, -0.07893644273281097
19753.37756775, -10.492430877685548, 0.23111907413229346, -3.113525390625, 0.013473549857735634, 0.14931227266788483, -0.09286455810070038
19753.38762275, -10.152787170410157, 0.4623882024362684, -3.3470399411022664, 0.10363859683275223, 0.0628087967634201, -0.08722531050443649
19753.397677750003, -9.949060821533203, 0.39877053268253804, -3.464246063232422, 0.2077122926712036, 0.038238175213336945, -0.05483467876911163
19753.407733750002, -9.763595911860467, 0.1386114447377622, -3.272644500732422, 0.2898785471916199, 0.07693629711866379, 0.0019180807285010815
19753.41778875, -9.548043569326401, 0.00014943290501832963, -2.7123597653210165, 0.3186531364917755, 0.11353681236505508, 0.07180724292993546
19753.42784375, -9.317224731445313, 0.14175490787252784, -2.045496806949377, 0.2877330183982849, 0.13429827988147736, 0.14398877322673798
19753.437899750003, -9.133707529306411, 0.5080432987958193, -1.4443469046056272, 0.1942116767168045, 0.15520043671131134, 0.20986828207969666
19753.44795475, -9.148525543212891, 0.8065224982425571, -1.1552979849278928, 0.07798706740140915, 0.19474731385707855, 0.24554504454135895
19753.45800975, -9.464666951894761, 0.8463397344946861, -1.2744497680664064, -0.006887644529342651, 0.20938344299793243, 0.23666374385356903
19753.468064750003, -9.771380310058595, 0.9960283455625177, -1.706301727294922, -0.0463559590280056, 0.2439824491739273, 0.1917298287153244
19753.478120750002, -9.84637435913086, 1.2476551216095686, -2.2579046630859376, -0.034402698278427124, 0.2761581242084503, 0.13569100201129913
19753.48817575, -9.705666961669923, 1.4151568731665611, -2.5518936029076578, 0.00023144716396927834, 0.28215929865837097, 0.08936132490634918
19753.49823075, -9.41122866332531, 1.4846124395728113, -2.590962505191565, 0.04262257739901543, 0.28800681233406067, 0.0630255863070488
19753.508286750002, -9.150023015141487, 1.5340097539499402, -2.4478602343797684, 0.07555043697357178, 0.2831406891345978, 0.051210738718509674
19753.51834175, -8.985812734365464, 1.5001800665259362, -2.1492305056750776, 0.0881730243563652, 0.2702942192554474, 0.04134393483400345
19753.52839675, -8.954828338623047, 1.3344746892526747, -1.8215624807775022, 0.07031386345624924, 0.26206985116004944, 0.02890164963901043
19753.538451750002, -9.009464721679688, 1.1567941777780653, -1.4810202026367187, 0.024755850434303284, 0.2217475175857544, 0.00514222402125597
19753.54850775, -9.077872467041017, 0.9987227425351739, -1.2413688531517983, -0.025916116312146187, 0.1670491099357605, -0.020290963351726532
19753.55856275, -9.00138153076172, 0.8846601200848818, -1.165476671755314, -0.0795518234372139, 0.12658044695854187, -0.04679521918296814
19753.568617750003, -8.845703507065773, 0.8110131598636509, -1.1487109503149986, -0.13055135309696198, 0.09939782321453094, -0.06677931547164917
19753.578673750002, -8.721313349604607, 0.8217907842993737, -1.2461585998535156, -0.18838749825954437, 0.08639973402023315, -0.08915599435567856
19753.58872875, -8.765322418212891, 0.837807477414608, -1.4596150079369545, -0.22880442440509796, 0.04972827807068825, -0.12337494641542435
19753.59878375, -8.824750009775162, 0.8113125738501549, -1.7806973138451576, -0.24156369268894196, -0.02539724111557007, -0.16685554385185242
19753.608838750002, -8.823850123286247, 0.829424909055233, -2.1604573059082033, -0.20227620005607605, -0.06869091838598251, -0.20481278002262115
19753.61889475, -8.731792729496956, 0.8255330754071475, -2.6141644030809403, -0.12878184020519257, -0.08651082217693329, -0.23407480120658875
19753.62894975, -8.559501596689225, 0.7816742985136808, -2.7650506335496905, -0.029696809127926826, -0.10313933342695236, -0.2522657811641693
19753.639004750003, -8.407716064453126, 0.7162601631134748, -2.708617401123047, 0.0678294375538826, -0.10446186363697052, -0.2617236375808716
19753.64906075, -8.308022791743278, 0.5957607612200082, -2.436632995605469, 0.14885424077510834, -0.11217304319143295, -0.2585872411727905
19753.65911575, -8.228387807607652, 0.39921948920935396, -2.02918000549078, 0.19550065696239471, -0.12340846657752991, -0.23942680656909943
19753.66917075, -8.186774927973747, 0.13516865897923708, -1.5251788137853146, 0.19577789306640625, -0.1360427588224411, -0.20654448866844177
19753.679225750002, -8.181985473632812, -0.04924782665446401, -1.1059002685546875, 0.15553031861782074, -0.15930019319057465, -0.1648799628019333
19753.68928175, -8.148006134033203, -0.11765568165108563, -0.8116122436523437, 0.09092068672180176, -0.20671804249286652, -0.10643289238214493
19753.69933675, -8.101152395009995, -0.08083218326792121, -0.7806268246471882, 0.018227074295282364, -0.24971593916416168, -0.03188112750649452
19753.709391750002, -8.109385859370231, -0.0046405787486583, -0.9473803518712521, -0.03910359367728233, -0.308820515871048, 0.04364372044801712
19753.71944675, -8.234526799321175, 0.052091364171355965, -1.3052859368920326, -0.041615284979343414, -0.373304158449173, 0.10342331975698471
19753.72950275, -8.452173029780388, 0.0456547674536705, -1.828597850650549, 0.014433070085942745, -0.42054224014282227, 0.1538103222846985
19753.739557750003, -8.614734980463982, -0.059576348382979635, -2.240690314024687, 0.11521215736865997, -0.43372294306755066, 0.20387043058872223
19753.74961275, -8.72835047364235, -0.18202177673578263, -2.4489080554246905, 0.23385705053806305, -0.4137963652610779, 0.25978562235832214
19753.75966875, -8.720864868164062, -0.20297817936167123, -2.376607964783907, 0.3299159109592438, -0.3877847492694855, 0.325147420167923
19753.76972375, -8.696315333247185, -0.14040829410776495, -2.0936962826550007, 0.3722335398197174, -0.37808337807655334, 0.3946612477302551
19753.779778750002, -8.79091860473156, 0.02634484939277172, -1.7082476806640625, 0.3528956472873688, -0.3771429657936096, 0.44736379384994507
19753.78983375, -9.094936396479607, 0.16271134704351425, -1.2022998046875, 0.2685607671737671, -0.4277462065219879, 0.47786977887153625
19753.79988975, -9.555827382802963, 0.10133893501013518, -1.0126440493762494, 0.16505064070224762, -0.44413676857948303, 0.4742668569087982
19753.809944750003, -10.114615961909294, 0.07948438178747892, -1.3280386224389078, 0.11101377010345459, -0.4459091126918793, 0.4449712634086609
19753.81999975, -10.325077718496322, 0.27901940993964675, -1.9035914611816407, 0.09493150562047958, -0.38840407133102417, 0.41892877221107483
19753.83005575, -10.495573756098748, 0.5459144720435143, -2.41956818908453, 0.1338895708322525, -0.3947128355503082, 0.3849755823612213
19753.84011075, -10.757079366445542, 0.7354203924536705, -2.7635530154407024, 0.21772511303424835, -0.40102314949035645, 0.3543762266635895
19753.850165750002, -11.09896957397461, 0.8047263066843152, -2.9801527404785157, 0.3242392838001251, -0.32933247089385986, 0.3194209039211273
19753.86022075, -11.405681762695313, 0.7580233161896468, -2.8843522515892985, 0.4107780456542969, -0.19993086159229279, 0.29061001539230347
19753.87027675, -11.72361943602562, 0.5945631600916386, -2.542462921142578, 0.4723636507987976, -0.03133412450551987, 0.2559002637863159
19753.880331750002, -12.128679453134538, 0.43783928878605366, -2.2534144400060176, 0.4895593225955963, 0.15469907224178314, 0.2103995978832245
19753.89038675, -12.35321078002453, 0.41179337829351426, -1.8760491751134396, 0.4462589919567108, 0.3099973201751709, 0.16585050523281097
19753.90044275, -12.388387044668198, 0.640517597347498, -1.973795325011015, 0.3688003718852997, 0.4977250099182129, 0.11533595621585846
19753.910497750003, -12.766800715327264, 0.49621774367988114, -1.96301773712039, 0.2224346399307251, 0.4977872967720032, 0.031734272837638855
19753.92055275, -12.713661219477654, 0.5869291084259749, -2.1086648623645305, 0.08319975435733795, 0.40202438831329346, -0.049463413655757904
19753.93060775, -12.30171844482422, 0.796194086149335, -2.8997697512805463, 0.028509611263871193, 0.2375049591064453, -0.10247203707695007
19753.94066375, -11.59713363647461, 0.919238141477108, -3.6889288330078127, 0.07312514632940292, 0.07484806329011917, -0.10275861620903015
19753.950718750002, -10.789712677001953, 0.858314868696034, -4.1927813592553145, 0.2002849578857422, -0.028213607147336006, -0.05790965259075165
19753.96077375, -10.181527989506723, 0.5960602665692568, -4.272415758669377, 0.3675824999809265, -0.04356249049305916, 0.008525623939931393
19753.97082975, -9.923164088129997, 0.29069523978978395, -3.823499431461096, 0.5070660710334778, 0.005212774500250816, 0.0567469485104084
19753.980884750003, -10.037825648188592, -0.06361803520470857, -2.919379119873047, 0.5530078411102295, 0.10150142014026642, 0.06519020348787308
19753.99093975, -10.38435562133789, -0.4126921318843961, -1.9552343621850015, 0.48802757263183594, 0.13693611323833466, 0.02526303194463253
19754.00099475, -10.6546940356493, -0.7168596123531461, -1.205743083804846, 0.37706828117370605, 0.11207284033298492, -0.04173411428928375
19754.01105075, -10.56607714354992, -0.7819741327688098, -1.2957054202258587, 0.27654674649238586, 0.2041071653366089, -0.0966213271021843
19754.021105750002, -10.167006429433822, -0.5511542716249824, -1.8278486761450767, 0.20708830654621124, 0.25382372736930847, -0.12979041039943695
19754.03116075, -9.65162991821766, -0.41418883636593823, -2.1888988937437537, 0.1864520162343979, 0.29890331625938416, -0.11989836394786835
19754.04121575, -9.030569661855697, -0.31344854660332205, -2.571951599121094, 0.17749974131584167, 0.3018505871295929, -0.07735152542591095
19754.051271750002, -8.566236419677734, -0.3098559442162514, -2.761607500612736, 0.21479599177837372, 0.2955540716648102, 0.010360215790569782
19754.06132675, -8.225544891357423, -0.37482088554650544, -2.7831625302135947, 0.22600534558296204, 0.24900026619434357, 0.08735921233892441
19754.07138175, -8.227191467285156, -0.3968250543996692, -2.628533935546875, 0.27508342266082764, 0.22607098519802094, 0.1519525796175003
19754.081437750003, -8.470285949707032, -0.4411329157277942, -2.6878109613060954, 0.30934983491897583, 0.22775757312774658, 0.17742975056171417
19754.09149275, -8.586144434809686, -0.5040021784231067, -2.3679258728027346, 0.3073630928993225, 0.18179461359977722, 0.1843840628862381
19754.10154775, -8.574019648432731, -0.4093989434838295, -2.102677459716797, 0.3031526505947113, 0.11642176657915115, 0.1812940537929535
19754.111602750003, -8.394692561030388, -0.227377568744123, -1.9823277282714844, 0.2918027937412262, 0.042238347232341766, 0.18481820821762085
19754.121658750002, -8.17509979248047, -0.03951804153621197, -1.831741021424532, 0.28070053458213806, -0.016571402549743652, 0.19509097933769226
19754.13171375, -8.033343989253044, 0.0806818550080061, -1.7567466799914837, 0.24934659898281097, -0.02288629114627838, 0.20624056458473206
19754.14176875, -8.075406519770622, 0.12558850776404143, -1.7235159301757814, 0.21504370868206024, -0.020135920494794846, 0.2084731161594391
19754.151824750003, -8.237519404292106, 0.2573146916180849, -1.8818865966796876, 0.1831989586353302, -0.052199579775333405, 0.1884586662054062
19754.16187975, -8.406668243408204, 0.35730668395757675, -1.948797747194767, 0.15718187391757965, -0.14076067507266998, 0.1439172625541687
19754.17193475, -8.40771547973156, 0.4315522894263268, -2.0975878970324993, 0.14498566091060638, -0.21121300756931305, 0.09920785576105118
19754.181989750003, -8.357869720458984, 0.48948186088353396, -2.2852976989746097, 0.15316827595233917, -0.23774904012680054, 0.05059729516506195
19754.192045750002, -8.33272318482399, 0.48678746391087774, -2.36568083435297, 0.17314091324806213, -0.2413453757762909, 0.005147789604961872
19754.20210075, -8.374934234619142, 0.42541508842259645, -2.357896728515625, 0.2049885243177414, -0.23673176765441895, -0.0392974428832531
19754.21215575, -8.383018010258676, 0.35820485282689335, -2.3161341601610186, 0.2303905487060547, -0.20791609585285187, -0.08141905814409256
19754.222211791668, -8.48211252808571, 0.2709363286569715, -2.133214251101017, 0.23516610264778137, -0.1728828251361847, -0.12082254886627197
19754.232266791667, -8.601115061044693, 0.12109788268804551, -1.7901281417906285, 0.2034694254398346, -0.18260443210601807, -0.1630096733570099
19754.24232179167, -8.761880162358285, 0.00643635917454958, -1.4557232473790647, 0.1516977846622467, -0.23207688331604004, -0.20121072232723236
19754.25237679167, -8.8248991137743, -0.05089438430964947, -1.2991485531628133, 0.09430080652236938, -0.3030775487422943, -0.22486411035060883
19754.262432791667, -8.706793543696405, -0.07319807678461075, -1.317859643250704, 0.04375660419464111, -0.32325801253318787, -0.2244379073381424
19754.272487791666, -8.578060074448587, -0.08247881401330233, -1.440604248046875, 0.008096078410744667, -0.3206121623516083, -0.20259971916675568
19754.28254279167, -8.600364863276482, -0.14744368225336077, -1.52413070037961, -0.007781888358294964, -0.35832950472831726, -0.1810152232646942
19754.292597791668, -8.615932490229607, -0.12199667282402515, -1.5308664004504682, -0.019069962203502655, -0.360896497964859, -0.1413021683692932
19754.302653791667, -8.64601933836937, -0.053588890917599205, -1.5581096014380456, -0.04292084276676178, -0.35097384452819824, -0.09603813290596008
19754.31270879167, -8.899293823242187, -0.11181780327111483, -1.4248870785534382, -0.07183105498552322, -0.37624433636665344, -0.0704725831747055
19754.322763791668, -9.264534301757813, -0.024998345263302326, -1.3992904534935953, -0.12045848369598389, -0.3639414310455322, -0.06514623016119003
19754.332819791667, -9.756261164546013, -0.008233208544552327, -1.5112574703991415, -0.16890858113765717, -0.3391591012477875, -0.0880747139453888
19754.34287479167, -10.234219003915788, -0.15582621406763794, -1.6094537097215653, -0.20331494510173798, -0.3314380943775177, -0.1377265751361847
19754.35292979167, -10.516230799555778, -0.2848579278588295, -1.918860003054142, -0.210017591714859, -0.30091163516044617, -0.18788322806358337
19754.362984791667, -10.451864649653436, -0.23411345154047014, -2.3827454946935176, -0.18035726249217987, -0.19560904800891876, -0.21440578997135162
19754.373040791666, -10.2140104418993, -0.1642088555172086, -2.8403440600633623, -0.12667779624462128, -0.10166231542825699, -0.21060359477996826
19754.38309579167, -10.060578333735467, -0.13037924118340016, -2.948717962950468, -0.06333588063716888, -0.11878782510757446, -0.18603628873825073
19754.393150791668, -10.191108652353288, -0.15313178054988386, -3.0443696402013303, 0.0550171323120594, -0.08474117517471313, -0.16704848408699036
19754.403206791667, -10.577603175044061, -0.18247086117044092, -3.281626116335392, 0.18287084996700287, -0.025136271491646767, -0.16165833175182343
19754.41326179167, -11.057205836176873, -0.43170258114114407, -2.8997701898217203, 0.27759549021720886, 0.04602978378534317, -0.18281102180480957
19754.42331679167, -11.366163940429688, -0.5539982476830483, -2.4117848141491414, 0.3174903690814972, 0.09747044742107391, -0.1838161051273346
19754.433371791667, -11.411670480966569, -0.46298748722299937, -2.148332958072424, 0.33632370829582214, 0.16232720017433167, -0.1545274555683136
19754.443427791666, -11.59189453125, -0.4504136712290347, -1.9092799249291421, 0.32863137125968933, 0.10332061350345612, -0.10731244087219238
19754.45348279167, -11.64862714111805, -0.18441670490428808, -1.5379019165039063, 0.2873094975948334, 0.10069739818572998, -0.04341575503349304
19754.463537791667, -11.808195902109146, -0.20447503002360465, -1.5158979669213295, 0.21330375969409943, 0.082762211561203, 0.00989643856883049
19754.473592791666, -11.914023488759995, -0.3206335321068764, -1.1768524298071863, 0.08113081008195877, 0.08768320083618164, 0.03915312886238098
19754.48364879167, -11.985575281977654, -0.4358939201384783, -1.0343492062389852, -0.05910484865307808, 0.048813655972480774, 0.049662113189697266
19754.493703791668, -11.742033487558366, -0.1871111932396889, -1.4181510861217976, -0.14492841064929962, -0.03655237331986427, 0.05436685308814049
19754.503758791667, -11.531870523691177, 0.12439110763370992, -2.115850505679846, -0.14307494461536407, -0.10796599835157394, 0.03704911470413208
19754.51381479167, -11.463611297607422, 0.2441419380158186, -2.8553123474121094, -0.05108829587697983, -0.11537305265665054, 0.012397298589348793
19754.52386979167, -11.33517837524414, 0.1342704718373716, -3.3223414483666422, 0.07809916883707047, -0.05456780642271042, -0.012509915046393871
19754.533924791667, -10.963950347900392, 0.1318754523061216, -3.2647111447155477, 0.18664908409118652, -0.023269008845090866, -0.025451811030507088
19754.543979791666, -10.434651031494141, 0.27333132991567255, -2.778671576231718, 0.23451866209506989, 0.009062409400939941, -0.028681786730885506
19754.55403579167, -10.146649348139764, 0.30147280940786003, -2.406844794005156, 0.23677809536457062, 0.04534318670630455, -0.038838814944028854
19754.564090791668, -9.9680712890625, 0.4900805244036019, -2.1713845825195315, 0.19076545536518097, 0.1332908421754837, -0.05667024478316307
19754.574145791667, -9.994115957021714, 0.501007819287479, -2.095192731320858, 0.1384124904870987, 0.167547345161438, -0.09817773848772049
19754.58420179167, -9.962533975839616, 0.35341479549184446, -2.108665447086096, 0.10945305973291397, 0.19084882736206055, -0.13954491913318634
19754.594256791668, -9.616153106689454, 0.2656971868872643, -2.3451731872558597, 0.10647697746753693, 0.19966280460357666, -0.16237007081508636
19754.604311791667, -9.060658264160157, 0.30596344362013045, -2.4421716244518756, 0.13577179610729218, 0.13591140508651733, -0.14747130870819092
19754.61436679167, -8.35517649292946, 0.4857395789120347, -2.4352860894799235, 0.18987791240215302, 0.1483078896999359, -0.08464627712965012
19754.62442279167, -7.73636215209961, 0.6354283635690808, -2.308050530701876, 0.23076900839805603, 0.15919248759746552, 0.00330529548227787
19754.634477791667, -7.529941406250001, 0.6084843572974206, -1.7610882376134396, 0.24071244895458221, 0.17492617666721344, 0.09410763531923294
19754.644532791666, -7.668702265620232, 0.592018561474979, -1.2741506829857827, 0.18346329033374786, 0.18888026475906372, 0.16920353472232819
19754.65458779167, -8.099804611802101, 0.4695732244849205, -0.8187971560657025, 0.08983293920755386, 0.12571701407432556, 0.1957256942987442
19754.664643791668, -8.466544316411019, 0.5894739811308682, -0.6810839715600014, -0.015898438170552254, 0.030844828113913536, 0.1846817135810852
19754.674698791667, -8.726852416992188, 0.7258402595110238, -0.8816665649414063, -0.0773673877120018, -0.04784439131617546, 0.1315479278564453
19754.68475379167, -8.931476313471794, 0.7189546697214246, -1.3353730773925783, -0.07513296604156494, -0.07636694610118866, 0.03862547129392624
19754.69480979167, -9.092992197275162, 0.5664218815974892, -1.7904270806908609, -0.009790441021323204, -0.0676669254899025, -0.07330239564180374
19754.704864791667, -8.975186004638672, 0.46972293147817257, -1.994901580810547, 0.08198035508394241, -0.0358617827296257, -0.17594672739505768
19754.71491979167, -8.591982294917107, 0.36583891362883153, -1.782643121033907, 0.1516912579536438, -0.009129771031439304, -0.24405120313167572
19754.72497479167, -8.167314809560777, 0.16645348283462227, -1.498683179318905, 0.20584321022033691, 0.03034912422299385, -0.2659042179584503
19754.735030791668, -7.819138845205307, 0.018710724636912347, -1.125958410948515, 0.22303205728530884, 0.06194699555635452, -0.2608431279659271
19754.745085791666, -7.695347442626954, -0.1407077355030924, -0.7388636715710164, 0.20814248919487, 0.10463263094425201, -0.23718760907649994
19754.75514079167, -7.769143981933595, -0.360899756862782, -0.5251083245873451, 0.1859450340270996, 0.11670500785112381, -0.21705730259418488
19754.765195791668, -7.864197489023209, -0.46343657394172627, -0.5483102224767208, 0.1585453748703003, 0.19460821151733398, -0.18238821625709534
19754.775251791667, -7.846384531259537, -0.5513038666988723, -0.4212247909605503, 0.10041628777980804, 0.13561387360095978, -0.14216357469558716
19754.78530679167, -7.913145700693131, -0.38514942554757003, -0.42481688171625137, 0.057000357657670975, 0.08159993588924408, -0.11188390851020813
19754.79536179167, -8.209676717519761, -0.175884488937445, -0.9386978213489056, 0.0553491972386837, 0.005371741019189358, -0.09215947240591049
19754.805417791667, -8.535250269770623, -0.13816295872908085, -1.3380676205456257, 0.08886445313692093, -0.06565265357494354, -0.08456140756607056
19754.815472791666, -8.844656855463983, -0.22887436458840968, -1.7006138482689859, 0.16146913170814514, -0.08683277666568756, -0.09001156687736511
19754.82552779167, -9.155560328364373, -0.34323657004628333, -2.0996836853027343, 0.2633224129676819, -0.04320115968585014, -0.0934978574514389
19754.835582791668, -9.335786132812501, -0.3417397056799382, -2.270328680723906, 0.3562694191932678, -0.024967560544610023, -0.09045413136482239
19754.845638791667, -9.329797414541245, -0.3034193749073893, -2.1047733941674234, 0.4099883735179901, -0.014395317994058132, -0.06404965370893478
19754.85569379167, -9.221872431635857, -0.25746493765152995, -1.9327809078991414, 0.41803911328315735, -0.03325582295656204, -0.015339110046625137
19754.865748791668, -9.31917126953602, -0.2460886222869158, -1.7220193353295328, 0.41928598284721375, -0.13010470569133759, 0.02627415768802166
19754.875803791667, -9.425599365234376, -0.15792192011140288, -1.741927789002657, 0.40046942234039307, -0.164577454328537, 0.07372130453586578
19754.88585979167, -9.659411977529526, -0.14085737854242325, -1.8308424505591394, 0.37980857491493225, -0.22223810851573944, 0.09401276707649231
19754.89591479167, -10.100096156001092, -0.18651249317452312, -1.936373291015625, 0.3769073188304901, -0.24154523015022278, 0.0907682403922081
19754.905969791667, -10.51982391357422, -0.22258742918260396, -2.2115014520287515, 0.3870832622051239, -0.23080682754516602, 0.056807346642017365
19754.916025791666, -10.7567805737257, -0.21510303882882, -2.360441290587187, 0.4063453674316406, -0.21357059478759766, 0.00882037729024887
19754.92608079167, -10.893147583007813, -0.18441675058566034, -2.5682092349231245, 0.44512370228767395, -0.1949245035648346, -0.044733546674251556
19754.936135791668, -10.910062408447267, -0.16944790592417122, -2.80771177276969, 0.5057260990142822, -0.18539491295814514, -0.08522290736436844
19754.946190791667, -10.82399139404297, -0.16390942325815558, -2.958597710877657, 0.5796059370040894, -0.18794317543506622, -0.09801709651947021
19754.95624679167, -10.764714075922967, -0.1519343256019056, -2.905009002685547, 0.6529706716537476, -0.202902153134346, -0.08142533153295517
19754.96630179167, -10.770402247309685, -0.1240921687334776, -2.5680595462024214, 0.7072562575340271, -0.20152509212493896, -0.041010089218616486
19754.976356791667, -10.849737269282342, -0.33679985912516713, -2.1758753903210164, 0.7317395210266113, -0.1589832305908203, 0.020858339965343475
19754.98641179167, -10.913953730463982, -0.4561018060706556, -1.611399224549532, 0.7065842151641846, -0.09131959825754166, 0.09513276070356369
19754.99646779167, -11.183544870615005, -0.4258647027611733, -1.2564872677624226, 0.6627320647239685, -0.037337321788072586, 0.15842358767986298
19755.006522791668, -11.698472900390625, -0.5131332269310952, -0.8999284426867963, 0.5883677005767822, 0.024918915703892708, 0.18805842101573944
19755.016577791666, -12.25246968626976, -0.6924603326059878, -0.6614741644263268, 0.4721001982688904, 0.14195898175239563, 0.16180284321308136
19755.02663379167, -12.718151296377183, -0.7884107477590442, -0.6721022097766399, 0.32183390855789185, 0.2671779692173004, 0.09108015149831772
19755.036688791668, -13.04133041381836, -0.6957534844614566, -0.9665402157604694, 0.17056025564670563, 0.29756996035575867, -0.01932651549577713
19755.046743791667, -12.90810745239258, -0.5168754449486733, -1.4675485101342203, 0.07572820782661438, 0.30922582745552063, -0.10790123790502548
19755.05679879167, -12.275522918701173, -0.3017727532982826, -2.3061045773327353, 0.041880227625370026, 0.26012754440307617, -0.15663255751132965
19755.06685479167, -11.645183131098747, -0.24234634945169092, -2.8415408389270307, 0.08666104823350906, 0.1266086846590042, -0.162345752120018
19755.076909791667, -10.8973388671875, 0.053588251378387214, -3.3180006216466427, 0.16492575407028198, 0.01962258294224739, -0.1336027830839157
19755.086964791666, -10.483299281001091, 0.006436340902000666, -3.361709581911564, 0.2723615765571594, -0.1108589917421341, -0.10376035422086716
19755.09701979167, -10.244845148921014, -0.4326006951928139, -2.827769768983126, 0.3387853503227234, -0.1622907519340515, -0.07149482518434525
19755.107075791668, -10.012078603506088, -0.8231385309621692, -2.186054077148438, 0.36145922541618347, -0.06353701651096344, -0.04656124487519264
19755.117130791667, -9.972410507798195, -1.1323953913897276, -1.4944923336803915, 0.3265814185142517, 0.06424544751644135, -0.05082443356513977
19755.12718579167, -9.984237086176872, -1.2995976924151182, -0.6725514221191407, 0.188552126288414, 0.13533248007297516, -0.0663163959980011
19755.137240791668, -10.007437668442726, -1.5259270381182433, -0.17693192169070246, 0.030054090544581413, 0.14741310477256775, -0.09586948901414871
19755.147296791667, -9.793384552001953, -1.4748832209035756, -0.311352977603674, -0.11703015863895416, 0.201943039894104, -0.12544049322605133
19755.15735179167, -9.368117727041245, -1.3332776911184192, -0.8189469909667969, -0.2370273917913437, 0.24119962751865387, -0.13003310561180115
19755.16740679167, -8.887767791748047, -1.0747653070092202, -1.3910572814941407, -0.2967250645160675, 0.2774282395839691, -0.12442422658205032
19755.177462791667, -8.548722839355468, -0.8619079096242785, -2.2510192742943764, -0.28453686833381653, 0.2929379343986511, -0.09918971359729767
19755.187517791666, -8.297844543457032, -0.7358700433373452, -2.8723768615722656, -0.22167815268039703, 0.2691112756729126, -0.06982636451721191
19755.19757279167, -8.094118194580078, -0.6698572809621692, -3.2898585574328902, -0.10613425076007843, 0.22846746444702148, -0.038478024303913116
19755.207627791668, -7.90401351928711, -0.626746965944767, -3.6021093750000004, 0.04551861435174942, 0.24355997145175934, -0.001373556791804731
19755.217683791667, -7.754922968745232, -0.6587803521752358, -3.5889370599389077, 0.19642183184623718, 0.22437001764774323, 0.025427164509892464
19755.227739375, -7.73636215209961, -0.7168595758080483, -3.2078294308483604, 0.3253970742225647, 0.16505399346351624, 0.046440720558166504
19755.237794375, -7.6074795788526535, -0.7189551813527942, -2.632426134645939, 0.38303452730178833, 0.1353490948677063, 0.06931594759225845
19755.247849375002, -7.495663858652115, -0.744102922976017, -1.8558409054577352, 0.3702665865421295, 0.09387992322444916, 0.09290953725576401
19755.257905375, -7.4600373584032065, -0.8114628472924232, -1.1515557669103147, 0.2998475730419159, 0.061231959611177444, 0.12012916803359985
19755.267960375, -7.39147933959961, -0.8602614067867399, -0.6530917422473431, 0.18860606849193573, 0.01061399094760418, 0.15153004229068756
19755.278015375003, -7.328159841299057, -0.7746393489092589, -0.42122406005859375, 0.06317811459302902, -0.019918616861104965, 0.18187595903873444
19755.288071375002, -7.429351170659066, -0.6608760308101773, -0.5643270617723465, -0.03795069083571434, -0.05117916315793991, 0.20347432792186737
19755.298126375, -7.628585103750229, -0.6256991083547473, -0.843346544802189, -0.09723212569952011, -0.09360598027706146, 0.20116296410560608
19755.308181375, -7.939040095210076, -0.5926179376244546, -1.2960052362084389, -0.10659413039684296, -0.08399122953414917, 0.17047223448753357
19755.318236375002, -8.229136835932731, -0.5290002495981753, -1.7832418759167195, -0.06853809207677841, -0.06950283795595169, 0.11845164000988007
19755.328292375, -8.37583353638649, -0.5852832451276482, -2.0139123407006263, -0.004436451010406017, -0.05217297747731209, 0.05651489645242691
19755.338347375, -8.376431121826172, -0.6198612665198744, -2.1338128598034385, 0.06349173933267593, -0.024194074794650078, 0.011276844888925552
19755.348402375002, -8.27524037718773, -0.6141730585880578, -2.0193006961047653, 0.11133292317390442, -0.014942249283194542, -0.006507900543510914
19755.358457375, -8.182433955073357, -0.6893168694712222, -1.6666345086693766, 0.12098980695009232, -0.03768031671643257, 9.120907634496689e-06
19755.368513375, -8.164322204589844, -0.8286770319007337, -1.272953319400549, 0.0875869169831276, -0.09347280859947205, 0.025131847709417343
19755.378568375003, -8.323889211416246, -0.9645943172089756, -0.9484278805553914, 0.04581443965435028, -0.11238231509923935, 0.04803210496902466
19755.388623375, -8.711433894038201, -1.05425798881799, -0.9967774835228921, -0.0035742444451898336, -0.12310768663883209, 0.05909226834774017
19755.398678375, -9.030421142578126, -1.063838030397892, -0.9151968383789063, -0.0518038272857666, -0.15941375494003296, 0.06107499077916145
19755.408734375, -9.246272862553598, -0.9728273064829409, -1.0056091180443765, -0.09512379765510559, -0.21354225277900696, 0.0611068457365036
19755.418789375002, -9.358538818359376, -0.8325689751841129, -1.145268694460392, -0.1482463926076889, -0.275178462266922, 0.07201196253299713
19755.428844375, -9.486522674560547, -0.727337804529816, -1.2798385620117188, -0.1865222454071045, -0.2849182188510895, 0.08264464139938354
19755.438900375, -9.709557698965073, -0.6979987421818078, -1.4343173217773437, -0.23370866477489471, -0.3022114634513855, 0.08721674978733063
19755.448955375003, -9.980045801997186, -0.6706057611107826, -1.5539189019799233, -0.2686004340648651, -0.3026304543018341, 0.07420609891414642
19755.459010375, -10.281967951655389, -0.6227053339406848, -1.8395248349010946, -0.2888377904891968, -0.2805840075016022, 0.04567432776093483
19755.469065375, -10.48105453491211, -0.5782477838918567, -2.1330642700195312, -0.2878856360912323, -0.233909472823143, -0.0028179928194731474
19755.479121375, -10.693163452148438, -0.5272039666771889, -2.414180126041174, -0.2660386562347412, -0.17931173741817474, -0.06795331835746765
19755.489176375002, -10.841654663085938, -0.5737571588158608, -2.6779313595592975, -0.22331678867340088, -0.11886842548847198, -0.13142000138759613
19755.499231375, -10.838660303950311, -0.6001023553870619, -2.778671576231718, -0.17636419832706451, -0.07996176928281784, -0.17941948771476746
19755.509286375, -10.80078905761242, -0.6518946344777942, -2.7586135800182823, -0.11413642019033432, -0.06575378775596619, -0.19802464544773102
19755.519342375002, -10.955717468261719, -0.9169934502057732, -2.6993367004394533, -0.03270280733704567, -0.03586912527680397, -0.21067972481250763
19755.529397375, -11.32799331665039, -1.1792479975149035, -2.5852741876244547, 0.039722852408885956, 0.033935561776161194, -0.21904721856117249
19755.539452375, -11.489506861567499, -1.337468938753009, -2.1999752743542196, 0.06567589193582535, 0.11871702969074249, -0.20413058996200562
19755.549507375003, -11.364966430664063, -1.2684625481441618, -1.8137782287597657, 0.05928482860326767, 0.16232417523860931, -0.14629735052585602
19755.559563375, -11.122770080566406, -1.0647361627221108, -1.4088702392578125, 0.006754776928573847, 0.14268097281455994, -0.06064555421471596
19755.569618375, -11.095827280282975, -0.7899077080562711, -1.099164714664221, -0.06716912239789963, 0.10468094050884247, 0.03156163915991783
19755.579673375, -11.254047088623047, -0.6219569451548159, -0.8681950186192989, -0.16042450070381165, 0.04643014818429947, 0.09530546516180038
19755.589728375002, -11.420051295161247, -0.6038445185869933, -1.119671630859375, -0.22813308238983154, 0.1959807574748993, 0.12405519932508469
19755.599784375, -11.80714632689953, -0.6450089715979994, -1.5748750305175783, -0.29194721579551697, 0.34783339500427246, 0.09012066572904587
19755.609839375, -12.190948791503907, -0.6798864800669253, -1.8519488525390626, -0.3315427005290985, 0.36260315775871277, 0.012829160317778587
19755.619894375002, -12.15367746949196, -0.3534153802134097, -2.5686590319871905, -0.31073060631752014, 0.3033462166786194, -0.06530638784170151
19755.629949375, -11.710597102046014, 0.012274164464324713, -3.4380506832897666, -0.23264147341251373, 0.26831483840942383, -0.11194256693124771
19755.640005375, -11.128307978510858, 0.14953872134909035, -4.163292388916016, -0.11728398501873016, 0.2097460776567459, -0.10772731900215149
19755.650060375003, -10.546617025136948, 0.2017801396921277, -4.296365953981876, 0.0008933282224461436, 0.11489754915237427, -0.07398176193237305
19755.660115375, -10.02360580444336, 0.27587601989507676, -4.0149511590600016, 0.06248877942562103, 0.05799165368080139, -0.01827135868370533
19755.670171375, -9.643695246577263, 0.3573067022301257, -3.5010693423449997, 0.05820775404572487, 0.08132762461900711, 0.03137720003724098
19755.680226375, -9.662555440664292, 0.3138969914987683, -3.016676642149687, 0.004733611363917589, 0.12200873345136642, 0.04983396828174591
19755.690281375002, -9.826166381835938, 0.2041751409508288, -2.610122369080782, -0.07555680721998215, 0.12853315472602844, 0.03345602750778198
19755.700336375, -9.836194941401482, 0.27213382015004756, -2.568359069824219, -0.15012212097644806, 0.13570398092269897, -9.527499787509441e-05
19755.710392375, -9.673483301997186, 0.4632862799428404, -2.826572259217501, -0.18361158668994904, 0.14841490983963013, -0.03354185074567795
19755.720447375003, -9.33383901000023, 0.5351369206979871, -3.1434629885852337, -0.16233691573143005, 0.15493007004261017, -0.046112772077322006
19755.730502375, -8.857679774165154, 0.625698541905731, -3.2904571661353113, -0.10793601721525192, 0.1459795981645584, -0.021717652678489685
19755.740557375, -8.438552525639535, 0.7442519904300571, -3.0759539602696897, -0.05785554274916649, 0.15059511363506317, 0.022764859721064568
19755.750613375003, -8.209677302241326, 0.7593705877661705, -2.5267456054687503, -0.0351373516023159, 0.10197435319423676, 0.07291297614574432
19755.760668375002, -8.144862086176873, 0.7291334844566882, -1.985321502685547, -0.027531098574399948, 0.07893934100866318, 0.10947658121585846
19755.770723375, -8.418942133784295, 0.5888750983402133, -1.5105087344348431, -0.03432097285985947, 0.05218770354986191, 0.11353553831577301
19755.780778375, -8.735534362792968, 0.3388950078561902, -0.9870477166771889, -0.06600406765937805, 0.03975819796323776, 0.09428168833255768
19755.790834375002, -8.937015380859375, 0.1583703558705747, -0.5782475280761719, -0.12299813330173492, 0.04284045472741127, 0.06807203590869904
19755.800889375, -8.9558773291111, 0.07993348449468612, -0.30476652771234514, -0.2030428946018219, 0.0597296878695488, 0.04089927300810814
19755.810944375, -8.913213704824448, 0.1095718694664538, -0.21989287689328194, -0.29728227853775024, 0.028579948469996452, 0.021850818768143654
19755.820999375002, -8.779993082284928, 0.1950440558977425, -0.3224297967553139, -0.3779028356075287, -0.0389663390815258, 0.016500527039170265
19755.831055375, -8.620272878408432, 0.33829627124592665, -0.7355703735351563, -0.4288909137248993, -0.0946754664182663, 0.020468007773160934
19755.841110375, -8.535550231933595, 0.49232591003179554, -1.2046946780383587, -0.438961386680603, -0.14749394357204437, 0.01641387864947319
19755.851165375003, -8.629554748535156, 0.5712118658423424, -1.6188838067650795, -0.406223326921463, -0.20331217348575592, -0.004557506181299686
19755.861221375002, -8.816215413808823, 0.6083346868492663, -1.9133215203881264, -0.34553760290145874, -0.26111501455307007, -0.04671880975365639
19755.871276375, -8.906029230952264, 0.5351368658803404, -1.888173522949219, -0.2785029113292694, -0.3206382095813751, -0.0985984206199646
19755.881331375, -8.89674853026867, 0.377814020421356, -1.8079402224719525, -0.19714997708797455, -0.300030916929245, -0.1381080150604248
19755.891386375002, -8.840916391611099, 0.13367169868201018, -1.605861034244299, -0.12497434765100479, -0.25029462575912476, -0.1713329553604126
19755.901442375, -8.769064051508904, -0.10987183162942529, -1.2305914114415646, -0.0857720822095871, -0.21468044817447662, -0.1854674071073532
19755.911497375, -8.66607996582985, -0.21959370044991375, -0.7132671926915646, -0.09647462517023087, -0.2051503211259842, -0.18745777010917664
19755.921552375003, -8.58015688598156, -0.24159785103052855, -0.39173538208007813, -0.1338542252779007, -0.21290944516658783, -0.17155176401138306
19755.931607375, -8.486153538823128, -0.26569782642647627, -0.22228789642453195, -0.182035893201828, -0.24199526011943817, -0.14234159886837006
19755.941663375, -8.511450347900391, -0.30371868839487437, -0.3323091061413288, -0.20771408081054688, -0.23634828627109528, -0.10583020001649857
19755.951718375, -8.592132568359375, -0.3141968622989953, -0.5487589962780476, -0.22460900247097015, -0.23840954899787903, -0.07245957851409912
19755.961773375002, -8.825048217773437, -0.5123847102373839, -0.7258408990502357, -0.2161388099193573, -0.2827136218547821, -0.05025254189968109
19755.971828375, -9.032667058110238, -0.6189632255584002, -1.1087446466088295, -0.17667165398597717, -0.29118087887763977, -0.026293352246284485
19755.981884375, -9.137747370600701, -0.5777988090924919, -1.5281721496582032, -0.10794238746166229, -0.30803683400154114, 0.007516809739172459
19755.991939375002, -9.18579803466797, -0.5568423699215055, -1.7944683837890625, -0.02868686057627201, -0.33658313751220703, 0.050101689994335175
19756.001994375, -9.15451250731945, -0.4673284966684878, -1.935475451052189, 0.055834148079156876, -0.34706294536590576, 0.10199257731437683
19756.012049375, -9.219177449941636, -0.4135902093909681, -1.9757412783801556, 0.12135978043079376, -0.37358760833740234, 0.15865515172481537
19756.022105375003, -9.370213953852653, -0.38155685970559716, -1.8522483761608601, 0.16827216744422913, -0.38502269983291626, 0.20386070013046265
19756.032160375, -9.63321762084961, -0.36808487484231595, -1.7143852105736734, 0.1871948093175888, -0.3722413182258606, 0.2319491058588028
19756.042215375, -9.99411771118641, -0.39951946964487434, -1.5208376947045328, 0.18062159419059753, -0.34142643213272095, 0.2388237863779068
19756.052270375003, -10.375823364257814, -0.403261678526178, -1.4525794918835164, 0.15460896492004395, -0.3046884536743164, 0.2195117175579071
19756.062326375002, -10.70663660645485, -0.3588042198400945, -1.5037730343639852, 0.1201050654053688, -0.26728355884552, 0.17421242594718933
19756.072381375, -11.004515991210939, -0.3200347954966128, -1.8203648248314859, 0.10721345245838165, -0.22139368951320648, 0.11350968480110168
19756.082436375, -11.119478098154069, -0.2989286401960999, -2.393672478944063, 0.13673192262649536, -0.12579499185085297, 0.07045222818851471
19756.092491375002, -11.083701324462892, -0.23336504448205234, -2.846031792908907, 0.1876673549413681, -0.19833317399024963, 0.0348314568400383
19756.102547375, -11.07112864136696, -0.16944794246926906, -3.0759535217285157, 0.30211108922958374, -0.3146294355392456, 0.018003473058342934
19756.112602375, -10.98400980591774, 0.0013469426706433298, -3.5295106378197674, 0.44579368829727173, -0.35801824927330017, 0.021850846707820892
19756.122657375003, -10.86261049926281, -0.06571361334063112, -3.2263906860351566, 0.5736967921257019, -0.33291128277778625, 0.041434936225414276
19756.132712375, -10.97757143676281, -0.24489101202227176, -2.592009887695313, 0.6598911285400391, -0.23724636435508728, 0.05021006613969803
19756.142768375, -11.357182617187501, -0.5477113122772426, -1.7310005123913288, 0.6876460313796997, -0.1468924880027771, 0.045384686440229416
19756.152823375, -11.726165313720704, -0.8333174644690008, -0.8301737911999226, 0.6276652812957764, -0.03580604866147041, 0.03330999240279198
19756.162878375002, -11.912228393554688, -0.9687856836151332, -0.13681549072265625, 0.4765119254589081, 0.06460923701524734, 0.016763770952820778
19756.172933375, -11.971356607675553, -0.8683446342498065, 0.09190843597054482, 0.2643991708755493, 0.15891072154045105, -0.0017725825309753418
19756.182989375, -12.004137852787972, -0.7388638360239566, -0.1411566098034382, 0.04415279999375343, 0.1075785681605339, -0.0342535600066185
19756.193044375003, -11.798614654541016, -0.526754909651354, -0.87897216796875, -0.0933002158999443, -0.05397915095090866, -0.0699898824095726
19756.203099375, -11.41077117919922, -0.2363587640784681, -2.1972811697423458, -0.08536052703857422, -0.1927333027124405, -0.08914786577224731
19756.213155375, -10.87458559691906, -0.030087706949561834, -3.4919384765625003, 0.07140155881643295, -0.2388259917497635, -0.08273544162511826
19756.223209625, -10.305019429922105, -0.06616268863901496, -4.190236651003361, 0.30927005410194397, -0.17957358062267303, -0.05652887746691704
19756.233264625, -9.862989222407341, -0.22887430977076292, -3.8859193356335164, 0.4873058795928955, -0.11137592792510986, -0.022093022242188454
19756.243319625002, -9.693990656733513, -0.55115414371714, -2.835853106081486, 0.5857256650924683, 0.020110994577407837, -0.01389208436012268
19756.253375625, -9.857301635742187, -0.8747811578772963, -1.861678765565157, 0.5711514353752136, 0.14165587723255157, -0.027850206941366196
19756.263430625, -9.995912806391717, -1.0714721368812026, -0.7714958126842976, 0.4520319104194641, 0.22901982069015503, -0.062333881855010986
19756.273485625003, -9.976902923583985, -1.1151812981441618, -0.15881973266601562, 0.2663056254386902, 0.3208216428756714, -0.09175127744674683
19756.283540625, -9.662405751943588, -1.060844182893634, -0.15702361419796945, 0.08800487965345383, 0.38381898403167725, -0.09238351136445999
19756.293596625, -9.217533212900163, -0.9701329277828337, -0.593965282291174, -0.048637352883815765, 0.3965165317058563, -0.06403907388448715
19756.303651625, -8.710086695551873, -0.7107223199866712, -1.3539344787597658, -0.12058956921100616, 0.38267233967781067, -0.00247318297624588
19756.313706625002, -8.31146563231945, -0.3688332453556359, -2.1938380368053916, -0.1035180315375328, 0.3433786928653717, 0.06341902166604996
19756.323761625, -8.233327535390854, -0.21405514469370246, -3.022215270996094, -0.007388831581920385, 0.31296244263648987, 0.11014658212661743
19756.333817625, -8.411010385751725, -0.2540220696665347, -3.5784585571289065, 0.15093612670898438, 0.290359765291214, 0.11681101471185684
19756.343872625002, -8.647967045903206, -0.4073032831214369, -3.646567217409611, 0.3253715932369232, 0.26202505826950073, 0.08991894870996475
19756.353927625, -8.573570582270623, -0.4655321772024036, -3.3168025271594526, 0.47641095519065857, 0.22607019543647766, 0.07708156108856201
19756.363982625, -8.203690338134766, -0.4408335748314858, -2.6776321282982827, 0.5648379921913147, 0.1903476119041443, 0.08773846179246902
19756.374038625003, -7.853867797851563, -0.5665721184946597, -1.7504598999023437, 0.5745581388473511, 0.15093626081943512, 0.12546202540397644
19756.384093625, -7.656427790522576, -0.7267390496470034, -0.933608697205782, 0.5286704897880554, 0.13806919753551483, 0.1784493327140808
19756.394148625, -7.556286036372185, -0.6738988398760557, -0.30940673187375073, 0.4191092550754547, 0.07275764644145966, 0.22913116216659546
19756.404203625003, -7.5537407433986665, -0.5206176081486047, 0.12977982848882677, 0.268792986869812, -0.011156692169606686, 0.27451276779174805
19756.414259625002, -7.583380279541016, -0.32991421451792124, 0.17498611450195314, 0.12408991158008575, -0.10489582270383835, 0.3091396689414978
19756.424314625, -7.749984995126725, -0.1901049585174769, -0.12334379822015763, 0.028817450627684593, -0.14196595549583435, 0.3178096115589142
19756.434369625, -8.064179280996322, -0.1125661737844348, -0.7427554321289063, 0.006251490209251642, -0.14144191145896912, 0.2884698808193207
19756.444424625002, -8.40576952636242, -0.09295696964487433, -1.3949490420520307, 0.0571274533867836, -0.12993305921554565, 0.23310650885105133
19756.454480625, -8.644672139883042, -0.05927699835039676, -1.9338284365832807, 0.1504964530467987, -0.08497785776853561, 0.16220548748970032
19756.464535625, -8.745712026357651, -0.03921875545755029, -2.077978966981173, 0.23661509156227112, -0.047315165400505066, 0.09618306905031204
19756.474590625003, -8.743467864990235, -0.076341512510553, -1.815275115966797, 0.28018027544021606, -0.04026780650019646, 0.0490606427192688
19756.484645625, -8.617878443598748, -0.08367630093824119, -1.4045295587182045, 0.27198681235313416, -0.0688009113073349, 0.036708638072013855
19756.494701625, -8.441843338608741, -0.016615744926966727, -0.9740242132544518, 0.21667394042015076, -0.11297629773616791, 0.05758405849337578
19756.504756625, -8.328529561758042, 0.034877218392211945, -0.6706051763892175, 0.13646645843982697, -0.14690203964710236, 0.1002524271607399
19756.514811625002, -8.413254547119141, -0.008532569997478277, -0.5614825375378132, 0.051196567714214325, -0.18131272494792938, 0.14098891615867615
19756.524866625, -8.679099960923196, -0.03876963790389709, -0.6176159539818764, -0.014293227344751358, -0.21360541880130768, 0.16062253713607788
19756.534922625, -9.013805694580078, -0.05942671904806048, -0.824336077272892, -0.046592701226472855, -0.2135448157787323, 0.1618635058403015
19756.544977625003, -9.319319788813592, -0.0730483834957704, -1.0900329717993738, -0.06142837181687355, -0.19058330357074738, 0.14246663451194763
19756.555032625, -9.545050379633905, -0.06197144785663113, -1.2229565557837487, -0.06268288195133209, -0.1790567934513092, 0.11323659121990204
19756.565087625, -9.710906066894532, -0.057181360828690235, -1.2891195550560952, -0.06331485509872437, -0.15786762535572052, 0.08411093056201935
19756.575143625003, -9.831703695058824, -0.026046175444498658, -1.3446536318957807, -0.07621237635612488, -0.1393669843673706, 0.058934733271598816
19756.585198625, -9.841883697509767, -0.006287236902862788, -1.4024336242675781, -0.09522654861211777, -0.10674566775560379, 0.05106988549232483
19756.595253625, -9.883497161865234, 0.049696381185203795, -1.5663429196178913, -0.12363842129707336, -0.11030691117048264, 0.054426297545433044
19756.605308625, -9.947265141606332, 0.10882344870362431, -1.651365966796875, -0.15658359229564667, -0.1472199261188507, 0.06454897671937943
19756.615364625002, -10.029892145991326, 0.1610647437069565, -1.8654209835827351, -0.15789783000946045, -0.18119804561138153, 0.06804664433002472
19756.625419625, -10.150541254878044, 0.14804186155088248, -2.1722825686633587, -0.14529389142990112, -0.176565483212471, 0.06713903695344925
19756.635474625, -10.415790252685547, 0.051342911431565885, -2.28904020935297, -0.11230930685997009, -0.21315012872219086, 0.04844178259372711
19756.645529625002, -10.772646993398666, -0.10313584833405913, -2.295476531982422, -0.05423349142074585, -0.23942433297634125, 0.018270565196871758
19756.655585625, -11.091334864497185, -0.33395581911318006, -2.334844665527344, 0.029084159061312675, -0.17969459295272827, -0.01875315047800541
19756.665640625, -11.36286961913109, -0.7327266258839518, -2.1055213992297652, 0.09552869200706482, -0.04237881675362587, -0.06522797048091888
19756.675695625003, -11.543993555903436, -1.1675722955726087, -1.6774115118384363, 0.10206158459186554, 0.11094807088375092, -0.11537294089794159
19756.685750625, -11.582463557124138, -1.3805794090870769, -1.2286451657116413, 0.050826624035835266, 0.1348954737186432, -0.13560818135738373
19756.695806625, -11.439960479736328, -1.3560304269148038, -0.9984239132702352, 0.012335455976426601, 0.10931912809610367, -0.126349538564682
19756.705861625, -11.23832977294922, -1.1942168787214906, -1.5070664785802366, 0.004301497247070074, 0.11884178966283798, -0.07741555571556091
19756.715916625002, -10.95886034667492, -0.9915383554575965, -1.623673553466797, 0.010448249988257885, 0.15489432215690613, -0.01858542673289776
19756.725971625, -10.965147857666016, -1.1343414224172013, -1.9682568423449993, 0.03191039711236954, 0.26441097259521484, 0.022355083376169205
19756.736027625, -11.24102475464344, -1.2883711114525795, -2.258054497987032, 0.06575791537761688, 0.30458948016166687, 0.014508146792650223
19756.746082625003, -11.434122619628907, -1.1368861123966054, -2.5551866085827353, 0.11508897691965103, 0.31390735507011414, -0.030531233176589012
19756.756137625, -11.413015340566636, -0.8991804376244545, -3.0476622073352337, 0.21421483159065247, 0.31474781036376953, -0.07933354377746582
19756.766192625, -11.139535217285157, -0.8592135217878968, -3.4341587765514854, 0.34890449047088623, 0.42001110315322876, -0.0935036912560463
19756.776248625, -10.791508941650392, -1.0580001514469042, -3.436404107362032, 0.4367578327655792, 0.39211729168891907, -0.08780978620052338
19756.786303625002, -10.376872354745865, -1.0449772858503275, -3.0503567504882816, 0.5341477990150452, 0.3806457221508026, -0.055306438356637955
19756.796358625, -9.771381479501725, -0.6677616194577423, -3.071912218630314, 0.5693711638450623, 0.4211242198944092, 0.019398370757699013
19756.806413625, -9.318124033212662, -0.40924926161533226, -2.565814507752657, 0.552727997303009, 0.47586095333099365, 0.10615111142396927
19756.816469625002, -9.32261294066906, -0.3388955617428292, -2.271227105408907, 0.5179749131202698, 0.5458121299743652, 0.16194941103458405
19756.826524625, -9.729169260263443, -0.3365005484927679, -2.5340803527832034, 0.5436410903930664, 0.6581543684005737, 0.17251843214035034
19756.836579625, -9.835596771240235, -0.09610043963184581, -2.7892997677624227, 0.5532878637313843, 0.6902925968170166, 0.1593107134103775
19756.846634625002, -9.693991241455079, 0.1082246380752622, -2.694995873719454, 0.5914555191993713, 0.6578689217567444, 0.14553923904895782
19756.856690625, -9.414971466064454, 0.17992555320772227, -2.6352702203392986, 0.5925014615058899, 0.600173830986023, 0.13590766489505768
19756.866745625, -9.084607874751091, 0.27812135298969226, -2.247126929014921, 0.5906388759613037, 0.624009907245636, 0.15414686501026154
19756.876800625003, -8.773554128408433, 0.42706163066031877, -1.8865266546607018, 0.5263833403587341, 0.5644432902336121, 0.18089264631271362
19756.886855625, -8.542136535644532, 0.5376816129614599, -1.7121394412219526, 0.4604134261608124, 0.46164053678512573, 0.20742838084697723
19756.896911625, -8.645570856928826, 0.5285505964304321, -1.8047971978783608, 0.3983982801437378, 0.29765409231185913, 0.21827878057956696
19756.906966625, -8.885372772216797, 0.3787121801543981, -1.8458116149902344, 0.3387618660926819, 0.1434895247220993, 0.21640977263450623
19756.917021625002, -9.122628809809685, 0.16181321471929552, -2.075284423828125, 0.33174431324005127, 0.07077539712190628, 0.18923841416835785
19756.927076625, -9.275612436532974, 0.04879823515657336, -2.469864183962345, 0.3703146278858185, 0.07511768490076065, 0.14925584197044373
19756.937132625, -9.315278778076172, 0.03996659606695176, -2.6312284786999225, 0.43398088216781616, 0.05000393092632294, 0.09952560067176819
19756.947187625003, -9.203760096430779, 0.09160920470952988, -2.548001549988985, 0.49851858615875244, 0.015326377004384995, 0.058468177914619446
19756.957242625, -9.041347249746323, 0.1663038672041148, -2.406395581662655, 0.5423511266708374, 0.009980795904994011, 0.02706000581383705
19756.967297625, -8.980274836421014, 0.15866975615266712, -2.1023779360949995, 0.5620793104171753, 0.008911270648241043, -0.005387947894632816
19756.977352625003, -9.050180053710937, 0.011376054980792106, -1.705104217529297, 0.5470128655433655, 0.012493322603404522, -0.04540251940488815
19756.987408625002, -9.08475814819336, -0.16615476434701124, -1.3956977780163289, 0.5142573714256287, 0.02947070822119713, -0.07984650880098343
19756.997463625, -9.00856658935547, -0.2983299132931279, -1.274749291688204, 0.47675061225891113, 0.045860230922698975, -0.1046973466873169
19757.007518625, -8.804840240478516, -0.30850874801399186, -1.2346327145397664, 0.4454385042190552, 0.09705418348312378, -0.10592293739318848
19757.017573625002, -8.606802647709847, -0.27288283020257953, -1.3567788568139076, 0.4182661771774292, 0.15083430707454681, -0.09266883134841919
19757.027629625, -8.665778834223747, -0.5673205392574892, -1.5955317816138268, 0.4365919232368469, 0.18040604889392853, -0.07677055895328522
19757.037684625, -8.52911478638649, -0.5948632501624525, -2.0291808825731277, 0.46333226561546326, 0.24756208062171936, -0.041556667536497116
19757.047739625003, -8.46759096801281, -0.5105885095428676, -2.4643257012963296, 0.5172854661941528, 0.24522539973258972, -0.01847132109105587
19757.057794625, -8.514892603754998, -0.3725755090545863, -2.7494825680553916, 0.58319491147995, 0.23873554170131683, 0.0006252306047827005
19757.067850625, -8.63164922118187, -0.3652407434675843, -2.874921131283045, 0.6203899383544922, 0.2326827049255371, 0.005687101278454065
19757.077905625, -8.839567438960076, -0.6291419946122915, -2.6934985479712488, 0.6359013915061951, 0.1759718358516693, 0.00455823540687561
19757.087960625002, -8.86157109618187, -0.7798784815426917, -2.6387126223742965, 0.6290570497512817, 0.18370646238327026, 0.02736980840563774
19757.098015625, -8.6876351416111, -0.8704401849769057, -2.7126594351232054, 0.6245282292366028, 0.1734703630208969, 0.0738024115562439
19757.108071625, -8.568930816650392, -0.8660992303490639, -2.9666810479760173, 0.6381636261940002, 0.17208285629749298, 0.14956213533878326
19757.118126625002, -8.573271789550782, -1.094673870317638, -3.220702514648438, 0.6598180532455444, 0.2800315022468567, 0.23645839095115662
19757.128181625, -8.862321878671647, -1.6836989954207093, -3.14017042145133, 0.6716570854187012, 0.24171632528305054, 0.31834954023361206
19757.138236625, -8.21775990843773, -1.5007793969940395, -3.349434668272734, 0.7231695652008057, 0.35300928354263306, 0.45825013518333435
19757.148292625003, -7.937843170166016, -1.3501924708765, -3.8456529235839847, 0.7727962732315063, 0.4481477737426758, 0.5967164039611816
19757.158347625, -8.007447255849838, -1.253793026106432, -3.7080889892578126, 0.7820113897323608, 0.4446944296360016, 0.7046563029289246
19757.168402625, -8.247548548579216, -0.9771682371280622, -3.56977602660656, 0.7839933037757874, 0.3601182997226715, 0.7802378535270691
19757.178457625003, -8.619525604248047, -0.7685021479055286, -3.572770093381405, 0.7891150116920471, 0.2549155354499817, 0.8385025262832642
19757.188513625002, -8.975035731196403, -0.46433467657305305, -3.529959411621094, 0.818112850189209, 0.22197145223617554, 0.8693288564682007
19757.198568625, -9.452992401123048, -0.20237946102395654, -3.462898864746094, 0.8242058753967285, 0.337822824716568, 0.872266948223114
19757.208623625, -9.936786931157112, -0.04565527908504009, -3.244203936159611, 0.7738561630249023, 0.5485146045684814, 0.8363630175590515
19757.218678625002, -10.521321970224381, 0.04041566222906113, -3.009641710817814, 0.6489516496658325, 0.7339301109313965, 0.7341489195823669
19757.228735125, -11.202105687260628, 0.17693184860050679, -2.967279510498047, 0.5013120770454407, 0.7230521440505981, 0.5685306787490845
19757.238790125, -11.547436981201173, 0.3881425238773227, -3.164419555664063, 0.3991427421569824, 0.491725891828537, 0.3817758560180664
19757.248845125003, -11.323352966308594, 0.5227127203345299, -3.5880383428931237, 0.39002859592437744, 0.19478583335876465, 0.23184336721897125
19757.258900125, -10.683433685302735, 0.6358773931860924, -4.169579315185547, 0.4776115119457245, 0.055533282458782196, 0.14913061261177063
19757.268956125, -9.932893270254135, 0.6890168890357018, -4.5292807263135915, 0.6316511034965515, 0.06029288470745087, 0.14464585483074188
19757.279011125, -9.198221613764764, 0.6125259893015027, -4.331093737185002, 0.7834939360618591, 0.15863296389579773, 0.19994576275348663
19757.289066125002, -8.928183746337892, 0.5517522956058383, -3.900738665163517, 0.8673174381256104, 0.2950563132762909, 0.2854739725589752
19757.299121125, -9.325606715083122, 0.26434998840093615, -3.086281458735466, 0.8324007987976074, 0.3322121500968933, 0.3149605691432953
19757.309176125, -10.098748957514763, -0.078287493288517, -2.2233265686035155, 0.7073342204093933, 0.3040148615837097, 0.27893757820129395
19757.319232125003, -10.879675013422967, -0.18561434257775547, -1.8558401745557787, 0.5187963247299194, 0.2824586033821106, 0.16114594042301178
19757.329287125, -11.486213124990464, -0.20312788635492326, -1.783092041015625, 0.3182261884212494, 0.22372816503047943, -0.0020698767621070147
19757.339342125, -11.460918070077897, -0.08562216751277447, -2.153422228395939, 0.19774428009986877, 0.17410822212696075, -0.15204592049121857
19757.349397125003, -10.869646453857422, 0.15762193053960802, -3.030597839355469, 0.19388297200202942, 0.17149566113948822, -0.25430890917778015
19757.359453125002, -10.058931757807732, 0.3306620733998716, -3.8589746350049974, 0.2934170067310333, 0.21243610978126526, -0.3067687451839447
19757.369508125, -9.617350616455079, 0.301323102414608, -4.305646362304688, 0.45674842596054077, 0.29707059264183044, -0.3369825780391693
19757.379563125, -9.178013636469842, 0.15178408870473506, -4.150718536376953, 0.5866535305976868, 0.3000759482383728, -0.32541653513908386
19757.389618125002, -8.629853541254997, -0.0035927668400108814, -3.635190289914608, 0.6721204519271851, 0.27287575602531433, -0.2603810727596283
19757.399674125, -8.255332946777344, -0.13531885019503534, -3.270399169921875, 0.703936755657196, 0.26324284076690674, -0.17804495990276337
19757.409729125, -7.957003326416016, -0.2996771020721644, -2.7768757501244545, 0.6675688624382019, 0.22359369695186615, -0.06679939478635788
19757.419784125002, -7.749983240962029, -0.3791617853567004, -2.254461530148983, 0.5885096192359924, 0.17032606899738312, 0.05451756715774536
19757.429839125, -7.78980044066906, -0.4927755472110585, -1.8812875494360926, 0.4497455656528473, 0.06545450538396835, 0.16566672921180725
19757.439895125, -7.911197993159295, -0.586480672666803, -1.647024409174919, 0.31767818331718445, -0.053224582225084305, 0.24643242359161377
19757.449950125003, -8.174650141596794, -0.529898299695924, -1.8272496289014817, 0.20903077721595764, -0.11502696573734283, 0.2929101884365082
19757.460005125, -8.60844805419445, -0.33979367922060194, -2.1674923834204676, 0.1420273780822754, -0.1148558259010315, 0.2976017892360687
19757.470060125, -8.970694758296013, -0.26929026436060666, -2.3827447637915613, 0.10484325885772705, -0.15177682042121887, 0.2656044363975525
19757.480116125, -9.154363403320312, -0.23097000667825343, -2.489173736572266, 0.08902125805616379, -0.17640431225299835, 0.21942846477031708
19757.490171125002, -9.220375544428826, -0.09625008495524526, -2.5870701599121095, 0.09284476190805435, -0.15692836046218872, 0.17036424577236176
19757.500226125, -9.257198969721795, 0.004041321370750666, -2.630779266357422, 0.09960257261991501, -0.0977688729763031, 0.12289772927761078
19757.510281125, -9.305099360346794, -0.03966778507456183, -2.526894709467888, 0.09676870703697205, -0.05715034529566765, 0.0805625170469284
19757.520337125003, -9.371262359619141, -0.17588448436930776, -2.4183712640404704, 0.08477101475000381, -0.02511395327746868, 0.036175236105918884
19757.530392125, -9.519752985835076, -0.35985195865854624, -2.4703132501244545, 0.0764361172914505, -0.00324673717841506, -0.005643051583319902
19757.540447125, -9.57498812377453, -0.4369415950030089, -2.4686657971143724, 0.05005022510886192, -0.01080560963600874, -0.03727203235030174
19757.550502125003, -9.759554316401482, -0.46523278148844843, -2.4866290283203125, 0.019110683351755142, 0.06190241873264313, -0.09142395108938217
19757.560557125, -9.990374908447267, -0.6923105525225401, -2.312091979980469, -0.04534951224923134, -0.01725611835718155, -0.13303539156913757
19757.570613125, -9.682764587402344, -0.520767242051661, -1.9839740118384361, -0.1232973113656044, -0.12289439886808395, -0.14859864115715027
19757.580668125, -9.388475977778436, -0.4243678338266909, -2.1844072088599207, -0.17238901555538177, -0.18661433458328247, -0.12102203071117401
19757.590723125002, -9.17097885131836, -0.3314110286347568, -2.4054974493384362, -0.20270538330078125, -0.20598669350147247, -0.07608438283205032
19757.600778125, -9.095236358642579, -0.42661313722841443, -2.5472526678442957, -0.1906784325838089, -0.22361354529857635, -0.01593950018286705
19757.610834125, -9.088799743652345, -0.5553454278968275, -2.8376493707299235, -0.1223238855600357, -0.177744060754776, 0.052741292864084244
19757.620889125003, -9.19013900756836, -0.5390293664764613, -3.254083391726017, -0.03367951512336731, -0.08167538046836853, 0.11676038056612015
19757.630944125, -9.370663604736329, -0.5123847650550306, -3.159928894042969, 0.0073049371130764484, -0.04328377917408943, 0.1575957089662552
19757.640999125, -9.762848052978516, -0.5047506402991713, -2.90456022888422, 0.01142036635428667, -0.055108070373535156, 0.14765436947345734
19757.651055125, -10.354568150639535, -0.4367920159175992, -2.7640025201439857, -0.019644608721137047, -0.12613564729690552, 0.0908999964594841
19757.661110125002, -10.732681274414062, -0.26150650570169093, -2.3463706970214844, -0.11456239223480225, -0.19836823642253876, 0.0030947027262300253
19757.671165125, -10.979818521738054, -0.32123223217204216, -2.2378466668725014, -0.20058807730674744, -0.22177022695541382, -0.08201885968446732
19757.681220125, -10.906620737314224, -0.3579059504717589, -2.3528076043725017, -0.266338586807251, -0.19575341045856476, -0.14279358088970184
19757.691275125002, -10.676398315429688, -0.4047585383243859, -2.761008161008358, -0.2895520329475403, -0.13844777643680573, -0.16726750135421753
19757.701331125, -10.436746673583984, -0.3520681269094348, -3.138074633181095, -0.28244566917419434, -0.15992385149002075, -0.17447522282600403
19757.711386125, -10.448122431635857, -0.2956355157494545, -3.429817657470703, -0.22406545281410217, -0.16470102965831757, -0.14879702031612396
19757.721441125002, -10.180329310297967, -0.051193834841251375, -3.6318971380591396, -0.15963517129421234, -0.16493335366249084, -0.0900685042142868
19757.731496125, -10.134824523925781, 0.058528052251786, -3.674409319460392, -0.10786732286214828, -0.17503871023654938, -0.024721726775169373
19757.741552125, -10.271939392089845, 0.00823262382298708, -3.533252563476563, -0.09220420569181442, -0.1786355823278427, 0.024434901773929596
19757.751607125003, -10.4647396337986, 0.05987519592046738, -3.2064820861816408, -0.13064879179000854, -0.2101953774690628, 0.04696923866868019
19757.761662125, -10.691066640615464, 0.34114030212163926, -3.0214665350317955, -0.16976699233055115, -0.25859346985816956, 0.04079752042889595
19757.771717125, -10.892249450683595, 0.6039937139488757, -2.9729679742455484, -0.20293879508972168, -0.25291189551353455, -0.0028727285098284483
19757.781773125, -11.157198486328125, 0.543220075070858, -2.9717698797583583, -0.204624205827713, -0.2581217586994171, -0.07528255879878998
19757.791828125002, -11.122470118403434, 0.4242175421118736, -2.8713293328881266, -0.19562458992004395, -0.21144984662532806, -0.16291972994804382
19757.801883125, -10.811716918945313, 0.43215104430913925, -2.8361521911621095, -0.18660350143909454, -0.10734671354293823, -0.24034658074378967
19757.811938125, -10.364745814204216, 0.5001097783260048, -2.73331574767828, -0.18174482882022858, -0.015075642615556717, -0.3063599467277527
19757.821993125002, -9.956395568847658, 0.5848335576988757, -2.690954132080078, -0.18245729804039001, 0.05028337612748146, -0.3468625247478485
19757.832049125, -9.689949645996094, 0.5135817083716393, -2.6988873419165613, -0.1943397969007492, 0.06747168302536011, -0.3651161193847656
19757.842104125, -9.554181391596794, 0.3182379369903356, -2.680775006711483, -0.2181110382080078, 0.03302406519651413, -0.3688625693321228
19757.852159125003, -9.300009943842888, 0.24758490193169566, -2.6288333129882813, -0.26227477192878723, -0.0021360544487833977, -0.3493224084377289
19757.862214125, -8.938212890625, 0.3718265258398606, -2.6562263488769533, -0.3295774757862091, 0.018541838973760605, -0.3047920763492584
19757.872270125, -8.708889770507813, 0.537232559361728, -2.7830126953125003, -0.391680508852005, 0.045434970408678055, -0.26300761103630066
19757.882325125, -8.5693798828125, 0.7185055875708349, -2.8404934564232827, -0.4476763904094696, 0.04023409262299538, -0.233980193734169
19757.892380125002, -8.513395131826401, 0.820144251768943, -3.040626983642578, -0.48273903131484985, 0.07610207796096802, -0.23068267107009888
19757.902435125, -8.707093505859376, 0.7917033377336339, -3.320395202636719, -0.4810987710952759, 0.13647927343845367, -0.2460523247718811
19757.912491125, -8.64078140258789, 0.9421405248809607, -3.4612519964575768, -0.4594499170780182, 0.1825690120458603, -0.2640976309776306
19757.922546125003, -8.487349294424057, 1.1699668537219987, -3.680845642089844, -0.41397103667259216, 0.27064982056617737, -0.26081517338752747
19757.932601125, -8.377029876708985, 1.1850854008086027, -3.764221967160702, -0.38288795948028564, 0.34725990891456604, -0.2591421604156494
19757.942656125, -8.295150146484376, 0.9451342901587487, -3.4483790588378906, -0.35908955335617065, 0.3470134437084198, -0.24262164533138275
19757.952712125, -8.09067476928234, 0.94184113830328, -3.350332946777344, -0.3462677597999573, 0.3806324005126953, -0.19500459730625153
19757.962767125002, -8.029753214120865, 0.8759780920576304, -3.266806640625, -0.3578277826309204, 0.38156944513320923, -0.13861475884914398
19757.972822125, -8.09202196776867, 0.71027269651182, -3.0680197271704674, -0.3848942816257477, 0.3175278604030609, -0.0851142480969429
19757.982877125, -8.285121002197267, 0.5415734808705748, -2.9626391601562503, -0.4009286165237427, 0.22561505436897278, -0.044507864862680435
19757.992932125002, -8.439898554682731, 0.42496597657911483, -2.98838591247797, -0.3961551785469055, 0.1838468462228775, -0.012198662385344505
19758.002988125, -8.557554473876953, 0.34772660583257675, -2.9728179931640626, -0.3888736963272095, 0.1795213669538498, 0.0074067069217562675
19758.013043125, -8.744964752197266, 0.3062628713110462, -2.7794201660156252, -0.39732417464256287, 0.16879628598690033, -0.0006456268019974232
19758.023098125002, -8.972191645503045, 0.31644172715954483, -2.601439984738827, -0.4131494164466858, 0.15368466079235077, -0.033430926501750946
19758.033153125, -9.151219355463983, 0.3147951192548499, -2.5394685620069506, -0.43420490622520447, 0.125912144780159, -0.07787668704986572
19758.043209125, -9.212742004394531, 0.3480259924102575, -2.6225460943579675, -0.4198935925960541, 0.12777210772037506, -0.12729403376579285
19758.053264125003, -9.128167877197265, 0.4023630117299035, -2.834056549072266, -0.38723766803741455, 0.17299284040927887, -0.1683059185743332
19758.063319125, -9.069040832519532, 0.4846917898440734, -2.830613708496094, -0.366570383310318, 0.11339045315980911, -0.22000227868556976
19758.073374125, -9.283544184565544, 0.3101547506405041, -2.616857630610466, -0.3352678418159485, 0.06723707914352417, -0.28687983751296997
19758.083430125, -9.275611267089845, 0.24369293580763043, -2.5493483099341394, -0.28349676728248596, 0.030174870043992996, -0.3305055499076843
19758.093485125002, -8.83328226685524, 0.22827502498403193, -2.7433454766869545, -0.24948500096797943, 0.08187827467918396, -0.35665062069892883
19758.103540125, -8.570727666020394, 0.16675294250249864, -2.519111773073673, -0.2045913189649582, 0.0906129702925682, -0.3359781503677368
19758.113595125, -8.267756525874137, 0.1442996709421277, -2.4469615173339845, -0.18551456928253174, 0.12191177904605865, -0.31466034054756165
19758.123650125002, -8.213419520258904, 0.14744309753179552, -2.210603319704533, -0.19270826876163483, 0.06746944040060043, -0.2726988196372986
19758.133706125, -8.169411036372185, 0.23725636649876833, -1.961221618652344, -0.22204193472862244, 0.02959689497947693, -0.24797776341438293
19758.143761125, -8.416098632812501, 0.20267827201634647, -1.789528363645077, -0.2621486186981201, -0.04443233460187912, -0.2140675038099289
19758.153816125003, -8.612638753652574, 0.084873267095536, -1.8489547857642175, -0.2976728081703186, -0.08516325056552887, -0.1881839632987976
19758.163871125, -8.724756190180779, -0.14145613342523575, -2.0483407464623453, -0.30811357498168945, -0.08764448016881943, -0.17312565445899963
19758.173927125, -8.811725336909294, -0.10478239685297012, -2.354154510498047, -0.29143527150154114, -0.07158801704645157, -0.15519724786281586
19758.183982125, -8.763525568842889, 0.08128071952611209, -2.604883117675781, -0.2657719552516937, -0.03670213371515274, -0.1314513087272644
19758.194037125002, -8.76577265381813, 0.24893201362341644, -2.731070709228516, -0.2389238178730011, -0.09834232181310654, -0.11080808937549591
19758.204092125, -8.791368255615234, 0.38559790698811414, -2.8048672485351562, -0.20691482722759247, -0.20350058376789093, -0.0804310068488121
19758.214147125, -8.7449641674757, 0.426911920811981, -2.97700927734375, -0.15527933835983276, -0.2904248535633087, -0.03509867563843727
19758.224203125003, -8.792865142822267, 0.4724173467233777, -3.2789311346411707, -0.07425031065940857, -0.2665388882160187, 0.020529620349407196
19758.234257875, -9.078321533203125, 0.28126481384038926, -3.496728807985783, 0.006483679637312889, -0.2007705271244049, 0.05757126212120056
19758.244312875002, -9.498198394775391, 0.1363661687448621, -3.2477961730957032, 0.05639759078621864, -0.1664498746395111, 0.05214296653866768
19758.254367875, -9.94382230103016, 0.04745103210210801, -2.9467724481225015, 0.0628882497549057, -0.14561089873313904, 0.02289772965013981
19758.264423875, -10.291098963618278, 0.06900622615590692, -2.6719436645507812, 0.01763698272407055, -0.13096581399440765, -0.031395819038152695
19758.274478875002, -10.558143056631089, 0.027692157514393332, -2.490520642697811, -0.057127535343170166, -0.1687246412038803, -0.09902653098106384
19758.284533875, -10.606642786860467, -0.028141735307872298, -2.6415565618872643, -0.1073291227221489, -0.21146564185619354, -0.14985652267932892
19758.294588875, -10.423574066162109, 0.013471710775047541, -3.109483502805233, -0.11069881916046143, -0.2341163605451584, -0.17296822369098663
19758.304644875003, -10.107879384756089, 0.11331408748403192, -3.6327949780225754, -0.05653988942503929, -0.2418152540922165, -0.15610142052173615
19758.314699875, -9.908494008779526, 0.0987942998483777, -4.034260711669922, 0.04113899916410446, -0.22843500971794128, -0.11796894669532776
19758.324754875, -9.891280975341797, -0.07559309631586075, -4.136498107910157, 0.17053091526031494, -0.22788040339946747, -0.06816515326499939
19758.334809875003, -9.897566732168197, -0.1538802606984973, -3.918401349484921, 0.2732032239437103, -0.16425721347332, -0.006198456045240164
19758.344864875, -10.021510162353517, -0.13921080261468888, -3.522774060666561, 0.3007463812828064, -0.08252913504838943, 0.05241383612155914
19758.354920875, -10.341396127939225, -0.16690323421731593, -2.8262727355957034, 0.23966491222381592, -0.10427996516227722, 0.08789379894733429
19758.364975875, -10.76680971801281, -0.25761454414576296, -2.2306610235571864, 0.15651029348373413, -0.19207096099853516, 0.10995302349328995
19758.375030875002, -11.116333465576172, -0.33799740543588996, -2.1465362548828124, 0.08406352996826172, -0.19446301460266113, 0.1246185153722763
19758.385085875, -11.380084991455078, -0.27243374576792123, -2.2155424627661704, 0.025059448555111885, -0.08895359188318253, 0.11899390071630478
19758.395141875, -11.655961888432504, -0.3403924615122378, -2.2391938653588297, -0.054717935621738434, 0.009095738641917706, 0.08392060548067093
19758.405196875003, -11.809990412592889, -0.3481762384437025, -2.1890478515625, -0.16881230473518372, 0.019832070916891098, 0.01629955880343914
19758.415251875, -11.697573598623276, -0.05807946117594839, -2.427651380002499, -0.2786248028278351, 0.005750075913965702, -0.0678587332367897
19758.425306875, -11.473640441894531, 0.2624040715768933, -3.1036462274193766, -0.329458624124527, 0.01620400696992874, -0.1620205044746399
19758.435362875, -11.192974675297737, 0.2198924200795591, -3.852988255620003, -0.3482573330402374, -0.0012530144304037094, -0.2651461064815521
19758.445417875002, -10.919043146967889, -0.07708994697779417, -4.200264918208123, -0.2748919725418091, -0.09945381432771683, -0.3474291265010834
19758.455472875, -10.138267364501953, -0.11630842834711075, -4.5765832391381265, -0.16194012761116028, -0.13742142915725708, -0.3790706694126129
19758.465527875, -9.157955932617188, -0.05822920471429825, -4.707261492311955, -0.041645072400569916, -0.07357653230428696, -0.3310205638408661
19758.475582875002, -8.34978594481945, -0.086670061647892, -4.508474286496639, 0.04384133219718933, 0.05147965997457504, -0.23695534467697144
19758.485638875, -7.9793063610792165, -0.23995127510279418, -4.010908978879452, 0.05783998966217041, 0.11433759331703186, -0.12990272045135498
19758.495693875, -8.04651659667492, -0.5566926446557046, -3.361858685910702, 0.007380540948361158, 0.10400612652301788, -0.0526188388466835
19758.505748875003, -8.386609370112419, -0.802331762239337, -2.9641354626417162, -0.07835575938224792, 0.10689803212881088, -0.011654574424028397
19758.515803875, -8.694669342041015, -0.938099505007267, -2.8455825805664063, -0.17869673669338226, 0.14561213552951813, 0.0009650799911469221
19758.525859875, -8.851243743896484, -0.9172927728295327, -2.8038194274902346, -0.270862877368927, 0.1932321935892105, -0.008856551721692085
19758.535914875, -8.863217672109604, -0.8149056513234973, -2.961142272949219, -0.3480633795261383, 0.23558656871318817, -0.02874796837568283
19758.545969875002, -8.78897382080555, -0.6180650566890836, -3.2424073791503907, -0.38735973834991455, 0.2753342390060425, -0.051143743097782135
19758.556024875, -8.680150120854378, -0.4330497613549233, -3.738027318120003, -0.3785739541053772, 0.29316917061805725, -0.06981276720762253
19758.566079875, -8.522526728510858, -0.3124006159231067, -4.1583523687720305, -0.3174954354763031, 0.26484978199005127, -0.08263913542032242
19758.576135875002, -8.3569710034132, -0.2633027520775795, -4.489464111328125, -0.21702632308006287, 0.2672439515590668, -0.08962487429380417
19758.586190875, -8.199499053955078, -0.30566462349146606, -4.666545867919922, -0.09708461910486221, 0.23822970688343048, -0.08629557490348816
19758.596245875, -7.985144805908203, -0.2800678887963295, -4.435426483154297, 0.01459637563675642, 0.2060030698776245, -0.07340161502361298
19758.606300875002, -7.829169158935548, -0.30805964302271605, -3.972139892578125, 0.09013401716947556, 0.20275461673736572, -0.04685725271701813
19758.616356875, -7.809858729243279, -0.49696684509515765, -3.397035827636719, 0.11896619945764542, 0.21915915608406067, -0.021315671503543854
19758.626411875, -7.942633209228516, -0.6388717157766223, -2.7006838989257815, 0.07538408041000366, 0.21759799122810364, -0.002078760415315628
19758.636466875003, -8.115672785639763, -0.7111713678762317, -2.107767168581486, -0.01522971410304308, 0.21955221891403198, 0.004234262742102146
19758.646521875, -8.275690028071404, -0.6707554498314858, -1.7152830505371095, -0.15578892827033997, 0.1633128523826599, -0.0018797616939991713
19758.656576875, -8.408763885498047, -0.5959110894799233, -1.525927111208439, -0.30535951256752014, 0.0768008679151535, -0.014861073344945908
19758.666632875, -8.454718322753907, -0.5671708551049233, -1.824555524289608, -0.405303955078125, -0.030477719381451607, -0.02538146637380123
19758.676687875002, -8.349037501215935, -0.39233439277857546, -2.3876844915747646, -0.43897777795791626, -0.08080427348613739, -0.02640651725232601
19758.686742875, -8.20488667845726, -0.14235422920435667, -2.997666320800781, -0.40989601612091064, -0.0875501036643982, -0.027134012430906296
19758.696797875, -8.152347106933593, 0.05852803397923708, -3.394790496826172, -0.32520243525505066, -0.08638550341129303, -0.03256233409047127
19758.706853875003, -8.20817983031273, 0.06855721481144429, -3.535497601926327, -0.22260557115077972, -0.05431448668241501, -0.051280684769153595
19758.716908875, -8.47552388548851, -0.1591193659231067, -3.400328979492188, -0.1264641284942627, -0.029018985107541084, -0.08330599218606949
19758.726963875, -8.750055338144303, -0.3625464104488492, -2.936593615114689, -0.08940406143665314, 0.01692068763077259, -0.11989466100931168
19758.737018875003, -8.984017054438592, -0.6032458367943764, -2.4522009149193766, -0.11279966682195663, 0.05288881063461304, -0.14817209541797638
19758.747073875, -9.07158612549305, -0.7876623772457242, -2.1014802423119545, -0.17946192622184753, 0.02942957915365696, -0.15717813372612
19758.757129875, -8.900041682124138, -0.7005434687063098, -1.8047969055175783, -0.2901002764701843, -0.06461969017982483, -0.14352650940418243
19758.767184875, -8.759034907221794, -0.49217676948755984, -1.995500628054142, -0.36814478039741516, -0.10091964155435562, -0.11169110983610153
19758.777239875002, -8.625662841796876, -0.17289072822779417, -2.3077510070800784, -0.45104527473449707, -0.22551482915878296, -0.0723721981048584
19758.787294875, -8.604705836176873, -0.0031437189504504204, -2.3929235967993736, -0.5035063624382019, -0.359054833650589, -0.03974725306034088
19758.797350875, -8.735234400629997, -0.042511852495372295, -2.8228298950195314, -0.4919402301311493, -0.42889198660850525, -0.012532408349215984
19758.807405875003, -8.931625417470933, -0.1736391718313098, -3.1921113842725757, -0.43039608001708984, -0.3943674564361572, 0.0020532477647066116
19758.817460875, -9.186097412109376, -0.25447111755609514, -3.333567810058594, -0.3629760444164276, -0.3149533271789551, 0.005285259801894426
19758.827515875, -9.527088317871094, -0.32736952453851703, -3.077151031494141, -0.335488885641098, -0.25075480341911316, -0.026379380375146866
19758.837570875003, -9.869576110839844, -0.4138896051049233, -2.706671740114689, -0.3585324287414551, -0.22336527705192566, -0.07202302664518356
19758.847626875002, -10.057435455322267, -0.4040101129934192, -2.4542962646484376, -0.41395583748817444, -0.23794671893119812, -0.11937569081783295
19758.857681875, -10.071355921626092, -0.3077602655813098, -2.5213568115234377, -0.49177631735801697, -0.1953561156988144, -0.15521225333213806
19758.867736875, -10.07554720580578, -0.3224297602102161, -2.8057650884985925, -0.5501859784126282, -0.20212355256080627, -0.1861574649810791
19758.877791875002, -10.030642343759537, -0.3264714287593961, -3.144212163090706, -0.5724438428878784, -0.2095649540424347, -0.19780506193637848
19758.887847875, -10.046956660151482, -0.25132765442132954, -3.5506161627173425, -0.5716936588287354, -0.2526368796825409, -0.193582221865654
19758.897902875, -9.902956110835076, 0.032332544401288035, -3.695215466916561, -0.5581640005111694, -0.3431769013404846, -0.16763770580291748
19758.907957875002, -9.889784672856331, 0.05269010078161955, -3.7925140124559404, -0.48591190576553345, -0.4332183003425598, -0.1144888624548912
19758.918012875, -10.021361643075943, 0.07544278632849455, -4.040398533940316, -0.3734058737754822, -0.3697658181190491, -0.061365462839603424
19758.928067875, -10.368189239501953, -0.2668952813744545, -3.8351747131347658, -0.3037377893924713, -0.2843165397644043, -0.03389285132288933
19758.938123875003, -10.765912170410157, -0.3861971917748451, -3.337759386599064, -0.26957929134368896, -0.1579735428094864, -0.04003516584634781
19758.948178875, -11.22785039305687, -0.4260143549367786, -3.031945037841797, -0.271576851606369, -0.10711777955293655, -0.0656159445643425
19758.958233875, -11.568992156982423, -0.4803513970971108, -2.586771074831486, -0.2913353741168976, -0.08906607329845428, -0.12060436606407166
19758.968288875, -11.64982406616211, -0.473465715944767, -2.369273363649845, -0.3500361740589142, 0.013569099828600883, -0.1825055629014969
19758.978344875002, -11.591595153808594, -0.421972796022892, -2.26329345703125, -0.4571375846862793, 0.12823523581027985, -0.26511362195014954
19758.988399875, -11.511062037348747, -0.479453264772892, -2.2544618225097657, -0.562413215637207, 0.27179357409477234, -0.38009557127952576
19758.998454875, -11.41630907714367, -0.5086425653100014, -2.7318191528320312, -0.6206602454185486, 0.3847520649433136, -0.49952369928359985
19759.008509875002, -11.037146962881089, -0.38739466499537234, -3.2745904541015625, -0.6323067545890808, 0.3736431300640106, -0.5936928391456604
19759.018564875, -10.325677642822265, -0.2528245781734586, -3.8483476129174234, -0.5881214737892151, 0.26551133394241333, -0.6136788129806519
19759.028620875, -9.386380920410156, -0.06361799865961075, -4.422553545534611, -0.4979168176651001, 0.1726604551076889, -0.5435478687286377
19759.038675875003, -8.510851593017579, 0.10448247123509646, -4.77327392578125, -0.3935943841934204, 0.11360539495944977, -0.40127700567245483
19759.048730875, -7.923025156259537, 0.17049505088478328, -4.817432683110237, -0.28669798374176025, 0.10323359072208405, -0.22591133415699005
19759.058785875, -7.859855346679688, 0.1661541510745883, -4.606520690917969, -0.20637783408164978, 0.1168426126241684, -0.06779439002275467
19759.068841875, -8.146509246826172, 0.1761833319067955, -4.096830596923828, -0.18560002744197845, 0.1504325568675995, 0.03597402945160866
19759.078896875002, -8.657995020747185, 0.22064091850072146, -3.5345997619628906, -0.22703668475151062, 0.1796697974205017, 0.0713498666882515
19759.088951875, -9.29432177245617, 0.345630963742733, -3.2645613098144532, -0.2793758511543274, 0.1872609257698059, 0.038829367607831955
19759.099006875, -9.646538747549057, 0.4308039189130068, -3.3016838201880456, -0.33135437965393066, 0.20081907510757446, -0.046791527420282364
19759.109061875002, -9.928403193354606, 0.3260217413306236, -3.431314837038517, -0.3404456377029419, 0.20651935040950775, -0.1453666239976883
19759.119117875, -9.727969996333123, 0.2998262517526746, -3.530408477783203, -0.32472366094589233, 0.22880227863788605, -0.23403151333332062
19759.129172875, -9.100923945307732, 0.4520596076175571, -3.589684918820858, -0.292842298746109, 0.2564396858215332, -0.27648690342903137
19759.139227875003, -8.443193460702897, 0.541573426052928, -3.5260677972435954, -0.24698211252689362, 0.24494415521621704, -0.2889763414859772
19759.149282875, -7.920329005122185, 0.5575902653485537, -3.2820745977759365, -0.22891412675380707, 0.2114298939704895, -0.2555955648422241
19759.159337875, -7.579039306640626, 0.32153104316443204, -2.781665496826172, -0.24056997895240784, 0.15258574485778809, -0.20981422066688538
19759.169393875, -7.420969187021256, 0.14190457832068207, -2.421514434814453, -0.24487324059009552, 0.12335764616727829, -0.1425648033618927
19759.179448875002, -7.219037348628045, 0.20686955619603398, -2.3908282470703126, -0.26411670446395874, 0.1483287662267685, -0.06982854008674622
19759.189503875, -7.291187312006951, 0.15762193053960802, -2.28664518982172, -0.30420640110969543, 0.14443981647491455, -0.005816884338855743
19759.199558875, -7.718398920893669, 0.044157880246639254, -2.157313550412655, -0.33871617913246155, 0.07988744974136353, 0.01718590222299099
19759.209614875002, -8.165220336914063, -0.04026659477502108, -2.1865034356713298, -0.3670676350593567, 0.03798602893948555, 0.005943166092038155
19759.219669875, -8.483757349848748, 0.08651982475072145, -2.3342459106445315, -0.38533344864845276, 0.03082958050072193, -0.026496266946196556
19759.22972629167, -8.69391972899437, 0.20462422538548708, -2.484533093869686, -0.37943628430366516, 0.04051266610622406, -0.08079084753990173
19759.239781291668, -8.845704676508904, 0.22992154609411955, -2.6837693658471107, -0.3472333550453186, 0.044328976422548294, -0.13773855566978455
19759.249836291667, -8.881331176757813, 0.26000897895544767, -2.7984309259057047, -0.2975021004676819, 0.027338705956935883, -0.18670935928821564
19759.25989229167, -8.835825220942498, 0.18711068160831928, -2.8848007330298424, -0.22770251333713531, 0.03647361323237419, -0.22438110411167145
19759.26994729167, -8.712631403803826, 0.09130986381322145, -2.9295579528808595, -0.1594475656747818, 0.051435668021440506, -0.23567721247673035
19759.280002291667, -8.547823537588119, 0.010927093885838986, -2.847977307736874, -0.08916300535202026, 0.08401411771774292, -0.22590260207653046
19759.29005729167, -8.249195709228516, -0.03712302200496197, -2.7566677728295326, -0.03209405019879341, 0.15764792263507843, -0.17570027709007263
19759.30011329167, -8.106542943120003, -0.07140184868127109, -2.562372105717659, -0.018149737268686295, 0.18594960868358612, -0.11491015553474426
19759.310168291668, -8.223149287104608, -0.22094084411859513, -2.0721412530541423, -0.045462314039468765, 0.12471535801887512, -0.06709858775138855
19759.320223291666, -8.413255716562272, -0.21989309616386893, -1.7286056390404703, -0.11773224920034409, 0.08868970721960068, -0.03831060975790024
19759.33027829167, -8.63928451538086, -0.1721423211693764, -1.7060026422142984, -0.20601996779441833, 0.09423842281103134, -0.01456887274980545
19759.340333291668, -8.86875849366188, -0.1927994377166033, -1.9046395745873452, -0.26694005727767944, 0.07891832292079926, -0.007737331558018923
19759.350389291667, -9.039401296377182, -0.25611762039363384, -2.314337018430233, -0.29487016797065735, 0.04833359271287918, -0.0061946758069098
19759.36044429167, -8.982520751953125, -0.0609236016869545, -2.8327093505859375, -0.27889224886894226, 0.029889069497585297, 0.015744978561997414
19759.37049929167, -9.00168032348156, 0.07918507743626833, -3.4346074041724206, -0.2128516137599945, 0.016293199732899666, 0.03402896597981453
19759.380554291667, -9.069788106679917, 0.09250748321413994, -3.8052369689941408, -0.11605929583311081, -0.001257565338164568, 0.05806026607751846
19759.39060929167, -9.206156870126724, 0.17064477615058424, -4.005071703493595, -0.014883547089993954, -0.009116264060139656, 0.07298512011766434
19759.40066529167, -9.355993525385857, 0.18755963813513518, -3.851341387331486, 0.0515279658138752, -0.04940349981188774, 0.08883625268936157
19759.410720291668, -9.392667261958122, 0.18426648627966644, -3.45107374817133, 0.08416453003883362, -0.09618662297725677, 0.10125195235013962
19759.420775291666, -9.429491271972656, 0.17962609939277174, -3.258124694824219, 0.10918013751506805, -0.10579237341880798, 0.11608762294054031
19759.43083029167, -9.502838745117188, 0.23186746291816235, -3.079845428466797, 0.10839046537876129, -0.10332170873880386, 0.12967020273208618
19759.440886291668, -9.472153726816178, 0.3168906928226352, -2.8804600524902346, 0.0889805406332016, -0.14275327324867249, 0.15035949647426605
19759.450941291667, -9.537117462158204, 0.32198021896183493, -3.0124857965111733, 0.07274572551250458, -0.10212907940149307, 0.16590851545333862
19759.46099629167, -9.99696062743664, 0.1504368354007602, -3.047812334597111, 0.04332764819264412, -0.1585444062948227, 0.14825043082237244
19759.471051291668, -10.07988817870617, 0.2267781560495496, -3.152743543088436, 0.024819932878017426, -0.14353224635124207, 0.13503114879131317
19759.481106291667, -10.302326202392578, 0.21854520332068206, -3.584146728515625, 0.025723276659846306, -0.15531912446022034, 0.10430517792701721
19759.491162291666, -10.346783752441407, 0.191900574490428, -3.6235151544213298, 0.033261436969041824, -0.22542423009872437, 0.08929117769002914
19759.50121729167, -10.113269348144533, 0.2615059027075768, -3.873794403076172, 0.09367631375789642, -0.2803247570991516, 0.10194838792085648
19759.511272291667, -9.743837585449219, 0.27886975776404144, -4.203109588623047, 0.18253757059574127, -0.26166850328445435, 0.14875179529190063
19759.521327291666, -9.64923372924328, 0.06720994323492051, -4.298161926269532, 0.2714352011680603, -0.17493760585784912, 0.19039110839366913
19759.53138329167, -9.847421595454216, -0.1788782770559192, -4.129911804199219, 0.33380773663520813, -0.09760507196187973, 0.20209477841854095
19759.541438291668, -10.168055419921876, -0.5007090631127358, -3.7402720642089844, 0.3881348967552185, -0.04112021625041962, 0.18981707096099854
19759.551493291667, -10.397377955317499, -0.7899076349660754, -3.4486781439185146, 0.4153190553188324, 0.0857364609837532, 0.1820913702249527
19759.56154829167, -10.433005625009537, -0.9373510979488493, -3.061733677983284, 0.35553401708602905, 0.2675544321537018, 0.19005289673805237
19759.571603291668, -10.35890853881836, -1.0346486933156849, -2.5511451593041423, 0.1966295838356018, 0.3765465021133423, 0.19409018754959106
19759.581659291667, -10.230624720454216, -0.873284288942814, -2.1722830072045327, -0.04111958667635918, 0.359377384185791, 0.18619604408740997
19759.59171429167, -9.917176539301872, -0.2799181269854307, -2.3462207159399986, -0.2686869502067566, 0.2334052473306656, 0.18192158639431
19759.60176929167, -9.470505396723748, 0.2947367621585727, -3.051404863893986, -0.4113612771034241, 0.14130567014217377, 0.18746282160282135
19759.611824291667, -9.271419398188591, 0.6159688116051257, -4.050127716064454, -0.44632670283317566, 0.10696569830179214, 0.18242648243904114
19759.621879291666, -9.30629687011242, 0.6668629400990904, -4.7451324462890625, -0.3673727810382843, 0.04049772396683693, 0.16220323741436005
19759.63193529167, -9.389074732661248, 0.4697229497507215, -4.959336713254452, -0.23474159836769104, 0.037229277193546295, 0.13551370799541473
19759.641990291668, -9.521250457763673, 0.04071503967046738, -4.992418212890625, -0.0778726190328598, 0.14851398766040802, 0.11236177384853363
19759.652045291667, -9.662855402827264, -0.3450327570363879, -4.6038260015845305, 0.04032977670431137, 0.3516581654548645, 0.08166813105344772
19759.66210029167, -9.900111440420151, -0.6168674921058118, -4.029620361328125, 0.07681481540203094, 0.5276243686676025, 0.0426272489130497
19759.672155291668, -10.06836214721203, -0.7423066583275796, -3.2840208435058593, 0.01802854984998703, 0.5691103339195251, 0.003970550373196602
19759.682211291667, -10.125244445800782, -0.8553216790035367, -2.6771830621361734, -0.09286653995513916, 0.5770734548568726, -0.024955373257398605
19759.69226629167, -9.976004791259767, -0.7571258416771889, -2.512675158083439, -0.2471311241388321, 0.6937031745910645, -0.04186383634805679
19759.70232129167, -9.861792882084847, -0.6012999565154314, -2.4381304675340654, -0.4141424894332886, 0.7775893211364746, -0.06964140385389328
19759.712376291667, -9.734406026601793, -0.37197672676295046, -2.6285336431860924, -0.5767653584480286, 0.8005589842796326, -0.09534038603305817
19759.722432291666, -9.759854278564454, -0.29458771297708153, -3.139571228027344, -0.6878596544265747, 0.7218897342681885, -0.1396130472421646
19759.73248729167, -9.67827392578125, -0.20612162422388794, -3.7381764221191407, -0.7480829358100891, 0.6344813108444214, -0.18959209322929382
19759.742542291668, -9.638156763911248, -0.11166802318766714, -4.47988344848156, -0.7223283052444458, 0.5528873801231384, -0.2624148726463318
19759.752597291666, -9.48637240111828, -0.09026257267221809, -5.1184561157226565, -0.6170443296432495, 0.41046521067619324, -0.33129850029945374
19759.76265229167, -9.026977717280388, 0.0649645758792758, -5.273982696533204, -0.4907971918582916, 0.2780810594558716, -0.3830548822879791
19759.772708291668, -8.448281707763673, 0.3399427375383675, -5.546715838015079, -0.3371109962463379, 0.232066810131073, -0.387581467628479
19759.782763291667, -7.918233363032342, 0.39233386287465694, -5.67499819457531, -0.1652633398771286, 0.17273637652397156, -0.3379824757575989
19759.79281829167, -7.4121357983350755, 0.28560580501332883, -5.622757123410702, 0.011039581149816513, 0.13523650169372559, -0.23918023705482483
19759.80287329167, -7.189848632812501, -0.0035928033851087096, -5.590125567018986, 0.16706566512584686, 0.10143247246742249, -0.11731050908565521
19759.812928291667, -7.276818364262581, -0.2706375542096794, -5.314100150763989, 0.286498099565506, 0.02026308886706829, -0.00499813724309206
19759.822984291666, -7.71001693725586, -0.5158276421763003, -4.784201202392579, 0.3355218470096588, -0.06102164834737778, 0.05350032448768616
19759.83303929167, -8.444389216303826, -0.7935002008080483, -4.231101379394532, 0.32999229431152344, -0.13905425369739532, 0.05407632887363434
19759.843094291668, -8.99614242553711, -0.9144487236812712, -3.6384840264916423, 0.2763138711452484, -0.2417135089635849, 0.016282077878713608
19759.853149291666, -9.275012512207033, -1.025367974359542, -3.203488311767578, 0.20079730451107025, -0.3054771423339844, -0.0390356183052063
19759.86320529167, -9.521100769042969, -1.055455462038517, -2.9945231500267986, 0.1076204851269722, -0.37142497301101685, -0.10255200415849686
19759.873260291668, -9.653275324702264, -1.14736426346004, -2.6914031982421878, 0.0057077002711594105, -0.4605465233325958, -0.15359510481357574
19759.883315291667, -9.557774505615235, -1.2234062432125212, -2.6328752008080483, -0.08845048397779465, -0.49181628227233887, -0.1720510870218277
19759.89337029167, -9.411827418208123, -1.2861257806420328, -2.8343556341528893, -0.150426983833313, -0.4566212594509125, -0.1797596663236618
19759.903425291668, -9.257348658442497, -1.2799885430932045, -3.1738499450683597, -0.16664138436317444, -0.4042488634586334, -0.15966185927391052
19759.913481291667, -9.11439651489258, -1.2244540277123452, -3.355122985839844, -0.16887569427490234, -0.41915228962898254, -0.1367880403995514
19759.923536291666, -8.919352111816407, -1.1135346856713295, -3.4694851684570316, -0.15504643321037292, -0.45828211307525635, -0.09650134295225143
19759.93359129167, -8.763077087402344, -0.9099579889699817, -3.7609294000267983, -0.1250399649143219, -0.47202029824256897, -0.04770582169294357
19759.943646291667, -8.745562922358513, -0.8205938227102161, -3.9011874389648438, -0.07936275750398636, -0.5000420808792114, -0.01088735368102789
19759.953701291666, -8.807534637451173, -0.859812230989337, -3.8118235650658607, -0.04865891486406326, -0.4705459177494049, 0.014123651199042797
19759.96375729167, -8.997339935302735, -0.9139995844289661, -3.6229161071777347, -0.038913875818252563, -0.41059765219688416, 0.004129074513912201
19759.973812291668, -9.373208312988282, -0.997226622775197, -3.2039376702904705, -0.0713554322719574, -0.3802078366279602, -0.04496082291007042
19759.983867291667, -9.670938593745232, -1.1277550410479307, -2.855012969970703, -0.11922868341207504, -0.38291335105895996, -0.10950998961925507
19759.99392229167, -9.699828516840935, -1.2193646477535367, -2.7825633367896083, -0.14786787331104279, -0.39287543296813965, -0.16466887295246124
19760.003977291668, -9.487271118164063, -1.1347904840111733, -3.224744110107422, -0.10450655221939087, -0.3287164270877838, -0.1922091543674469
19760.014033291667, -9.10511639893055, -0.8652010614797473, -3.6021099597215653, -0.0510907806456089, -0.2928287386894226, -0.19654284417629242
19760.02408829167, -9.100027567148208, -1.0008190424367787, -3.886069170534611, 0.04977484792470932, -0.2569040358066559, -0.18185071647167206
19760.03414329167, -8.824899698495866, -0.8741824578121304, -4.057912114262581, 0.14743900299072266, -0.25993290543556213, -0.1522996425628662
19760.044198291667, -8.533005523681641, -0.573607397004962, -3.970942675173283, 0.20838651061058044, -0.23958583176136017, -0.09532663226127625
19760.054254291666, -8.299192326664926, -0.45535345382988457, -3.8952004748582842, 0.24424873292446136, -0.2885925769805908, -0.022988414391875267
19760.06430929167, -8.278234736323357, -0.42751116905361414, -3.7041967901587487, 0.26199308037757874, -0.3464955687522888, 0.04621249437332153
19760.074364291668, -8.510252838134766, -0.4873868035152555, -3.5152902093529703, 0.2537044584751129, -0.4001199007034302, 0.10021978616714478
19760.084419291667, -8.849447479248047, -0.6119278191402555, -3.0993049621582034, 0.21461723744869232, -0.4677998721599579, 0.13636472821235657
19760.09447429167, -9.183402430415153, -0.7086266596242786, -2.6914031982421878, 0.1712767779827118, -0.5392671227455139, 0.1623174548149109
19760.10453029167, -9.40793551146984, -0.7587723445147276, -2.405946807861328, 0.10441012680530548, -0.5257616639137268, 0.189952552318573
19760.114585291667, -9.607171783447265, -0.7125185663625598, -2.007475725710392, -0.01948677934706211, -0.4978291392326355, 0.19654281437397003
19760.12464029167, -10.026449305415154, -0.729583080522716, -1.6660351690649988, -0.16987229883670807, -0.4539679288864136, 0.17134638130664825
19760.13469529167, -10.493628387451173, -0.7744897698238492, -1.812281633913517, -0.27065807580947876, -0.46018630266189575, 0.13110743463039398
19760.144750291667, -10.888956298828125, -0.6975498039275408, -2.2498217645287513, -0.2868410348892212, -0.4390898048877716, 0.07759441435337067
19760.154806291666, -11.16603012084961, -0.7030882135033608, -2.8199861016869545, -0.2263062298297882, -0.2956581115722656, 0.02563030645251274
19760.16486129167, -11.35793047606945, -0.7691009393334389, -3.1915132141113283, -0.17218360304832458, -0.012006152421236038, -0.04478580132126808
19760.174916291668, -11.458820673823357, -0.7078782525658608, -3.2864158630371096, -0.19012953341007233, 0.23579125106334686, -0.1304686963558197
19760.184971291666, -11.498488184809686, -0.506397124864161, -3.3521289190649988, -0.25768035650253296, 0.25301310420036316, -0.2349274605512619
19760.19502629167, -11.367809931635858, -0.1043332576006651, -3.668272081911564, -0.3180226981639862, 0.15662062168121338, -0.33750465512275696
19760.205082291668, -10.950029296875, 0.15417912650853396, -4.195026690065861, -0.31315550208091736, -0.005540051497519016, -0.4184950888156891
19760.215137291667, -10.120453822016717, 0.39008847724646334, -4.640050964355469, -0.23228870332241058, -0.1197495087981224, -0.4352944493293762
19760.22519229167, -9.24522445678711, 0.6487505866214633, -4.860243072509766, -0.11028769612312317, -0.13139338791370392, -0.38874614238739014
19760.235246250002, -8.484207000732422, 0.7788301214575768, -4.775818926393986, 0.025266671553254128, -0.10053062438964844, -0.2820192873477936
19760.24530125, -7.982599512934685, 0.7276365058869124, -4.354444300532341, 0.13624699413776398, -0.07658028602600098, -0.17248743772506714
19760.25535725, -7.948171107172967, 0.7479942815378309, -3.8191580200195316, 0.18318933248519897, -0.012714046984910965, -0.038851432502269745
19760.265412250003, -8.282276916503907, 0.7021894964575768, -3.113675079345703, 0.1523219645023346, 0.010204583406448364, 0.018240351229906082
19760.27546725, -8.86351704955101, 0.5239103031903506, -2.4495062255859374, 0.05709810182452202, 0.028143545612692833, 0.021906383335590363
19760.28552225, -9.357490997314454, 0.37676621764898305, -2.125430145263672, -0.03436656668782234, 0.030572878196835518, -0.015640193596482277
19760.295577250003, -9.576035360097885, 0.23800488319247962, -2.145188764035702, -0.08938729763031006, 0.07415438443422318, -0.06090874224901199
19760.305633250002, -9.563611781001091, 0.1751355839520693, -2.407892761230469, -0.11797793209552765, 0.1735435575246811, -0.10290572792291641
19760.31568825, -9.481582946777344, 0.11451165206730367, -2.5427622985839844, -0.1262311041355133, 0.22858889400959015, -0.13307708501815796
19760.32574325, -9.245074183344842, 0.06990437675267458, -2.544408874511719, -0.12915313243865967, 0.25718700885772705, -0.15392030775547028
19760.335798250002, -8.985364252924919, 0.15567597717046738, -2.647544403076172, -0.1460852324962616, 0.33383163809776306, -0.17707215249538422
19760.34585325, -8.794361445307732, 0.3092565680667758, -2.7867549133300784, -0.17851880192756653, 0.31537115573883057, -0.15819168090820312
19760.35590925, -8.53435272216797, 0.3466787847876549, -2.6541307067871096, -0.214774951338768, 0.25347989797592163, -0.14599750936031342
19760.365964250002, -8.359965362548829, 0.36299485534429554, -3.0829888916015626, -0.23245088756084442, 0.22137737274169922, -0.11181983351707458
19760.37601925, -8.218509521484375, 0.6397692999243737, -3.404370867311955, -0.23796993494033813, 0.13115189969539642, -0.06595652550458908
19760.38607425, -8.251890106201172, 0.7244929696619511, -3.5859432855248454, -0.23012825846672058, 0.036085568368434906, -0.03435279428958893
19760.396130250003, -8.384364624023437, 0.588725446164608, -3.7116815185546876, -0.21150802075862885, -0.07402186095714569, -0.013802828267216682
19760.40618525, -8.545129725337029, 0.4074524784833193, -3.802392590939999, -0.16873444616794586, -0.13605299592018127, -0.01080730464309454
19760.41624025, -8.71353012084961, 0.22213787879794838, -3.94684279114008, -0.07862058281898499, -0.17149564623832703, -0.022382022812962532
19760.42629525, -8.74137105345726, 0.17887769233435394, -3.869303741455078, 0.014813491143286228, -0.17682330310344696, -0.03855673223733902
19760.436350250002, -8.74346728026867, 0.25521890334784986, -3.689976946413517, 0.09709402918815613, -0.18044984340667725, -0.049657344818115234
19760.44640625, -8.703650665283204, 0.2145036444067955, -3.2516880798339844, 0.15432749688625336, -0.217788428068161, -0.060720380395650864
19760.45646125, -8.690179849863053, 0.1052308052033186, -2.8301649346947673, 0.17991647124290466, -0.21539565920829773, -0.07061707228422165
19760.466516250002, -8.818461329340936, -0.05388830490410328, -2.5729997125267983, 0.19984464347362518, -0.17830447852611542, -0.06068534031510353
19760.47657125, -8.933123474121095, -0.3005753166228533, -2.313589159548283, 0.19790910184383392, -0.11908651888370514, -0.04738535359501839
19760.48662625, -9.101524454355241, -0.48544088669121266, -2.0288815051317215, 0.17007215321063995, -0.11850834637880325, -0.03277365490794182
19760.496682250003, -9.156459630131723, -0.5019066459685564, -1.7266596856713297, 0.11326025426387787, -0.11501723527908325, -0.011214487254619598
19760.50673725, -9.152267176508904, -0.4323013177514076, -1.7699197259545327, 0.04616324603557587, -0.13003294169902802, 0.02608681283891201
19760.51679225, -9.231901575922967, -0.315394426882267, -1.9053877258300782, -0.0240172166377306, -0.15083317458629608, 0.04637639597058296
19760.526847250003, -9.543254114985466, -0.33739859573543074, -2.112856585085392, -0.0690813660621643, -0.21911075711250305, 0.03834829851984978
19760.53690225, -9.730365600585937, -0.27632574386894704, -2.522853698730469, -0.07128428667783737, -0.21201933920383453, 0.012004928663372993
19760.54695825, -9.84038622558117, -0.18815886810421945, -3.0130839666724207, -0.054937269538640976, -0.22263123095035553, -0.029336651787161827
19760.55701325, -9.853109766840936, -0.15582610443234443, -3.335663159787655, 0.009703418239951134, -0.2562883794307709, -0.07030944526195526
19760.567068250002, -9.6248356372118, 0.010178467556834221, -3.8676574578881264, 0.11038608849048615, -0.24711112678050995, -0.07587891817092896
19760.57712325, -9.300758387446404, 0.08008324630558492, -4.085005187988282, 0.2129632532596588, -0.2805939018726349, -0.05179267376661301
19760.58717825, -8.968599700927735, 0.05882744796574116, -4.008214874267578, 0.30929750204086304, -0.3235562741756439, 0.005032262299209833
19760.597234250003, -8.736581599116326, 0.07708947189152242, -4.042493298947812, 0.3867218494415283, -0.37171900272369385, 0.09399519860744476
19760.60728925, -8.720714594721795, -0.0525410333275795, -3.858675549924374, 0.432213693857193, -0.43207848072052, 0.17643308639526367
19760.61734425, -8.912765223383904, -0.15956846863031388, -3.6742590460181237, 0.4893929660320282, -0.5994421243667603, 0.2397965043783188
19760.627399250003, -8.937164484858513, 0.04954674728214741, -3.6048034796118738, 0.5360078811645508, -0.7244860529899597, 0.30347374081611633
19760.63745425, -8.993147481679916, 0.25476991027593615, -3.5476226806640625, 0.5949146747589111, -0.7705202102661133, 0.3806735575199127
19760.64751025, -9.260643564462661, 0.3348533027619124, -3.499273662418127, 0.9160876870155334, -0.6414690017700195, 0.4500986933708191
19760.65756525, -10.088420435786247, -0.564177044145763, -2.8795617739856243, 0.943866491317749, -0.05062761530280113, 0.5058593153953552
19760.667620250002, -11.58515853881836, -1.8468595822155476, -0.5658236566185951, 0.46614256501197815, 0.3929769992828369, 0.3929351568222046
19760.67767525, -12.877720642089844, -1.9336791864037515, 0.960252704769373, -0.0260457843542099, 0.37444067001342773, 0.16966110467910767
19760.68773025, -13.16347640991211, -1.3356727471947671, 0.39128631591796875, -0.4332343339920044, 0.05552715063095093, -0.08625376224517822
19760.697786250003, -12.666209895014763, -0.7575749809294939, -1.4049784786999227, -0.6527203321456909, -0.16404345631599426, -0.30305609107017517
19760.70784125, -11.79756624877453, -0.24144816230982544, -3.8712494024634365, -0.628882110118866, -0.23679035902023315, -0.45075204968452454
19760.71789625, -10.55050893187523, 0.07559254813939334, -5.451513373106718, -0.5079602003097534, -0.3695255219936371, -0.48668521642684937
19760.727951250003, -9.264683405756951, 0.15852006286382675, -5.916147600710392, -0.2773083746433258, -0.4997570216655731, -0.45141056180000305
19760.73800625, -8.273444697260857, 0.23935204513370992, -6.2098367245495325, 0.029181424528360367, -0.44711482524871826, -0.3586865961551666
19760.74806225, -7.6701997375488284, 0.4364920172095299, -6.214626617431641, 0.3867094814777374, -0.24818572402000427, -0.2064528465270996
19760.75811725, -7.552993469238282, 0.4140386360138655, -5.6862257257103925, 0.5720128417015076, -0.07526908814907074, -0.060081519186496735
