timestamp, frame, x, y, z, qx, qy, qz, qw
19710.792898041, 000000, -0.052613143, -0.0122631285, -0.6444021, 0.9937238, 0.003750419, -0.05450351, 0.09761302
19710.809566041, 000001, -0.053195868, -0.00946977, -0.65639573, 0.9936526, 0.0020134011, -0.05193292, 0.09976699
19710.826234, 000002, -0.054776173, -0.007258022, -0.6699599, 0.9935033, 0.00016344423, -0.049364474, 0.1025393
19710.842901958, 000003, -0.05642689, -0.0053589903, -0.68376255, 0.9934265, -0.0017593493, -0.047226097, 0.10426136
19710.859569833, 000004, -0.057909925, -0.0036749449, -0.69757223, 0.99323034, -0.0035466475, -0.045990553, 0.10661044
19710.876237791, 000005, -0.0576157, -0.0029320233, -0.7283197, 0.99287236, -0.0050589237, -0.044367075, 0.11050054
19710.89290575, 000006, -0.058441013, -0.001860464, -0.7478999, 0.9927233, -0.005857731, -0.041927416, 0.11273042
19710.90957375, 000007, -0.059572525, -0.0008962527, -0.76390815, 0.9927648, -0.0057249325, -0.038823735, 0.11348157
19710.926241666, 000008, -0.060683105, -0.0001665689, -0.77873755, 0.99294144, -0.004897522, -0.035342015, 0.1131119
19710.942909583, 000009, -0.06161325, 0.00039158016, -0.79310846, 0.99320996, -0.004111853, -0.031903807, 0.111799546
19710.9595775, 000010, -0.062320482, 0.00089277327, -0.8072411, 0.9934995, -0.0041899774, -0.029220337, 0.10994222
19710.976245458, 000011, -0.061512273, 0.0014584885, -0.83281845, 0.9936336, -0.0059134057, -0.027658073, 0.10905142
19710.992913416, 000012, -0.061516605, 0.0018107593, -0.85066736, 0.99371344, -0.007911042, -0.027169468, 0.108317286
19711.00958125, 000013, -0.061809707, 0.001846686, -0.86610615, 0.99374473, -0.009870957, -0.027445992, 0.10779914
19711.026249208, 000014, -0.062268764, 0.001496315, -0.8808849, 0.9937926, -0.011255707, -0.027925791, 0.107096925
19711.04291725, 000015, -0.06284358, 0.00078493747, -0.89568955, 0.9938341, -0.012006981, -0.028019162, 0.106604345
19711.059585041, 000016, -0.06351788, -0.00015847385, -0.91078794, 0.99387544, -0.012468985, -0.027203783, 0.106377095
19711.076253041, 000017, -0.06365314, -0.0018999875, -0.9368355, 0.99389964, -0.0125648705, -0.0260312, 0.10643329
19711.092920958, 000018, -0.064202525, -0.003357507, -0.9557325, 0.9940932, -0.012488286, -0.024985392, 0.10487318
19711.109589, 000019, -0.0647959, -0.004790269, -0.9722935, 0.99429375, -0.012083844, -0.024981305, 0.10300413
19711.126256833, 000020, -0.06534142, -0.006182354, -0.9881449, 0.9944422, -0.011691115, -0.025977232, 0.101356134
19711.142924791, 000021, -0.06582945, -0.00743665, -1.0038913, 0.9945105, -0.011679429, -0.02719552, 0.1003633
19711.15959275, 000022, -0.066237114, -0.008489672, -1.0196971, 0.9945788, -0.012227331, -0.0277746, 0.099458694
19711.176260625, 000023, -0.067134574, -0.009752056, -1.0463864, 0.994603, -0.013093069, -0.027734648, 0.09911701
19711.192928583, 000024, -0.067595005, -0.010602979, -1.0655955, 0.99473727, -0.0140602635, -0.027712306, 0.097632185
19711.209596666, 000025, -0.06788251, -0.011284979, -1.082186, 0.9948577, -0.014630043, -0.028661037, 0.09603474
19711.226264541, 000026, -0.0681041, -0.011870949, -1.0978197, 0.99492097, -0.014603986, -0.030634785, 0.09476506
19711.242932458, 000027, -0.068337604, -0.01229381, -1.113181, 0.99485254, -0.014142468, -0.03321518, 0.0946841
19711.259600416, 000028, -0.06868191, -0.012416162, -1.1284956, 0.99473655, -0.0133496, -0.035997037, 0.095000945
19711.27626825, 000029, -0.07014294, -0.012554273, -1.1522902, 0.99450576, -0.012152177, -0.038658675, 0.09652007
19711.29293625, 000030, -0.07112653, -0.011936411, -1.170593, 0.9943076, -0.011240893, -0.040052075, 0.09809154
19711.309604166, 000031, -0.07198013, -0.010853609, -1.1870711, 0.99429786, -0.010338812, -0.039365824, 0.09856563
19711.326272166, 000032, -0.072731495, -0.009508925, -1.202573, 0.9944728, -0.008970854, -0.03791506, 0.097498
19711.34294, 000033, -0.07340888, -0.008058693, -1.2172084, 0.9948037, -0.006712034, -0.03725757, 0.094511114
19711.359608041, 000034, -0.074048534, -0.0065392815, -1.2311981, 0.99506027, -0.0037880747, -0.038211863, 0.09154497
19711.376276041, 000035, -0.07524082, -0.005331628, -1.2532552, 0.99510837, -0.0013391728, -0.040003773, 0.09031738
19711.392943875, 000036, -0.07609025, -0.0033889096, -1.2696319, 0.99505347, -0.00058323063, -0.041565824, 0.090225294
19711.409611875, 000037, -0.076851495, -0.0010491906, -1.284228, 0.99493, -0.0012042511, -0.04198065, 0.09138013
19711.426279791, 000038, -0.077613115, 0.0014194809, -1.29811, 0.99479336, -0.002419475, -0.041387286, 0.09309857
19711.442947833, 000039, -0.07838804, 0.003798617, -1.3114355, 0.9946571, -0.0034174141, -0.040619276, 0.09484517
19711.459615708, 000040, -0.07916097, 0.005947631, -1.3241644, 0.9945156, -0.0036942959, -0.040516116, 0.096350856
19711.476283583, 000041, -0.08067784, 0.007194385, -1.3426039, 0.99435174, -0.0032217375, -0.04121682, 0.09775122
19711.492951541, 000042, -0.08179223, 0.008701205, -1.3564138, 0.9942023, -0.0022998834, -0.042478777, 0.098752454
19711.509619458, 000043, -0.08283889, 0.010251094, -1.3686737, 0.9941004, -0.0012810305, -0.04310945, 0.09952074
19711.526287416, 000044, -0.08387077, 0.011831898, -1.3803672, 0.99406993, -0.0005516602, -0.042803742, 0.099962346
19711.542955375, 000045, -0.08486033, 0.013433872, -1.3917481, 0.99408823, -0.0002552225, -0.041798566, 0.10020632
19711.559623416, 000046, -0.08576844, 0.01500899, -1.4027865, 0.99414456, -0.00034946838, -0.040850226, 0.100038186
19711.576291291, 000047, -0.08776815, 0.015706118, -1.4211878, 0.9941771, -0.0006825363, -0.04023575, 0.09996246
19711.592959291, 000048, -0.08891786, 0.016794823, -1.4341688, 0.99420685, -0.0013143873, -0.040052585, 0.099733755
19711.60962725, 000049, -0.089791864, 0.017886247, -1.4453304, 0.99428606, -0.0022625616, -0.03960316, 0.099104345
19711.626295083, 000050, -0.09059836, 0.018797558, -1.455785, 0.99444443, -0.0032060537, -0.03858996, 0.097881466
19711.642963125, 000051, -0.091424435, 0.019461952, -1.4658778, 0.99465126, -0.0039642705, -0.037032504, 0.096341684
19711.659631041, 000052, -0.09228912, 0.019885931, -1.475706, 0.99488425, -0.004515984, -0.034916684, 0.094687134
19711.676298875, 000053, -0.094796225, 0.018601626, -1.4957927, 0.99513686, -0.004787606, -0.032253556, 0.09294855
19711.692966833, 000054, -0.09624294, 0.018059228, -1.5085456, 0.99541867, -0.0045974473, -0.029014891, 0.090986945
19711.709634875, 000055, -0.097338185, 0.017603632, -1.5187474, 0.9957206, -0.0038974422, -0.025172604, 0.088834815
19711.726302708, 000056, -0.098281756, 0.017086111, -1.5278462, 0.99600786, -0.002724867, -0.021097703, 0.086693384
19711.742970708, 000057, -0.09911333, 0.01657356, -1.5362153, 0.9962827, -0.0015454113, -0.01739919, 0.08435399
19711.759638583, 000058, -0.099816054, 0.016156401, -1.5439519, 0.9965416, -0.00075083826, -0.014932574, 0.081738755
19711.776306708, 000059, -0.10232459, 0.015099334, -1.5594251, 0.99661714, -0.00041611755, -0.014229188, 0.080942474
19711.792974625, 000060, -0.10344953, 0.014705345, -1.5692631, 0.9965816, -0.000966346, -0.013802413, 0.081446454
19711.809642458, 000061, -0.104129255, 0.014644347, -1.5773506, 0.99645233, -0.0023918082, -0.012783529, 0.083147235
19711.826310416, 000062, -0.1046872, 0.01473606, -1.5848055, 0.99628115, -0.004192584, -0.010828257, 0.08537508
19711.842978416, 000063, -0.10523733, 0.014757253, -1.5917603, 0.9961843, -0.0052390704, -0.008364385, 0.08671441
19711.859646291, 000064, -0.10580586, 0.014553405, -1.5981394, 0.99616766, -0.004682234, -0.0065777185, 0.0870907
19711.876314333, 000065, -0.10780519, 0.014620796, -1.61419, 0.9961219, -0.0023844638, -0.00638718, 0.08771916
19711.892982208, 000066, -0.10873416, 0.014283769, -1.6231474, 0.99602324, 0.0006394542, -0.0066929315, 0.08883963
19711.909650125, 000067, -0.109138176, 0.013956577, -1.6299092, 0.99590915, 0.003551114, -0.0061352723, 0.09008135
19711.926318125, 000068, -0.10911094, 0.013851844, -1.6359917, 0.99580634, 0.0057065673, -0.0041792067, 0.091211975
19711.942986125, 000069, -0.10865182, 0.014044045, -1.6417526, 0.995756, 0.006847498, -0.0010861863, 0.0917713
19711.959654, 000070, -0.107795194, 0.0145230815, -1.6471741, 0.99575, 0.006971779, 0.0021157218, 0.09180834
19711.976321875, 000071, -0.1077811, 0.015818615, -1.6686312, 0.9957343, 0.006315111, 0.004250478, 0.091952175
19711.992989875, 000072, -0.10671194, 0.016850676, -1.6786207, 0.9957019, 0.0048517794, 0.0053645773, 0.09233247
19712.00965775, 000073, -0.10520616, 0.017833438, -1.6847419, 0.9956642, 0.0026640797, 0.0056690364, 0.0928089
19712.026325708, 000074, -0.10350753, 0.018747177, -1.6894678, 0.995652, 0.00011307313, 0.00600945, 0.0929568
19712.04299375, 000075, -0.10174376, 0.019513275, -1.6935693, 0.9957115, -0.0024666523, 0.006859802, 0.09222522
19712.059661583, 000076, -0.09996809, 0.020034958, -1.6972398, 0.9958234, -0.0048185466, 0.0078045907, 0.09083845
19712.076329541, 000077, -0.099921994, 0.021100622, -1.7230192, 0.9959131, -0.0066891187, 0.008171787, 0.08969704
19712.0929975, 000078, -0.0988411, 0.02123978, -1.7334448, 0.99594694, -0.007922972, 0.007749747, 0.08925659
19712.109665541, 000079, -0.09753025, 0.020793885, -1.7389807, 0.99581826, -0.008259749, 0.006882291, 0.09072156
19712.126333458, 000080, -0.09622207, 0.019959796, -1.7429265, 0.9956048, -0.007976584, 0.006391838, 0.09309373
19712.143001291, 000081, -0.09497203, 0.018861406, -1.7462431, 0.9953979, -0.007241396, 0.0064676404, 0.09533472
19712.159669291, 000082, -0.093808696, 0.01753398, -1.749154, 0.9952248, -0.005855233, 0.0066615758, 0.09720561
19712.17633725, 000083, -0.09304115, 0.016809136, -1.7665249, 0.995093, -0.0035220953, 0.0069234967, 0.09863822
19712.193005208, 000084, -0.09206247, 0.015364416, -1.7737509, 0.9950357, -0.00012323327, 0.0071411035, 0.099261485
19712.209673125, 000085, -0.09095287, 0.013735365, -1.7778026, 0.99499476, 0.003645168, 0.008008885, 0.09953899
19712.226341041, 000086, -0.08972178, 0.01230854, -1.780862, 0.99492145, 0.006559449, 0.009351053, 0.100004084
19712.243009125, 000087, -0.08834423, 0.0113222785, -1.783501, 0.99482906, 0.007564917, 0.0107718175, 0.10070666
19712.259676958, 000088, -0.08686441, 0.01077738, -1.7857546, 0.9947769, 0.0067356694, 0.011557391, 0.101193
19712.276344958, 000089, -0.08536512, 0.01046557, -1.7876056, 0.9947492, 0.004991867, 0.011367802, 0.10158649
19712.293012791, 000090, -0.08392581, 0.010161638, -1.7890908, 0.99476326, 0.0033977386, 0.01036418, 0.10162211
19712.309680708, 000091, -0.082432546, 0.0104592, -1.8047904, 0.9948, 0.0024177188, 0.009404095, 0.10138378
19712.326348708, 000092, -0.08124365, 0.010177702, -1.8118862, 0.9948108, 0.0022194379, 0.007812841, 0.101417504
19712.343016583, 000093, -0.08030431, 0.00959277, -1.8151311, 0.9947577, 0.0024617813, 0.0064292694, 0.10202793
19712.359684583, 000094, -0.07954949, 0.0089146495, -1.8172876, 0.99468476, 0.0028285277, 0.006048719, 0.10274994
19712.376352541, 000095, -0.07890299, 0.008220956, -1.8191105, 0.9946431, 0.003349006, 0.006407593, 0.103115775
19712.393020416, 000096, -0.07829487, 0.0075116605, -1.8207134, 0.99463934, 0.0042825663, 0.0067333174, 0.10309622
19712.4096885, 000097, -0.07831818, 0.009455474, -1.8290066, 0.9946525, 0.0056037656, 0.0061829397, 0.10294051
19712.426356416, 000098, -0.077871725, 0.009714004, -1.8324481, 0.99469006, 0.0069072563, 0.0049910285, 0.10256255
19712.443024375, 000099, -0.07720676, 0.009529639, -1.8343517, 0.99476165, 0.0077416827, 0.003679003, 0.10186114
19712.459692291, 000100, -0.07638562, 0.009337161, -1.8359011, 0.9948491, 0.0076311626, 0.00274614, 0.10104189
19712.476360125, 000101, -0.07551296, 0.009277504, -1.8375291, 0.9949076, 0.006525951, 0.0022234856, 0.100554526
19712.493028125, 000102, -0.07470503, 0.009317625, -1.839328, 0.9949266, 0.004522071, 0.002284372, 0.1004765
19712.509696041, 000103, -0.07596505, 0.007874284, -1.8468555, 0.9949212, 0.002451774, 0.0026245778, 0.100592256
19712.526364, 000104, -0.07611913, 0.007286055, -1.85068, 0.99489504, 0.00071034994, 0.0028716798, 0.100871205
19712.543032, 000105, -0.07609852, 0.006874714, -1.8533503, 0.9948525, -0.0004903589, 0.0029595792, 0.10128924
19712.559699833, 000106, -0.07620163, 0.006479569, -1.8556894, 0.99479914, -0.0012832124, 0.0029255725, 0.10180549
19712.576367833, 000107, -0.07651898, 0.00610302, -1.8579665, 0.9947381, -0.0019161565, 0.0028177064, 0.10239346
19712.593035791, 000108, -0.07706486, 0.0057599433, -1.8602542, 0.9946847, -0.0024731362, 0.0028443786, 0.1028986
19712.60970375, 000109, -0.07858849, 0.0054764897, -1.8651074, 0.99465454, -0.0028921308, 0.003034249, 0.1031735
19712.626371625, 000110, -0.079806924, 0.005233858, -1.8684865, 0.99465096, -0.0033166674, 0.0033421845, 0.10318591
19712.643039583, 000111, -0.080979586, 0.005026132, -1.8712636, 0.9946258, -0.0037186446, 0.0037294824, 0.10340101
19712.6597075, 000112, -0.08222854, 0.004884403, -1.8739055, 0.9945705, -0.0043050847, 0.004357395, 0.10388417
19712.676375458, 000113, -0.08357823, 0.0048364177, -1.8765281, 0.99450916, -0.005187113, 0.0054052584, 0.104381174
19712.693043333, 000114, -0.085772365, 0.003799554, -1.8813499, 0.99443996, -0.006368665, 0.006808047, 0.10489169
19712.709711333, 000115, -0.08762425, 0.0035508312, -1.8845917, 0.9943489, -0.007643127, 0.007948185, 0.105587445
19712.72637925, 000116, -0.08949362, 0.0035272911, -1.8872117, 0.99427354, -0.008760758, 0.008465489, 0.10616806
19712.743047166, 000117, -0.09148097, 0.0035072863, -1.8895844, 0.9942047, -0.009512693, 0.008437705, 0.10674862
19712.759715125, 000118, -0.09359139, 0.003438525, -1.8919657, 0.994131, -0.009974924, 0.008523362, 0.10738362
19712.776383083, 000119, -0.0957949, 0.0033894815, -1.8945223, 0.9940471, -0.010546705, 0.00930893, 0.10803895
19712.793051, 000120, -0.098095864, 0.0034188144, -1.8972679, 0.9939593, -0.011435738, 0.010930975, 0.10860313
19712.809719, 000121, -0.09964955, 0.0047998168, -1.9008452, 0.99390405, -0.012333516, 0.012893368, 0.10879502
19712.826386875, 000122, -0.10178858, 0.0052809753, -1.9038776, 0.993903, -0.0126089305, 0.014544733, 0.108564585
19712.843054833, 000123, -0.104178935, 0.005306646, -1.9066268, 0.99393034, -0.012262934, 0.015662042, 0.10819764
19712.859722833, 000124, -0.10664034, 0.0052830167, -1.9093167, 0.9939601, -0.012093539, 0.016469197, 0.10782312
19712.876390708, 000125, -0.109123245, 0.0053989813, -1.912047, 0.9939986, -0.01256033, 0.017280644, 0.107286334
19712.893058625, 000126, -0.111597486, 0.0053145885, -1.9171273, 0.99402416, -0.013687674, 0.01832213, 0.10673715
19712.909726625, 000127, -0.11402992, 0.005581865, -1.9207472, 0.9940389, -0.015185946, 0.01946104, 0.106194496
19712.9263945, 000128, -0.116427585, 0.0059165247, -1.923956, 0.99406385, -0.016507402, 0.02069792, 0.10552745
19712.943062416, 000129, -0.11882108, 0.0062161647, -1.9270529, 0.99409795, -0.017438015, 0.021721631, 0.10484884
19712.959730458, 000130, -0.121217266, 0.006468583, -1.9301273, 0.9941413, -0.018189574, 0.02215242, 0.10421836
19712.976398416, 000131, -0.12358533, 0.0066650063, -1.9332663, 0.994154, -0.018946357, 0.021981256, 0.1039987
19712.993066166, 000132, -0.12590984, 0.0067837797, -1.9365252, 0.9941572, -0.019746913, 0.021416578, 0.10393713
19713.009734166, 000133, -0.13606565, 0.0073477775, -1.9377621, 0.9941557, -0.020214122, 0.018244991, 0.10446487
19713.026402166, 000134, -0.14078711, 0.0074759386, -1.9408087, 0.9940534, -0.020966666, 0.016209207, 0.10561923
19713.043070166, 000135, -0.14375167, 0.007421771, -1.9446822, 0.9939078, -0.021842945, 0.014594298, 0.1070384
19713.059737958, 000136, -0.14613459, 0.0072288364, -1.949088, 0.99375826, -0.022428172, 0.013417444, 0.108449765
19713.076406, 000137, -0.14832403, 0.0068820193, -1.9539291, 0.99364847, -0.022343619, 0.012650824, 0.10956039
19713.093073958, 000138, -0.15041329, 0.006378554, -1.9591686, 0.99359035, -0.021580007, 0.012348739, 0.11027222
19713.10974175, 000139, -0.15370741, 0.006603647, -1.9673556, 0.99360114, -0.020467626, 0.012349518, 0.11038736
19713.126409833, 000140, -0.15604423, 0.0062828697, -1.9744264, 0.99362224, -0.019530628, 0.013053887, 0.110286176
19713.14307775, 000141, -0.1579228, 0.0057608224, -1.9813029, 0.99362403, -0.019048119, 0.013943987, 0.110244915
19713.159745625, 000142, -0.15956594, 0.0051702634, -1.9883338, 0.9936156, -0.019059043, 0.014551742, 0.11024013
19713.176413541, 000143, -0.16103695, 0.0044733025, -1.9956123, 0.99358815, -0.01931269, 0.014740894, 0.11041825
19713.193081458, 000144, -0.16239181, 0.0036208332, -2.003183, 0.99354804, -0.019556979, 0.014574263, 0.110758334
19713.209749458, 000145, -0.16368215, 0.002602242, -2.0111074, 0.99346596, -0.019718764, 0.014181468, 0.111513585
19713.226417333, 000146, -0.16583729, 0.0019284636, -2.0198846, 0.99335784, -0.019715419, 0.013783886, 0.11252326
19713.243085375, 000147, -0.1673269, 0.00086222216, -2.028729, 0.99329454, -0.019829897, 0.013759563, 0.11306369
19713.259753291, 000148, -0.1685345, -0.0003397277, -2.0378327, 0.993253, -0.020028122, 0.013799787, 0.113388255
19713.276421166, 000149, -0.16959196, -0.0015304015, -2.0472872, 0.9932132, -0.020374738, 0.013867223, 0.11366685
19713.293089125, 000150, -0.17147218, -0.0030267835, -2.059466, 0.99320006, -0.020937255, 0.013662558, 0.113704056
19713.309757, 000151, -0.17276344, -0.00403657, -2.070329, 0.9932519, -0.021627186, 0.013280994, 0.11316603
19713.326424916, 000152, -0.17384037, -0.004887527, -2.080902, 0.9933913, -0.021948002, 0.012570777, 0.11195523
19713.343092833, 000153, -0.17480038, -0.0056908187, -2.091539, 0.99359685, -0.021868179, 0.0115100965, 0.11024784
19713.359760791, 000154, -0.17570126, -0.0064085443, -2.102396, 0.9938512, -0.021823173, 0.00998024, 0.108091936
19713.376428833, 000155, -0.17653495, -0.007016791, -2.113587, 0.9940806, -0.022184288, 0.007977819, 0.10605629
19713.393096666, 000156, -0.17818037, -0.007635249, -2.125502, 0.9942637, -0.023059767, 0.00578787, 0.10428029
19713.409764708, 000157, -0.17918347, -0.008113634, -2.1376915, 0.99442315, -0.024163438, 0.003917011, 0.10258357
19713.426432583, 000158, -0.17996697, -0.008549264, -2.1502147, 0.99460447, -0.025198527, 0.0024143632, 0.10060341
19713.443100541, 000159, -0.1806588, -0.009007357, -2.1629994, 0.9948047, -0.025893724, 0.0008929448, 0.09844921
19713.459768375, 000160, -0.18127693, -0.009514993, -2.175938, 0.9950066, -0.026123056, -0.0010639483, 0.096323706
19713.476436375, 000161, -0.18184368, -0.010020504, -2.1889522, 0.99521387, -0.025976028, -0.0035774251, 0.09413703
19713.493104333, 000162, -0.18214695, -0.010410873, -2.201748, 0.99548376, -0.02538317, -0.0066191847, 0.091236025
19713.509772291, 000163, -0.1825915, -0.010737859, -2.2147632, 0.99577576, -0.024358911, -0.010489929, 0.08790462
19713.526440208, 000164, -0.18302934, -0.010943687, -2.2281432, 0.99590975, -0.023142967, -0.014850432, 0.086067714
19713.543108125, 000165, -0.183473, -0.010852139, -2.2421174, 0.99580663, -0.022422235, -0.01862831, 0.08671396
19713.559776041, 000166, -0.18395178, -0.0102697965, -2.2566776, 0.99556845, -0.023053719, -0.0206907, 0.08879091
19713.576444041, 000167, -0.18446782, -0.009219585, -2.271512, 0.99534863, -0.024805374, -0.020977136, 0.09069564
19713.593111833, 000168, -0.18199728, -0.008983675, -2.2857316, 0.9953198, -0.026151478, -0.020102462, 0.09083213
19713.609779875, 000169, -0.18170911, -0.008221991, -2.2997317, 0.9955118, -0.025492229, -0.020685857, 0.08876111
19713.626447791, 000170, -0.18211785, -0.0074889846, -2.313446, 0.9956996, -0.022822363, -0.023173103, 0.08674326
19713.643115708, 000171, -0.18278475, -0.006640453, -2.3272, 0.9957624, -0.019815665, -0.026519123, 0.08579749
19713.659783583, 000172, -0.18361607, -0.0054105017, -2.3413157, 0.99563646, -0.018022979, -0.0294194, 0.0867046
19713.676451458, 000173, -0.18458085, -0.0037409551, -2.3559027, 0.9953936, -0.017793529, -0.030813439, 0.089025386
19713.693119458, 000174, -0.18147106, -0.0023524724, -2.370854, 0.99512917, -0.018596902, -0.03023385, 0.09196737
19713.709787458, 000175, -0.18129277, -0.00054036244, -2.3859367, 0.9948777, -0.019295845, -0.029128298, 0.09485472
19713.726455333, 000176, -0.18215212, 0.0013100617, -2.4008937, 0.9946024, -0.019534541, -0.028860133, 0.097732246
19713.743123291, 000177, -0.18347871, 0.0031036136, -2.4156063, 0.99427575, -0.01943552, -0.030206652, 0.10062554
19713.759791208, 000178, -0.1851041, 0.0048210174, -2.4301379, 0.99394804, -0.019303562, -0.032751925, 0.10306234
19713.776459166, 000179, -0.18694429, 0.0063650943, -2.444704, 0.9936736, -0.019083908, -0.035250615, 0.10490913
19713.793127041, 000180, -0.1876689, 0.0064818, -2.4594312, 0.9935237, -0.018429017, -0.03650261, 0.10601185
19713.809794958, 000181, -0.1893317, 0.0068498217, -2.4743671, 0.9935675, -0.017076548, -0.03648933, 0.10583208
19713.826462916, 000182, -0.19127235, 0.006949147, -2.4894247, 0.99370444, -0.015248922, -0.036008168, 0.104987614
19713.843130958, 000183, -0.19329114, 0.0066445135, -2.5045624, 0.9938835, -0.013300589, -0.035464063, 0.10373541
19713.85979875, 000184, -0.19532001, 0.0059295148, -2.5197568, 0.9940358, -0.011543324, -0.035144992, 0.10258872
19713.876466708, 000185, -0.19728953, 0.0048275217, -2.5349774, 0.99416786, -0.01020499, -0.035178263, 0.10143204
19713.893134666, 000186, -0.19897851, 0.0025788657, -2.5495973, 0.99430263, -0.00919223, -0.03524681, 0.100176886
19713.909802625, 000187, -0.20079269, 0.00048622116, -2.5648394, 0.99444306, -0.008213459, -0.03516646, 0.0988881
19713.926470458, 000188, -0.2027439, -0.0017161015, -2.5804515, 0.9945416, -0.007181889, -0.03499293, 0.09803514
19713.943138333, 000189, -0.20484087, -0.004025977, -2.596384, 0.9945993, -0.006208935, -0.03450376, 0.09768898
19713.959806375, 000190, -0.20705006, -0.0063702688, -2.6126318, 0.9946554, -0.0055998666, -0.03330822, 0.09756975
19713.976474333, 000191, -0.20932625, -0.008654732, -2.6291378, 0.99472594, -0.0055792495, -0.031491514, 0.09745459
19713.993142166, 000192, -0.2116462, -0.009371955, -2.6460724, 0.9947966, -0.0061264415, -0.029525882, 0.09731615
19714.009810208, 000193, -0.21413672, -0.010904172, -2.6628911, 0.9948689, -0.0070292153, -0.028113784, 0.09693331
19714.026478, 000194, -0.2168166, -0.012594398, -2.6796627, 0.9948629, -0.008077649, -0.02776936, 0.097011775
19714.043146083, 000195, -0.21972053, -0.014193911, -2.6964579, 0.9947097, -0.00919196, -0.028502863, 0.09826341
19714.059813958, 000196, -0.22290301, -0.015552912, -2.7133396, 0.9944743, -0.0104050115, -0.029532133, 0.10020163
19714.076481791, 000197, -0.22635822, -0.016587533, -2.7302804, 0.9942814, -0.011504882, -0.030205607, 0.101782784
19714.09314975, 000198, -0.23026906, -0.017692037, -2.7473893, 0.99424523, -0.012000206, -0.030385902, 0.102024935
19714.109817666, 000199, -0.23423098, -0.018248156, -2.764441, 0.99432015, -0.011495139, -0.029978005, 0.10147186
19714.126485583, 000200, -0.23828621, -0.018401228, -2.781641, 0.9943914, -0.010716621, -0.028676206, 0.101235375
19714.143153541, 000201, -0.24233331, -0.018154964, -2.7989163, 0.99448794, -0.010414071, -0.027025135, 0.1007711
19714.159821541, 000202, -0.24632192, -0.017516501, -2.8161566, 0.9944832, -0.01083004, -0.026302412, 0.100965306
19714.176489416, 000203, -0.2503159, -0.016577106, -2.8333356, 0.9943905, -0.01162152, -0.026672808, 0.10169102
19714.193157291, 000204, -0.25499472, -0.015015883, -2.8506389, 0.9943257, -0.012221118, -0.027529465, 0.10202526
19714.209825208, 000205, -0.2592714, -0.013730034, -2.8678055, 0.9943406, -0.012235176, -0.028361281, 0.10164926
19714.226493166, 000206, -0.26343524, -0.012525775, -2.884962, 0.99443257, -0.011733891, -0.028922338, 0.10064647
19714.243161125, 000207, -0.26752603, -0.0113598425, -2.9022088, 0.9945664, -0.010872134, -0.02892188, 0.099412926
19714.259829041, 000208, -0.2715094, -0.0101958215, -2.919643, 0.99461496, -0.009983175, -0.02838149, 0.099176124
19714.276496958, 000209, -0.27535343, -0.008933879, -2.9372349, 0.99450326, -0.009647424, -0.027610166, 0.10053814
19714.293164875, 000210, -0.27993375, -0.007278802, -2.9551516, 0.99424726, -0.010053978, -0.026927935, 0.10317967
19714.30983275, 000211, -0.2837511, -0.0057800636, -2.972684, 0.99395865, -0.01056835, -0.026523186, 0.105976045
19714.326500708, 000212, -0.28721362, -0.004474003, -2.9898858, 0.993694, -0.01045948, -0.026620023, 0.10841684
19714.343168666, 000213, -0.2904599, -0.0033555196, -3.006868, 0.9934424, -0.009570594, -0.02725251, 0.11062488
19714.359836541, 000214, -0.2935685, -0.0022960268, -3.0238285, 0.99318635, -0.008559661, -0.028047632, 0.11278726
19714.3765045, 000215, -0.29655442, -0.0011989492, -3.0409048, 0.9929443, -0.008219654, -0.028561564, 0.114796706
19714.393172541, 000216, -0.29867485, -0.0010642447, -3.0574546, 0.99273163, -0.009073632, -0.02918561, 0.116403244
19714.409840333, 000217, -0.3012505, -0.00036587566, -3.0744586, 0.9924834, -0.011064458, -0.03062355, 0.11796803
19714.42650825, 000218, -0.30408028, 0.00027018413, -3.0916057, 0.9920526, -0.013888597, -0.033426404, 0.120504536
19714.443176291, 000219, -0.30712262, 0.00045505376, -3.1088245, 0.99154264, -0.016334606, -0.03673543, 0.12339691
19714.459844166, 000220, -0.3102884, -4.8056245e-06, -3.1261477, 0.9912407, -0.017494362, -0.038877424, 0.12499766
19714.476512083, 000221, -0.31348044, -0.001052048, -3.1436434, 0.9912657, -0.017563988, -0.038889453, 0.124784894
19714.493179958, 000222, -0.31679174, -0.0026911423, -3.1595964, 0.9914899, -0.0173588, -0.037388273, 0.1234846
19714.509847958, 000223, -0.3199442, -0.004429657, -3.1767683, 0.9916349, -0.017758906, -0.036269594, 0.12259389
19714.526515833, 000224, -0.32295302, -0.0063501205, -3.1942902, 0.9916463, -0.018611385, -0.036422785, 0.12233007
19714.543183833, 000225, -0.32583568, -0.008520618, -3.2118926, 0.9915568, -0.019425666, -0.03795639, 0.1224623
19714.559851666, 000226, -0.32863092, -0.010937478, -3.2295747, 0.99140805, -0.019878108, -0.04044844, 0.12279577
19714.576519625, 000227, -0.33137873, -0.0135534145, -3.2474825, 0.9912571, -0.019913375, -0.042883642, 0.12318213
19714.5931875, 000228, -0.33326054, -0.017319262, -3.264027, 0.99123013, -0.019587943, -0.04412427, 0.1230124
19714.609855416, 000229, -0.33564353, -0.020474352, -3.2820716, 0.991374, -0.018890643, -0.044074122, 0.12197616
19714.626523416, 000230, -0.33811206, -0.023459567, -3.3007455, 0.99158037, -0.017693214, -0.04359773, 0.12064173
19714.643191333, 000231, -0.34051687, -0.02634029, -3.3197036, 0.99180263, -0.016214982, -0.043241534, 0.11914126
19714.65985925, 000232, -0.3427933, -0.029039737, -3.3388016, 0.9919522, -0.0149010895, -0.043483067, 0.11797501
19714.676527166, 000233, -0.34489125, -0.03149835, -3.3579922, 0.9919748, -0.014009577, -0.044494856, 0.11751596
19714.693195125, 000234, -0.34722206, -0.032636147, -3.3764122, 0.99188185, -0.013651418, -0.046092868, 0.11772581
19714.709862958, 000235, -0.34910977, -0.034120463, -3.395472, 0.99176383, -0.013692049, -0.047822107, 0.11802559
19714.726530916, 000236, -0.35082877, -0.035430826, -3.41468, 0.9917014, -0.01400446, -0.049889736, 0.11765681
19714.743198833, 000237, -0.35251075, -0.03640374, -3.4337685, 0.99174637, -0.01431977, -0.053195346, 0.115777396
19714.759866791, 000238, -0.3542474, -0.037095178, -3.452789, 0.9917641, -0.013957316, -0.058234423, 0.11321595
19714.776534666, 000239, -0.35610873, -0.037546925, -3.4720163, 0.99166334, -0.01265773, -0.06402127, 0.11110758
19714.793202583, 000240, -0.36014536, -0.037620682, -3.4922795, 0.9915031, -0.011128314, -0.0693715, 0.10947708
19714.8098705, 000241, -0.36311612, -0.03707796, -3.5128193, 0.99122334, -0.010397633, -0.0733343, 0.109500006
19714.826538458, 000242, -0.36586913, -0.03593246, -3.5338836, 0.99090105, -0.010800332, -0.07488331, 0.111314416
19714.843206458, 000243, -0.3685017, -0.03437857, -3.5552006, 0.9907237, -0.011826344, -0.07416719, 0.113251045
19714.859874291, 000244, -0.37096286, -0.032627266, -3.5763135, 0.99071467, -0.01280444, -0.07282743, 0.11409071
19714.876542208, 000245, -0.3732387, -0.030859761, -3.596919, 0.9907463, -0.013152509, -0.072727524, 0.11383934
19714.893210083, 000246, -0.37592047, -0.027793724, -3.6177826, 0.9905769, -0.012749179, -0.07441239, 0.114269786
19714.909878041, 000247, -0.3782846, -0.025611727, -3.6380603, 0.99018574, -0.012334952, -0.0768431, 0.11608266
19714.926545958, 000248, -0.38064772, -0.023599941, -3.6583257, 0.9896654, -0.012578092, -0.07812041, 0.119588286
19714.943213833, 000249, -0.38306618, -0.021595368, -3.6786213, 0.98925084, -0.013428564, -0.07714948, 0.12349241
19714.959881791, 000250, -0.38546634, -0.019705046, -3.6986356, 0.9890217, -0.014113315, -0.074814424, 0.12664783
19714.976549791, 000251, -0.38778234, -0.018072143, -3.718058, 0.9889563, -0.013963081, -0.072876684, 0.1282943
19714.993217625, 000252, -0.3899105, -0.017138498, -3.7357078, 0.988971, -0.012310344, -0.0724015, 0.12861887
19715.009885583, 000253, -0.39217195, -0.016406924, -3.7536612, 0.9888483, -0.009659636, -0.07385346, 0.12896252
19715.026553416, 000254, -0.3945678, -0.015850293, -3.7716627, 0.9885665, -0.0070240865, -0.07680857, 0.12956583
19715.0432215, 000255, -0.39707422, -0.015506996, -3.7898297, 0.98827016, -0.0047074175, -0.07968171, 0.13019471
19715.059889375, 000256, -0.39970085, -0.015469464, -3.80832, 0.9881716, -0.0025869417, -0.08105613, 0.13015416
19715.07655725, 000257, -0.40246183, -0.015820205, -3.8271785, 0.9882647, -0.00036303842, -0.08064672, 0.12972596
19715.093225208, 000258, -0.40472957, -0.016547872, -3.846601, 0.9884436, 0.0018223559, -0.07923015, 0.12922259
19715.109893083, 000259, -0.40739155, -0.017596284, -3.8659222, 0.9886215, 0.0035981801, -0.07783326, 0.128672
19715.126561083, 000260, -0.41013244, -0.018924449, -3.8851724, 0.98874956, 0.004749375, -0.07692892, 0.12819402
19715.143228875, 000261, -0.41287693, -0.020528108, -3.9043708, 0.9888793, 0.0053970446, -0.07636734, 0.12750159
19715.159896833, 000262, -0.41565925, -0.02239276, -3.923565, 0.9890343, 0.005859299, -0.07592747, 0.12653807
19715.176564875, 000263, -0.41853726, -0.02444395, -3.9427807, 0.9892971, 0.0062390636, -0.075394675, 0.12477119
19715.193232708, 000264, -0.42139465, -0.02709379, -3.9619632, 0.9896991, 0.0066930777, -0.074362025, 0.12215205
19715.209900625, 000265, -0.42430556, -0.029557016, -3.9813523, 0.9902145, 0.0073925448, -0.07266443, 0.1189132
19715.2265685, 000266, -0.4271452, -0.03190214, -4.0009117, 0.9907733, 0.007858916, -0.07047952, 0.11549484
19715.243236541, 000267, -0.42988455, -0.033986855, -4.0206094, 0.9912809, 0.0073345955, -0.0682702, 0.11246112
19715.259904375, 000268, -0.4325082, -0.035726003, -4.040388, 0.99161196, 0.00546611, -0.06659464, 0.11063906
19715.27657225, 000269, -0.4350416, -0.037142895, -4.0601883, 0.9917783, 0.0024473895, -0.06556033, 0.10987088
19715.293240208, 000270, -0.43839103, -0.03743351, -4.0804133, 0.991862, -0.0010586004, -0.064959124, 0.10949418
19715.309908041, 000271, -0.44120833, -0.038200945, -4.100284, 0.9919716, -0.0042108567, -0.06441381, 0.10874438
19715.326576083, 000272, -0.44393694, -0.039035577, -4.1199965, 0.9921869, -0.006462786, -0.0637056, 0.107074566
19715.343243958, 000273, -0.44674942, -0.039728023, -4.139664, 0.9924763, -0.0075305314, -0.06314867, 0.10462445
19715.359911833, 000274, -0.44974056, -0.0401163, -4.1595244, 0.99264, -0.0076500755, -0.06251904, 0.10343426
19715.37657975, 000275, -0.45289433, -0.040105175, -4.1796536, 0.9928111, -0.007045233, -0.06082903, 0.102840796
19715.393247708, 000276, -0.45463488, -0.039389808, -4.200177, 0.9930792, -0.0062597482, -0.058475588, 0.101661846
19715.409915541, 000277, -0.45726144, -0.038285073, -4.2206583, 0.99334496, -0.0058514504, -0.055804893, 0.10058496
19715.4265835, 000278, -0.46007168, -0.036800344, -4.241061, 0.99358267, -0.0061233356, -0.05326116, 0.09959557
19715.443251458, 000279, -0.46290764, -0.034956835, -4.261228, 0.99376523, -0.0070183314, -0.05194432, 0.09840272
19715.459919375, 000280, -0.4658113, -0.03279542, -4.2811613, 0.99374473, -0.008069293, -0.052235395, 0.09837551
19715.476587291, 000281, -0.468838, -0.03039701, -4.300995, 0.9936323, -0.008998304, -0.052816156, 0.099117324
19715.493255125, 000282, -0.4720417, -0.02824353, -4.319424, 0.9935349, -0.009634106, -0.05231107, 0.10029523
19715.509923125, 000283, -0.47515857, -0.025893942, -4.3389244, 0.9934824, -0.009688861, -0.049923837, 0.10201189
19715.526591041, 000284, -0.47808886, -0.02355711, -4.3587294, 0.9934428, -0.009587521, -0.046338223, 0.10407814
19715.543258958, 000285, -0.48079973, -0.021274589, -4.3785224, 0.993288, -0.009869187, -0.04282739, 0.106992364
19715.559926916, 000286, -0.48336342, -0.019107409, -4.398189, 0.9929088, -0.010673481, -0.04027003, 0.11134014
19715.576594791, 000287, -0.4858622, -0.017200062, -4.4176617, 0.99241483, -0.011340122, -0.038711052, 0.11612767
19715.59326275, 000288, -0.48800245, -0.01570656, -4.436255, 0.9919864, -0.011259834, -0.03780746, 0.12002775
19715.609930625, 000289, -0.49034247, -0.014721099, -4.455287, 0.9917314, -0.010009015, -0.036760867, 0.12254476
19715.6265985, 000290, -0.49273667, -0.0141738, -4.4746785, 0.9916293, -0.008362693, -0.034975655, 0.124007806
19715.6432665, 000291, -0.4951037, -0.013979364, -4.4944906, 0.99159145, -0.007159854, -0.032417964, 0.12507692
19715.659934333, 000292, -0.49737185, -0.014147315, -4.5147357, 0.9915101, -0.006636122, -0.02930588, 0.12650998
19715.676602291, 000293, -0.49949116, -0.014687795, -4.535341, 0.99140954, -0.00682676, -0.025883608, 0.12802535
19715.69327025, 000294, -0.50044936, -0.015592612, -4.5551224, 0.9914058, -0.0076812147, -0.022504957, 0.12864311
19715.709938166, 000295, -0.5019798, -0.016939864, -4.575854, 0.9914913, -0.008699684, -0.019292505, 0.12844071
19715.726606, 000296, -0.5036517, -0.018762257, -4.597088, 0.99159616, -0.009734526, -0.01659439, 0.12793334
19715.743273875, 000297, -0.50537634, -0.020997992, -4.618757, 0.9915803, -0.010915303, -0.014685817, 0.1281935
19715.759941833, 000298, -0.5071583, -0.02356039, -4.640863, 0.9914132, -0.012369947, -0.013395732, 0.12948884
19715.776609833, 000299, -0.50894636, -0.026385462, -4.66341, 0.9911547, -0.014172692, -0.011963895, 0.13140957
19715.793277583, 000300, -0.5107042, -0.029465206, -4.6872315, 0.99105513, -0.016124623, -0.009668172, 0.13212228
19715.809945666, 000301, -0.5125159, -0.032677248, -4.710415, 0.9912634, -0.01744363, -0.0070933867, 0.13054606
19715.826613416, 000302, -0.5143664, -0.036055837, -4.7333155, 0.9914308, -0.017918395, -0.005762746, 0.12926956
19715.8432815, 000303, -0.5162753, -0.039486974, -4.756056, 0.99156237, -0.017878931, -0.005899951, 0.12825607
19715.859949416, 000304, -0.5182373, -0.042789344, -4.7787414, 0.99166137, -0.017881695, -0.0069686286, 0.12743378
19715.87661725, 000305, -0.52021676, -0.045832552, -4.8014627, 0.9916647, -0.018198816, -0.008436923, 0.12727396
19715.893285125, 000306, -0.52002436, -0.048063245, -4.82375, 0.9915835, -0.018945746, -0.009413824, 0.12772849
19715.909953041, 000307, -0.52129716, -0.050110824, -4.846303, 0.99161303, -0.020004498, -0.010046192, 0.12728886
19715.926620958, 000308, -0.52317953, -0.05178427, -4.8687468, 0.9916839, -0.020526497, -0.011675893, 0.12651172
19715.943288958, 000309, -0.52545714, -0.053143565, -4.8910456, 0.99170697, -0.01958083, -0.014219195, 0.12622093
19715.959956791, 000310, -0.5279938, -0.05416516, -4.913233, 0.9918113, -0.017053533, -0.016961781, 0.12542686
19715.976624708, 000311, -0.5306864, -0.054682568, -4.935456, 0.99192864, -0.013573608, -0.01943818, 0.1245611
19715.993292625, 000312, -0.5337198, -0.05455818, -4.959428, 0.9919981, -0.010033443, -0.020429881, 0.12418422
19716.009960458, 000313, -0.5365592, -0.053801116, -4.982537, 0.99211377, -0.006996898, -0.019233277, 0.123658404
19716.026628458, 000314, -0.53919786, -0.05245722, -5.0051737, 0.9924007, -0.0047082934, -0.016767167, 0.12180943
19716.043296416, 000315, -0.5416758, -0.050605956, -5.02729, 0.9928079, -0.0032611107, -0.015159701, 0.11870923
19716.059964208, 000316, -0.5441349, -0.04844478, -5.0490136, 0.9930422, -0.002098016, -0.015454214, 0.11672167
19716.076632125, 000317, -0.546703, -0.046082634, -5.0705757, 0.9930439, -0.0010225408, -0.016797995, 0.11653557
19716.093300166, 000318, -0.54945725, -0.043525383, -5.092436, 0.99280226, -0.0002739508, -0.01791185, 0.11841713
19716.109968, 000319, -0.5526521, -0.040838912, -5.116487, 0.992368, -9.38037e-05, -0.017627569, 0.12204503
19716.126635833, 000320, -0.55563676, -0.03790772, -5.138877, 0.99194515, -0.0005452188, -0.015758805, 0.12568252
19716.143303833, 000321, -0.55851954, -0.03488581, -5.160436, 0.9916096, -0.0013284627, -0.013272538, 0.12857896
19716.159971708, 000322, -0.5613411, -0.03196887, -5.1813426, 0.9913893, -0.0019593516, -0.011269153, 0.13044699
19716.176639625, 000323, -0.56413585, -0.029301906, -5.201662, 0.99124837, -0.0021930374, -0.010631273, 0.13156283
19716.193307541, 000324, -0.56661975, -0.026548106, -5.2249064, 0.9911294, -0.0021576164, -0.011423316, 0.13239037
19716.209975375, 000325, -0.569362, -0.024394784, -5.2455645, 0.9910777, -0.0016994019, -0.012963916, 0.13264199
19716.226643333, 000326, -0.57222486, -0.022745136, -5.2653756, 0.9911749, -0.00068682514, -0.014199826, 0.13179612
19716.243311375, 000327, -0.5751046, -0.02156844, -5.2850313, 0.9914142, 0.0005647106, -0.014292105, 0.12997414
19716.259979125, 000328, -0.5779881, -0.020821933, -5.3047743, 0.99173176, 0.0016701074, -0.013339271, 0.12762216
19716.276647166, 000329, -0.58090657, -0.020483663, -5.324604, 0.9920467, 0.0024787497, -0.012118199, 0.12526058
19716.293314916, 000330, -0.58406466, -0.019983426, -5.3485985, 0.99233586, 0.002812088, -0.0112038385, 0.12302898
19716.309982958, 000331, -0.58719015, -0.020237034, -5.3698316, 0.99263066, 0.0029588589, -0.010724556, 0.12066677
19716.326650875, 000332, -0.59038854, -0.02102833, -5.3902855, 0.9929291, 0.0031931219, -0.010205279, 0.11822655
19716.343318708, 000333, -0.593679, -0.02222777, -5.4106774, 0.99321747, 0.0035278588, -0.0090452, 0.11586525
19716.359986708, 000334, -0.597054, -0.023701306, -5.431247, 0.9934834, 0.003781735, -0.0070823724, 0.1136931
19716.3766545, 000335, -0.60049766, -0.025360655, -5.4519844, 0.9937299, 0.0038828922, -0.0045044078, 0.11164933
19716.3933225, 000336, -0.6055132, -0.02531018, -5.4757795, 0.99395823, 0.0039866045, -0.0018310517, 0.1096706
19716.409990375, 000337, -0.6095885, -0.026571108, -5.497573, 0.99416775, 0.004151937, 0.0005794575, 0.10776311
19716.42665825, 000338, -0.6134281, -0.028223552, -5.518786, 0.9942789, 0.0043465737, 0.0027673165, 0.10669029
19716.44332625, 000339, -0.61728877, -0.02986999, -5.5398593, 0.99430925, 0.004321686, 0.004950705, 0.10632912
19716.459994041, 000340, -0.6212321, -0.0313116, -5.5608864, 0.9942949, 0.0037787207, 0.007164716, 0.10635838
19716.476661958, 000341, -0.6252476, -0.032493018, -5.581843, 0.9942968, 0.002946214, 0.009427555, 0.10619009
19716.493329875, 000342, -0.62817955, -0.035565827, -5.598912, 0.99437076, 0.0026806085, 0.011496048, 0.105296604
19716.509997833, 000343, -0.63201004, -0.03697962, -5.618639, 0.994351, 0.0029861878, 0.013253789, 0.10526804
19716.52666575, 000344, -0.636209, -0.03756417, -5.639388, 0.99417466, 0.003439499, 0.014900137, 0.10669023
19716.543333583, 000345, -0.64054507, -0.03744796, -5.660576, 0.99392533, 0.003232351, 0.016706843, 0.10873254
19716.5600015, 000346, -0.6449251, -0.036717802, -5.6819305, 0.9936461, 0.0021876642, 0.018826243, 0.1109419
19716.5766695, 000347, -0.6492866, -0.035590105, -5.7032366, 0.99343497, 0.0011161118, 0.021261621, 0.1123991
19716.593337416, 000348, -0.6536147, -0.034251932, -5.7243423, 0.99331766, 0.0008650941, 0.02371753, 0.11294554
19716.610005208, 000349, -0.6569598, -0.03387618, -5.7421336, 0.993317, 0.0014867134, 0.02541656, 0.11257482
19716.626673125, 000350, -0.6608541, -0.032411017, -5.761753, 0.9932779, 0.0021681476, 0.026229845, 0.112722054
19716.643341166, 000351, -0.6648204, -0.030315304, -5.78197, 0.99315363, 0.002165582, 0.026690366, 0.11370448
19716.660009041, 000352, -0.6686298, -0.027808134, -5.802412, 0.99289125, 0.0012607956, 0.027521614, 0.115792476
19716.676676916, 000353, -0.67222124, -0.025046572, -5.8228426, 0.99256325, -0.0002223928, 0.028853808, 0.11826046
19716.69334475, 000354, -0.6756473, -0.022179436, -5.8430834, 0.99221987, -0.0017640465, 0.029879455, 0.120845996
19716.710012666, 000355, -0.6785118, -0.018093515, -5.857261, 0.9918531, -0.0027219167, 0.030025825, 0.1237676
19716.726680583, 000356, -0.6815756, -0.014963843, -5.8751845, 0.991461, -0.0030895574, 0.029585944, 0.12696508
19716.7433485, 000357, -0.6846374, -0.012221271, -5.894313, 0.9910796, -0.0030356224, 0.029222615, 0.129992
19716.760016458, 000358, -0.687569, -0.009738857, -5.913887, 0.990784, -0.0026577036, 0.029705357, 0.13212688
19716.776684375, 000359, -0.6902666, -0.007522432, -5.9336534, 0.990596, -0.0021307417, 0.03125678, 0.133184
19716.79335225, 000360, -0.6923636, -0.0043454096, -5.94772, 0.9905019, -0.0018704445, 0.033492107, 0.1333446
19716.810020083, 000361, -0.69439757, -0.0022214428, -5.9656754, 0.99046934, -0.0023709433, 0.03590938, 0.13294871
19716.826688083, 000362, -0.6962262, -0.0006394686, -5.984782, 0.99052775, -0.0036705874, 0.038066827, 0.13187961
19716.843356041, 000363, -0.6978258, 0.00045977533, -6.0041795, 0.9906859, -0.0053254077, 0.039895874, 0.13008232
19716.860023833, 000364, -0.6992019, 0.0010292529, -6.0236344, 0.9909582, -0.00694845, 0.04122963, 0.12748979
19716.87669175, 000365, -0.7003445, 0.0010454915, -6.043243, 0.99124616, -0.008486875, 0.04220191, 0.12481169
19716.893359708, 000366, -0.7011273, 0.0013041943, -6.0573006, 0.9914434, -0.010329571, 0.043157395, 0.1227629
19716.910027625, 000367, -0.7018991, 0.00073611556, -6.0758395, 0.99150807, -0.012667479, 0.044627998, 0.12148897
19716.926695416, 000368, -0.7026418, -0.0003423354, -6.0960793, 0.9915202, -0.0150071075, 0.046690706, 0.12034224
19716.943363458, 000369, -0.70341915, -0.0018945467, -6.1170216, 0.9915223, -0.016469255, 0.049074713, 0.11918032
19716.960031291, 000370, -0.7043088, -0.003917938, -6.1381965, 0.99163157, -0.016292216, 0.051373146, 0.11731227
19716.976699166, 000371, -0.7053196, -0.006352676, -6.1593823, 0.9918788, -0.0142836915, 0.05303766, 0.11471413
19716.993367166, 000372, -0.7063801, -0.009030001, -6.180517, 0.9921912, -0.011042584, 0.053882025, 0.11194314
19717.010034958, 000373, -0.7056051, -0.012930581, -6.198325, 0.9924675, -0.007900898, 0.05372128, 0.109817065
19717.026702833, 000374, -0.7058278, -0.015720889, -6.2185297, 0.9926406, -0.005765872, 0.053243883, 0.10861136
19717.043370791, 000375, -0.70624155, -0.017879888, -6.2395916, 0.99272263, -0.004691067, 0.05272235, 0.108167015
19717.060038666, 000376, -0.70661724, -0.019569412, -6.2609534, 0.9927523, -0.004302575, 0.0523637, 0.10808511
19717.076706708, 000377, -0.7069246, -0.020827502, -6.282316, 0.99281114, -0.0041119345, 0.051792998, 0.10782634
19717.0933745, 000378, -0.7067353, -0.021699468, -6.297926, 0.9929559, -0.0038158537, 0.05019602, 0.10725804
19717.1100425, 000379, -0.7067738, -0.02217435, -6.3172207, 0.99307096, -0.003070092, 0.04760186, 0.10739908
19717.126710333, 000380, -0.7068267, -0.022103462, -6.3377385, 0.9931345, -0.002421813, 0.044888064, 0.10799574
19717.143378208, 000381, -0.7068809, -0.021264393, -6.3587823, 0.9931625, -0.0026288389, 0.042866677, 0.10855306
19717.160046166, 000382, -0.7069292, -0.019662103, -6.3801446, 0.9930762, -0.003870192, 0.042036634, 0.1096249
19717.176714083, 000383, -0.706978, -0.017493844, -6.401572, 0.9929428, -0.0053347815, 0.042416215, 0.11062081
19717.193381958, 000384, -0.7074744, -0.0143433325, -6.4178867, 0.992897, -0.005963862, 0.04349041, 0.110582896
19717.210049791, 000385, -0.7077888, -0.011317944, -6.4371057, 0.992955, -0.005430388, 0.044094983, 0.10984681
19717.226717666, 000386, -0.7081276, -0.008090196, -6.4571266, 0.99295837, -0.0045293923, 0.04415751, 0.109832816
19717.243385666, 000387, -0.7085934, -0.004492473, -6.4774776, 0.9927753, -0.004203278, 0.044405762, 0.111388996
19717.2600535, 000388, -0.7091882, -0.00050572306, -6.497977, 0.992356, -0.0049897637, 0.04525282, 0.11470339
19717.276721458, 000389, -0.7098841, 0.003749721, -6.5183487, 0.9918655, -0.006577479, 0.04671883, 0.118223555
19717.293389291, 000390, -0.71069485, 0.008040499, -6.538389, 0.9914106, -0.008215879, 0.0481162, 0.12133564
19717.31005725, 000391, -0.7109261, 0.012613226, -6.552563, 0.9910907, -0.009212844, 0.048704557, 0.1236213
19717.326725208, 000392, -0.71171963, 0.016451642, -6.569952, 0.99098563, -0.009188863, 0.04801717, 0.12472899
19717.343393083, 000393, -0.7127106, 0.019692168, -6.588259, 0.990981, -0.008527851, 0.04645909, 0.1254014
19717.360060916, 000394, -0.71373564, 0.022411615, -6.6069098, 0.99103117, -0.007832172, 0.04504419, 0.12556636
19717.376728875, 000395, -0.71469957, 0.024595466, -6.6257663, 0.9911354, -0.0073670014, 0.044450644, 0.12498157
19717.393396708, 000396, -0.71800333, 0.026100554, -6.6451683, 0.99128824, -0.0071462896, 0.045022715, 0.1235696
19717.410064666, 000397, -0.7195987, 0.02708698, -6.6643643, 0.9914966, -0.007211547, 0.046111345, 0.12147503
19717.4267325, 000398, -0.72065705, 0.027495306, -6.683488, 0.99173856, -0.0074639767, 0.047073003, 0.11909228
19717.4434005, 000399, -0.7215826, 0.027286459, -6.7026267, 0.9919389, -0.007722737, 0.047533184, 0.11721005
19717.460068375, 000400, -0.72251785, 0.026465178, -6.72188, 0.9920559, -0.007846435, 0.04771784, 0.11613157
19717.47673625, 000401, -0.7234744, 0.025135674, -6.741354, 0.9921071, -0.007939766, 0.048464045, 0.11537651
19717.493404166, 000402, -0.72467476, 0.024531959, -6.761376, 0.99210894, -0.008118553, 0.050323337, 0.11454901
19717.510072083, 000403, -0.7257121, 0.022913095, -6.7814755, 0.99208003, -0.008193533, 0.053321708, 0.11343196
19717.52674, 000404, -0.72669, 0.02085904, -6.801736, 0.99202555, -0.0077539287, 0.057041656, 0.11212196
19717.543407791, 000405, -0.7276863, 0.018702237, -6.8221335, 0.9919792, -0.006862229, 0.06098122, 0.11050529
19717.56007575, 000406, -0.7287091, 0.016618785, -6.842611, 0.99194443, -0.005674226, 0.06467171, 0.108772896
19717.576743708, 000407, -0.72971845, 0.0147093125, -6.8631334, 0.991937, -0.0043294574, 0.06806865, 0.10681234
19717.5934115, 000408, -0.7306546, 0.013233481, -6.8829346, 0.9919762, -0.0032095606, 0.07135275, 0.10431535
19717.6100795, 000409, -0.7315432, 0.011996627, -6.903315, 0.991968, -0.0026499324, 0.0744741, 0.102206126
19717.62674725, 000410, -0.7324235, 0.011104811, -6.923948, 0.9918796, -0.0028590434, 0.07729543, 0.10095538
19717.643415333, 000411, -0.7333464, 0.01053429, -6.94466, 0.9917798, -0.003427487, 0.07986985, 0.09990957
19717.660083166, 000412, -0.734368, 0.0101887025, -6.9653287, 0.99174124, -0.0034685174, 0.08222837, 0.098364934
19717.676751125, 000413, -0.7354982, 0.010024555, -6.9859595, 0.9917806, -0.0024600667, 0.08452091, 0.09602827
19717.693418958, 000414, -0.7368356, 0.010717485, -7.006826, 0.9917357, -0.0010356476, 0.08700922, 0.094279245
19717.710086875, 000415, -0.73799175, 0.011363465, -7.027796, 0.9915056, 9.2339425e-05, 0.09056696, 0.093349494
19717.72675475, 000416, -0.7390006, 0.012399085, -7.0488205, 0.9912118, 0.00043305047, 0.094767705, 0.09229293
19717.743422583, 000417, -0.7398619, 0.013938028, -7.0698576, 0.990819, -0.00038790278, 0.098717496, 0.09237085
19717.760090458, 000418, -0.74055076, 0.01587345, -7.0908237, 0.99032015, -0.0022484148, 0.10248632, 0.09358082
19717.776758416, 000419, -0.7410675, 0.018100716, -7.1115074, 0.98989284, -0.004804772, 0.10580293, 0.09431243
19717.793426291, 000420, -0.74129224, 0.020576205, -7.1313405, 0.9895638, -0.0077587995, 0.10823451, 0.09480725
19717.810094166, 000421, -0.7417338, 0.02312221, -7.151416, 0.98923826, -0.010422335, 0.11015547, 0.09573216
19717.826762166, 000422, -0.7422468, 0.025577795, -7.171647, 0.9888127, -0.0121588, 0.11239147, 0.09731271
19717.843430041, 000423, -0.7426786, 0.027928844, -7.1920066, 0.98820704, -0.013230086, 0.11548539, 0.09967351
19717.860097916, 000424, -0.74293905, 0.030306831, -7.21237, 0.9874912, -0.014507214, 0.119221024, 0.102161966
19717.876765833, 000425, -0.74301594, 0.03272795, -7.232606, 0.9867433, -0.016349709, 0.122799106, 0.104837015
19717.893433666, 000426, -0.7429584, 0.035033837, -7.2526617, 0.98599374, -0.018368142, 0.12575233, 0.10800593
19717.910101625, 000427, -0.7416098, 0.036399253, -7.2705345, 0.9853361, -0.020059297, 0.1280248, 0.11099531
19717.9267695, 000428, -0.7410126, 0.037803613, -7.289554, 0.98475915, -0.02101795, 0.12989327, 0.11373348
19717.943437458, 000429, -0.740634, 0.038892806, -7.3089066, 0.9842781, -0.02129485, 0.13172142, 0.11572654
19717.960105333, 000430, -0.7402826, 0.039598525, -7.328412, 0.9838734, -0.021429418, 0.13356057, 0.117027275
19717.976773166, 000431, -0.73987806, 0.039895795, -7.348131, 0.9834455, -0.02187202, 0.1356551, 0.11812771
19717.993441083, 000432, -0.73891723, 0.039812233, -7.3710127, 0.98294294, -0.022757825, 0.13815333, 0.119242445
19718.010108916, 000433, -0.738186, 0.03918667, -7.392135, 0.9824195, -0.02373246, 0.14087556, 0.12017818
19718.026776833, 000434, -0.73748255, 0.037991002, -7.4127374, 0.981932, -0.02444027, 0.1434901, 0.12092515
19718.043444875, 000435, -0.73677886, 0.03621981, -7.433203, 0.98152775, -0.024555506, 0.14581253, 0.12140446
19718.060112708, 000436, -0.7360957, 0.033919737, -7.4536757, 0.9812267, -0.023983851, 0.1478087, 0.121537805
19718.076780666, 000437, -0.73542756, 0.031162303, -7.474245, 0.9809666, -0.022986932, 0.14961779, 0.121616505
19718.0934485, 000438, -0.7347525, 0.028055381, -7.494944, 0.98076284, -0.022010826, 0.1510553, 0.121663414
19718.110116333, 000439, -0.7338958, 0.024444003, -7.5187187, 0.98059237, -0.021141421, 0.15202527, 0.12198292
19718.126784208, 000440, -0.73313093, 0.02068321, -7.540716, 0.98048, -0.020033322, 0.15264907, 0.122294135
19718.143452125, 000441, -0.7323667, 0.01676215, -7.5622587, 0.9804437, -0.018385176, 0.15309641, 0.12228446
19718.16012, 000442, -0.73157096, 0.012789991, -7.5837502, 0.98048365, -0.016144749, 0.1535348, 0.12173004
19718.176787875, 000443, -0.73068184, 0.008911662, -7.605298, 0.98058134, -0.013553176, 0.153887, 0.12081116
19718.193455791, 000444, -0.7296198, 0.005293872, -7.626935, 0.9806752, -0.011104262, 0.15426415, 0.11981398
19718.210123666, 000445, -0.7286493, 0.0018151738, -7.6499147, 0.9806171, -0.009444263, 0.15509866, 0.119353205
19718.226791625, 000446, -0.7271768, -0.0008461846, -7.672086, 0.9804427, -0.008952181, 0.15646681, 0.119037844
19718.243459541, 000447, -0.7254177, -0.0027925763, -7.6937647, 0.9803527, -0.009276993, 0.15772896, 0.118085094
19718.260127333, 000448, -0.72352207, -0.0041272603, -7.714916, 0.9805757, -0.009641061, 0.15766516, 0.11627556
19718.276795291, 000449, -0.7215672, -0.0049055945, -7.735695, 0.9810686, -0.00969635, 0.15596496, 0.11439088
19718.293463166, 000450, -0.7199337, -0.0057720803, -7.75741, 0.9816019, -0.009708539, 0.15359376, 0.113015056
19718.310131083, 000451, -0.7179431, -0.0055265836, -7.778631, 0.98202425, -0.010300188, 0.1513871, 0.11226844
19718.326798916, 000452, -0.71575713, -0.0044632424, -7.800029, 0.98204815, -0.011803034, 0.1506703, 0.112873964
19718.343466791, 000453, -0.71336246, -0.002833102, -7.82162, 0.9816372, -0.0138345165, 0.15238324, 0.1139136
19718.36013475, 000454, -0.71079373, -0.000829678, -7.843053, 0.98106956, -0.01601126, 0.15572733, 0.11399601
19718.376802708, 000455, -0.708215, 0.0013608261, -7.864049, 0.98066986, -0.018121997, 0.15847671, 0.11332892
19718.3934705, 000456, -0.70577836, 0.0035308714, -7.8846436, 0.9804639, -0.02001946, 0.15910916, 0.11390298
19718.410138416, 000457, -0.7032588, 0.0054106824, -7.9022427, 0.98026925, -0.021769617, 0.1582967, 0.11636278
19718.426806333, 000458, -0.7012286, 0.0074178427, -7.921829, 0.9798719, -0.023589958, 0.15779836, 0.11997548
19718.443474208, 000459, -0.6994713, 0.009423774, -7.9421406, 0.97919804, -0.025160061, 0.15880816, 0.1237661
19718.460142208, 000460, -0.69791496, 0.011339348, -7.962615, 0.9783212, -0.02605107, 0.16133574, 0.12719986
19718.476810041, 000461, -0.69653237, 0.013137657, -7.9828424, 0.9774633, -0.026081698, 0.1642518, 0.13002497
19718.493477875, 000462, -0.6952746, 0.014852125, -8.002571, 0.9768287, -0.025720693, 0.16620894, 0.13235798
19718.510145875, 000463, -0.6942208, 0.017050223, -8.018082, 0.9765218, -0.025413439, 0.1667258, 0.13402171
19718.526813708, 000464, -0.6931223, 0.018787518, -8.035568, 0.97652984, -0.025331497, 0.16560158, 0.13536581
19718.5434815, 000465, -0.6920175, 0.020210851, -8.053618, 0.97672194, -0.025262134, 0.16370112, 0.13630112
19718.560149541, 000466, -0.6908537, 0.02128207, -8.071949, 0.9769191, -0.024846334, 0.16245475, 0.13645567
19718.576817416, 000467, -0.689565, 0.02196531, -8.090524, 0.97701776, -0.024005841, 0.16259333, 0.1357328
19718.593485291, 000468, -0.68813413, 0.022234958, -8.109351, 0.97696346, -0.022950364, 0.16390307, 0.13472714
19718.610153125, 000469, -0.6867803, 0.022544064, -8.12637, 0.9768516, -0.021791378, 0.16576414, 0.13344781
19718.626821, 000470, -0.6852583, 0.02225054, -8.144857, 0.97672266, -0.020836938, 0.16757305, 0.13227966
19718.643488958, 000471, -0.6836264, 0.021599215, -8.163894, 0.9765699, -0.02033409, 0.16927895, 0.13131039
19718.660156791, 000472, -0.681906, 0.020716071, -8.18323, 0.9763823, -0.020481009, 0.17100835, 0.1304388
19718.67682475, 000473, -0.68010646, 0.019652624, -8.202841, 0.9760851, -0.021274038, 0.17311971, 0.12974858
19718.693492625, 000474, -0.6782516, 0.018410575, -8.22271, 0.9756565, -0.022437487, 0.17578653, 0.12918997
19718.710160541, 000475, -0.6764313, 0.016747292, -8.240426, 0.97515357, -0.023613643, 0.17907126, 0.128263
19718.726828458, 000476, -0.67457455, 0.015109215, -8.2597, 0.9746577, -0.024767589, 0.18260731, 0.12682064
19718.743496291, 000477, -0.6727294, 0.013389565, -8.279426, 0.97420716, -0.025797274, 0.18606552, 0.12503809
19718.760164125, 000478, -0.6709199, 0.011562977, -8.299317, 0.9737213, -0.026709368, 0.18944168, 0.1235524
19718.776832, 000479, -0.6691258, 0.00965514, -8.319297, 0.97314984, -0.027594721, 0.19300154, 0.1223449
19718.793499958, 000480, -0.66732603, 0.0076945573, -8.339303, 0.9724588, -0.028484488, 0.19682999, 0.121533774
19718.810167833, 000481, -0.6666164, 0.005021747, -8.356488, 0.97177905, -0.02915678, 0.20071246, 0.12045675
19718.82683575, 000482, -0.6652533, 0.0028898122, -8.375314, 0.9712063, -0.029625917, 0.20428172, 0.118951514
19718.843503625, 000483, -0.66374815, 0.001075577, -8.394626, 0.97076625, -0.030043121, 0.20690452, 0.11790167
19718.8601715, 000484, -0.6622461, -0.00046725958, -8.414191, 0.97026426, -0.030512448, 0.209019, 0.11818334
19718.876839416, 000485, -0.660749, -0.0017242786, -8.433925, 0.969654, -0.030574834, 0.21152195, 0.11872086
19718.89350725, 000486, -0.6602371, -0.0016109477, -8.45309, 0.9689306, -0.030188028, 0.21420766, 0.119904794
19718.910175166, 000487, -0.6589168, -0.0018394627, -8.4728565, 0.9679589, -0.029919108, 0.21713929, 0.12251887
19718.926843083, 000488, -0.6572058, -0.0018637123, -8.492751, 0.96680486, -0.030147932, 0.22042322, 0.12566988
19718.943510875, 000489, -0.6552054, -0.0014123004, -8.51253, 0.965592, -0.031234758, 0.22391966, 0.12851617
19718.960178791, 000490, -0.6530245, -0.00036317096, -8.532111, 0.96445453, -0.033141494, 0.22725935, 0.13069887
19718.976846708, 000491, -0.65074205, 0.0011674463, -8.551469, 0.96346354, -0.035303365, 0.2299695, 0.13268663
19718.993514583, 000492, -0.6483371, 0.0029804334, -8.570595, 0.9625226, -0.037204474, 0.23227061, 0.13496777
19719.010182541, 000493, -0.6466034, 0.005436506, -8.587396, 0.96149194, -0.039001986, 0.23474656, 0.13749924
19719.026850333, 000494, -0.6441185, 0.0077861995, -8.605422, 0.9603214, -0.040755033, 0.23767608, 0.1401138
19719.043518375, 000495, -0.64126515, 0.010118045, -8.623632, 0.9590941, -0.042350445, 0.24085583, 0.14259504
19719.060186208, 000496, -0.6381611, 0.012366127, -8.641684, 0.9578724, -0.043589253, 0.24407089, 0.14494775
19719.076854166, 000497, -0.63482654, 0.014483754, -8.659507, 0.95665866, -0.044426296, 0.24747528, 0.14692336
19719.093521958, 000498, -0.6312809, 0.016435001, -8.677074, 0.95553577, -0.044854898, 0.25106183, 0.14801107
19719.110189875, 000499, -0.628185, 0.019461349, -8.693785, 0.9546147, -0.045011926, 0.25431255, 0.14835727
19719.126857666, 000500, -0.624475, 0.021421079, -8.710776, 0.9538439, -0.04515541, 0.25723475, 0.14823349
19719.143525583, 000501, -0.620431, 0.022867672, -8.727896, 0.95309854, -0.045326274, 0.26012862, 0.14792481
19719.160193541, 000502, -0.6161222, 0.023982506, -8.745147, 0.9522556, -0.045394737, 0.26359454, 0.14719525
19719.176861375, 000503, -0.6115595, 0.024832353, -8.762487, 0.9512954, -0.045304224, 0.26776302, 0.14590295
19719.193529208, 000504, -0.60743004, 0.026097745, -8.778698, 0.9502928, -0.045175005, 0.27230653, 0.14405504
19719.210197166, 000505, -0.60261035, 0.026756823, -8.795617, 0.94941777, -0.045359053, 0.27650425, 0.14175235
19719.226864958, 000506, -0.5974041, 0.027103659, -8.812807, 0.9485918, -0.04617226, 0.28021047, 0.13972718
19719.243533, 000507, -0.5919464, 0.027282663, -8.83021, 0.9477803, -0.04767699, 0.28357086, 0.13793826
19719.260200916, 000508, -0.5863106, 0.027294714, -8.847802, 0.94698143, -0.04946889, 0.2867864, 0.13613425
19719.276868666, 000509, -0.5805128, 0.02707076, -8.86556, 0.9461519, -0.051111564, 0.2899991, 0.1344789
19719.293536583, 000510, -0.57461154, 0.026613295, -8.883469, 0.9453211, -0.052317474, 0.29331937, 0.1326446
19719.3102045, 000511, -0.5703456, 0.025627218, -8.900833, 0.9446718, -0.05284906, 0.2963673, 0.13026355
19719.326872333, 000512, -0.56503326, 0.024682615, -8.918568, 0.9444016, -0.052762467, 0.29831573, 0.12778589
19719.343540208, 000513, -0.5593836, 0.023688331, -8.936389, 0.9444824, -0.05233418, 0.29912382, 0.12545526
19719.360208166, 000514, -0.5535579, 0.022713106, -8.954298, 0.94470763, -0.05200104, 0.29936832, 0.12329596
19719.376876, 000515, -0.54755443, 0.021807764, -8.972341, 0.94484854, -0.051996812, 0.29970697, 0.12138081
19719.393543875, 000516, -0.5414106, 0.020973735, -8.990491, 0.94485575, -0.05213653, 0.30031595, 0.11974871
19719.410211833, 000517, -0.5356484, 0.02045672, -9.004914, 0.9449042, -0.052017655, 0.30099002, 0.11770782
19719.42687975, 000518, -0.52963203, 0.019919474, -9.021694, 0.9451809, -0.05107522, 0.3014317, 0.11473173
19719.443547666, 000519, -0.5236592, 0.01952321, -9.03904, 0.9459649, -0.04930048, 0.30072087, 0.11084604
19719.460215458, 000520, -0.51771355, 0.019336421, -9.05651, 0.9471769, -0.04750406, 0.2983158, 0.107735425
19719.476883333, 000521, -0.5116846, 0.019521195, -9.074217, 0.9485335, -0.04648383, 0.2948112, 0.10587633
19719.493551208, 000522, -0.5054421, 0.020178212, -9.09246, 0.94940025, -0.04698404, 0.29157168, 0.10685296
19719.510219083, 000523, -0.5006933, 0.022435129, -9.109697, 0.9491468, -0.04886805, 0.2910638, 0.10960885
19719.526887083, 000524, -0.49457014, 0.024435725, -9.128206, 0.94802517, -0.05106106, 0.29354796, 0.1116721
19719.543554916, 000525, -0.4881227, 0.026496684, -9.146708, 0.9467758, -0.05223714, 0.2975287, 0.11119138
19719.560222791, 000526, -0.48182225, 0.028579105, -9.164634, 0.94616115, -0.05194435, 0.30053422, 0.10844347
19719.576890708, 000527, -0.47578114, 0.030598626, -9.182021, 0.94628996, -0.05109994, 0.3009619, 0.106517695
19719.593558541, 000528, -0.46991363, 0.03263672, -9.19924, 0.94667375, -0.050749656, 0.29989874, 0.106272936
19719.610226375, 000529, -0.46476704, 0.033728857, -9.213413, 0.9467292, -0.051606428, 0.2989912, 0.107911415
19719.626894333, 000530, -0.45911124, 0.035555366, -9.22978, 0.9463169, -0.05333094, 0.29917845, 0.110146485
19719.64356225, 000531, -0.45328805, 0.03744375, -9.246747, 0.94564444, -0.05473943, 0.3003088, 0.1121375
19719.66023, 000532, -0.4474499, 0.03908231, -9.2637615, 0.9449737, -0.055308957, 0.30157194, 0.11410487
19719.676897958, 000533, -0.44164443, 0.040395144, -9.280688, 0.944443, -0.054942273, 0.30274162, 0.11556913
19719.693565791, 000534, -0.4366041, 0.041659903, -9.293313, 0.943998, -0.053950273, 0.30380803, 0.11686665
19719.710233791, 000535, -0.43105793, 0.04244527, -9.308863, 0.9436238, -0.05299307, 0.3044337, 0.11868461
19719.726901625, 000536, -0.42530736, 0.042902734, -9.325376, 0.9432624, -0.052205298, 0.30494076, 0.120589435
19719.743569541, 000537, -0.41940314, 0.04308571, -9.342214, 0.94279957, -0.05153949, 0.30593258, 0.1219751
19719.760237416, 000538, -0.4133826, 0.042982295, -9.35916, 0.9421867, -0.05082776, 0.3076725, 0.12263088
19719.776905208, 000539, -0.4072513, 0.04255537, -9.376103, 0.94144887, -0.050038055, 0.3100478, 0.122639716
19719.793573125, 000540, -0.40009454, 0.041736677, -9.388599, 0.9406598, -0.049414508, 0.3126779, 0.12226924
19719.810241, 000541, -0.39345965, 0.0407017, -9.404001, 0.9398453, -0.049181674, 0.31532702, 0.12182276
19719.826908875, 000542, -0.38697925, 0.0394754, -9.420275, 0.9391031, -0.0493657, 0.31766307, 0.121402405
19719.84357675, 000543, -0.3805252, 0.038062107, -9.436808, 0.9383859, -0.04967746, 0.31998944, 0.120709255
19719.860244625, 000544, -0.374017, 0.03645501, -9.453477, 0.9375177, -0.049863163, 0.32287326, 0.11969591
19719.876912583, 000545, -0.36742577, 0.03465221, -9.470255, 0.9364418, -0.049715776, 0.32649714, 0.11834105
19719.893580333, 000546, -0.3607117, 0.032683685, -9.48714, 0.9351551, -0.049373686, 0.33076498, 0.116798
19719.910248291, 000547, -0.35369587, 0.029406458, -9.502175, 0.933651, -0.049018897, 0.33557272, 0.115255974
19719.92691625, 000548, -0.3467612, 0.026903182, -9.518574, 0.9321277, -0.048663117, 0.34036592, 0.113669954
19719.943584125, 000549, -0.33980244, 0.024634905, -9.535393, 0.9305536, -0.048341077, 0.34506547, 0.11252936
19719.960251958, 000550, -0.33277002, 0.022516653, -9.552347, 0.92881894, -0.048173677, 0.35004535, 0.11154759
19719.976919875, 000551, -0.32566202, 0.020588718, -9.569335, 0.9268238, -0.048350126, 0.35557258, 0.110580415
19719.99358775, 000552, -0.3185245, 0.018874317, -9.58627, 0.92471623, -0.048810996, 0.36128667, 0.10949553
19720.010255666, 000553, -0.3123131, 0.015209727, -9.600557, 0.9227519, -0.04914925, 0.36667618, 0.10798951
19720.026923541, 000554, -0.30558568, 0.013252821, -9.616484, 0.9208659, -0.0492205, 0.37164414, 0.107069604
19720.043591416, 000555, -0.29864106, 0.012102418, -9.632999, 0.91889614, -0.049329218, 0.37653565, 0.10685266
19720.060259208, 000556, -0.29153332, 0.011561625, -9.649765, 0.91682214, -0.049623996, 0.38144758, 0.10710885
19720.076927166, 000557, -0.28421184, 0.011604711, -9.666717, 0.9145505, -0.05069752, 0.38632432, 0.10853887
19720.093594958, 000558, -0.2778016, 0.012074437, -9.683221, 0.91186494, -0.053047154, 0.39159185, 0.11110405
19720.110262833, 000559, -0.27031657, 0.013117962, -9.700015, 0.9087338, -0.056273215, 0.3976772, 0.11352976
19720.126930833, 000560, -0.26246995, 0.014588509, -9.716606, 0.9056465, -0.059740487, 0.4037017, 0.11515385
19720.143598625, 000561, -0.2546177, 0.016381841, -9.732874, 0.903066, -0.06294098, 0.40864262, 0.11628208
19720.160266583, 000562, -0.24682824, 0.018338248, -9.748848, 0.9010111, -0.06539802, 0.4124214, 0.11751901
19720.176934375, 000563, -0.23896414, 0.020390287, -9.764628, 0.8989295, -0.067443304, 0.41603747, 0.11954078
19720.19360225, 000564, -0.23154399, 0.0218256, -9.780161, 0.8964658, -0.069207914, 0.4205158, 0.12135006
19720.210270166, 000565, -0.2245457, 0.022740368, -9.795352, 0.89371365, -0.07081654, 0.4257755, 0.12237703
19720.226938041, 000566, -0.21671899, 0.024634898, -9.810223, 0.89102674, -0.07251668, 0.4308362, 0.12325918
19720.243605958, 000567, -0.20865701, 0.026607074, -9.824718, 0.88872606, -0.07378031, 0.43504217, 0.124341324
19720.260273833, 000568, -0.20050438, 0.028294314, -9.838916, 0.88673335, -0.07431954, 0.43852946, 0.12598577
19720.276941625, 000569, -0.19223715, 0.029630702, -9.852953, 0.8847357, -0.07398111, 0.4421053, 0.12772004
19720.293609583, 000570, -0.18372099, 0.030661121, -9.868616, 0.88245285, -0.072723284, 0.4464424, 0.12914106
19720.310277375, 000571, -0.17496534, 0.03145399, -9.88297, 0.8797524, -0.071125664, 0.451875, 0.12956014
19720.326945333, 000572, -0.1659437, 0.032101404, -9.896722, 0.8769342, -0.069829755, 0.45765832, 0.12907013
19720.34361325, 000573, -0.1566701, 0.03264513, -9.910089, 0.87430465, -0.06946503, 0.46296155, 0.12818988
19720.360281083, 000574, -0.14715862, 0.033033002, -9.923168, 0.8719266, -0.06984082, 0.4676886, 0.12701805
19720.376949, 000575, -0.13742536, 0.03318247, -9.93604, 0.86982965, -0.070484854, 0.47183236, 0.12570737
19720.393616875, 000576, -0.12778242, 0.033390325, -9.94933, 0.8678673, -0.07138228, 0.47562355, 0.12447161
19720.410284791, 000577, -0.11806347, 0.03362335, -9.963036, 0.8657832, -0.07244222, 0.47960946, 0.123069815
19720.426952541, 000578, -0.10755098, 0.03323701, -9.976186, 0.8634655, -0.07352868, 0.48398593, 0.12156683
19720.4436205, 000579, -0.09655483, 0.032517157, -9.989205, 0.86095697, -0.074595265, 0.48862788, 0.120130785
19720.460288375, 000580, -0.08520836, 0.031616583, -10.002183, 0.8584285, -0.07575581, 0.49320745, 0.11877704
19720.476956291, 000581, -0.07560473, 0.031081136, -10.013779, 0.85595393, -0.0770428, 0.4975755, 0.1175831
19720.493624166, 000582, -0.06451377, 0.030240666, -10.02625, 0.853813, -0.07844169, 0.5013878, 0.11601961
19720.510292041, 000583, -0.052922525, 0.029280584, -10.038949, 0.8521111, -0.07946221, 0.5045732, 0.11400956
19720.526959833, 000584, -0.04113659, 0.028211266, -10.0517025, 0.85081977, -0.07988303, 0.5071038, 0.11211668
19720.543627708, 000585, -0.029198525, 0.02707481, -10.064461, 0.8497283, -0.07969003, 0.5093171, 0.11048709
19720.560295666, 000586, -0.01706348, 0.025982752, -10.077183, 0.8485316, -0.07919744, 0.5117048, 0.10899546
19720.5769635, 000587, -0.0047298577, 0.025049157, -10.08979, 0.84704864, -0.07855381, 0.5146219, 0.10724793
19720.593631375, 000588, 0.007714968, 0.024329364, -10.102173, 0.8453662, -0.07767548, 0.51799786, 0.10488458
19720.610299166, 000589, 0.019380463, 0.02432372, -10.11202, 0.84385276, -0.075888306, 0.5213996, 0.101468675
19720.626967083, 000590, 0.031468228, 0.024161886, -10.123033, 0.8427277, -0.07303822, 0.5244664, 0.097006604
19720.643635041, 000591, 0.043811638, 0.024089433, -10.134381, 0.84189135, -0.069982424, 0.5269551, 0.09294993
19720.660302875, 000592, 0.05653918, 0.02425763, -10.14599, 0.8410452, -0.06734569, 0.5291282, 0.09017096
19720.676970791, 000593, 0.06780797, 0.025877967, -10.152583, 0.8395636, -0.06612956, 0.5316866, 0.089828424
19720.693638625, 000594, 0.08109668, 0.027426079, -10.163165, 0.8365563, -0.067150995, 0.5359873, 0.09155224
19720.710306541, 000595, 0.09517777, 0.029455226, -10.174812, 0.83224016, -0.06981224, 0.5420818, 0.09300404
19720.726974333, 000596, 0.10921626, 0.031977594, -10.186308, 0.8278385, -0.07242187, 0.54859513, 0.09209707
19720.743642166, 000597, 0.12270738, 0.03469245, -10.197286, 0.8246835, -0.07371387, 0.5536192, 0.08926957
19720.760310208, 000598, 0.1355974, 0.037269525, -10.207949, 0.8229882, -0.073857635, 0.5563905, 0.087549694
19720.776978083, 000599, 0.14563228, 0.040179953, -10.214996, 0.822367, -0.07315238, 0.55746114, 0.08716836
19720.793645875, 000600, 0.15714385, 0.042846628, -10.224579, 0.82176954, -0.07333533, 0.5580939, 0.08858822
19720.810313708, 000601, 0.16919863, 0.04557827, -10.234939, 0.8205144, -0.07388037, 0.5596924, 0.08967792
19720.826981625, 000602, 0.18144672, 0.04838271, -10.245393, 0.818488, -0.07420656, 0.5626398, 0.089483045
19720.843649541, 000603, 0.19363241, 0.05117117, -10.255696, 0.8162309, -0.07409514, 0.56611824, 0.08824493
19720.860317458, 000604, 0.20566168, 0.053818464, -10.265805, 0.81424296, -0.074284166, 0.56905866, 0.087535374
19720.87698525, 000605, 0.21651599, 0.055757858, -10.2740755, 0.81282413, -0.074713275, 0.5710911, 0.08711916
19720.893653083, 000606, 0.22780946, 0.057793643, -10.283331, 0.8120375, -0.07536115, 0.57219094, 0.08667812
19720.910321, 000607, 0.23920648, 0.059693314, -10.292836, 0.81151843, -0.07605961, 0.5729853, 0.08567716
19720.926988875, 000608, 0.25070944, 0.06135004, -10.302448, 0.81078374, -0.07665256, 0.57415354, 0.08427156
19720.943656791, 000609, 0.2623875, 0.062675595, -10.312189, 0.80944115, -0.07704374, 0.5761736, 0.08302529
19720.960324708, 000610, 0.27419105, 0.063629806, -10.322032, 0.80755216, -0.07679305, 0.5790378, 0.081716575
19720.9769925, 000611, 0.2847793, 0.06394689, -10.331015, 0.80545807, -0.075990096, 0.58220243, 0.080641754
19720.993660416, 000612, 0.29614198, 0.06409928, -10.340589, 0.8034429, -0.07494956, 0.58523595, 0.07975536
19721.01032825, 000613, 0.30769873, 0.06402249, -10.350298, 0.8015945, -0.0737544, 0.58801603, 0.079017
19721.026996125, 000614, 0.3193216, 0.063786514, -10.3599615, 0.7999199, -0.07300253, 0.59046274, 0.07843818
19721.043663958, 000615, 0.33102697, 0.063477665, -10.369528, 0.79830444, -0.0729534, 0.59274775, 0.07770385
19721.060331958, 000616, 0.342885, 0.06306073, -10.379018, 0.7964427, -0.07322536, 0.595335, 0.07676793
19721.07699975, 000617, 0.3542922, 0.060707964, -10.386628, 0.7942009, -0.07335197, 0.598421, 0.07587367
19721.093667666, 000618, 0.36628786, 0.059353523, -10.3954735, 0.79154974, -0.07324403, 0.6020342, 0.07509367
19721.110335583, 000619, 0.37858102, 0.058313046, -10.40471, 0.7886566, -0.073240094, 0.60592216, 0.07426253
19721.127003375, 000620, 0.39103448, 0.057450693, -10.414079, 0.78566754, -0.073613554, 0.6098905, 0.07308309
19721.143671208, 000621, 0.4035375, 0.056698985, -10.423495, 0.7827922, -0.07438038, 0.61364293, 0.07173666
19721.160339041, 000622, 0.41600654, 0.055983122, -10.432935, 0.7801639, -0.07520321, 0.6170265, 0.07047662
19721.177006958, 000623, 0.42767176, 0.05420099, -10.442144, 0.7777082, -0.07598221, 0.62013197, 0.06952084
19721.193674875, 000624, 0.43979377, 0.053263187, -10.451632, 0.7754065, -0.07720263, 0.62294865, 0.06869864
19721.21034275, 000625, 0.45199046, 0.052683707, -10.461207, 0.7732593, -0.078319654, 0.62561035, 0.06743611
19721.227010625, 000626, 0.4641469, 0.05227635, -10.470819, 0.7711506, -0.07857067, 0.6283776, 0.06553554
19721.243678458, 000627, 0.47629905, 0.052008543, -10.480481, 0.76877224, -0.0774341, 0.63168633, 0.06297156
19721.260346333, 000628, 0.48854443, 0.051963337, -10.490205, 0.76594865, -0.07578402, 0.63553685, 0.060599286
19721.277014166, 000629, 0.50085616, 0.052335177, -10.499921, 0.7627029, -0.07397953, 0.63990647, 0.05771503
19721.293682083, 000630, 0.5128375, 0.05278378, -10.509599, 0.75946045, -0.07290604, 0.644125, 0.054841544
19721.310350083, 000631, 0.5247736, 0.053498335, -10.519216, 0.75604373, -0.0738781, 0.64814776, 0.053331997
19721.327017833, 000632, 0.5372702, 0.05493523, -10.528623, 0.7521868, -0.076631136, 0.65233904, 0.05288154
19721.343685791, 000633, 0.54988134, 0.05657112, -10.537793, 0.7482449, -0.08015387, 0.6564374, 0.052865744
19721.360353541, 000634, 0.56227624, 0.05814572, -10.546728, 0.7450908, -0.08317595, 0.65965825, 0.05265315
19721.377021541, 000635, 0.57445586, 0.059500437, -10.555494, 0.7428225, -0.08503644, 0.6619983, 0.052361675
19721.393689333, 000636, 0.58589435, 0.060096473, -10.563847, 0.74089694, -0.08587618, 0.66404516, 0.052353937
19721.410357125, 000637, 0.59722006, 0.06033898, -10.5721035, 0.73880464, -0.08676976, 0.6662078, 0.052969903
19721.427025125, 000638, 0.60967034, 0.061120503, -10.580785, 0.7363309, -0.08876509, 0.6685616, 0.054432545
19721.443692958, 000639, 0.62259763, 0.062032826, -10.589568, 0.7335901, -0.091399044, 0.67105746, 0.056333974
19721.460360791, 000640, 0.6356411, 0.06283661, -10.598271, 0.73081356, -0.09376079, 0.67357785, 0.05842277
19721.477028625, 000641, 0.6486429, 0.06341819, -10.606835, 0.7281402, -0.09540791, 0.67602396, 0.06083269
19721.493696541, 000642, 0.6612097, 0.06343058, -10.614555, 0.7258, -0.09657987, 0.6781164, 0.06359887
19721.5103645, 000643, 0.6735374, 0.06319601, -10.62188, 0.7237813, -0.09769963, 0.6798198, 0.066636324
19721.527032375, 000644, 0.6861718, 0.06332935, -10.629671, 0.7218922, -0.09848832, 0.68144655, 0.069297895
19721.543700083, 000645, 0.6988973, 0.06358182, -10.637417, 0.7200145, -0.09855259, 0.6832305, 0.07115006
19721.560368083, 000646, 0.7117104, 0.063855894, -10.64495, 0.7181352, -0.09810856, 0.6851406, 0.072380014
19721.577035958, 000647, 0.72635347, 0.0635977, -10.653802, 0.71612906, -0.0973349, 0.68727434, 0.07306842
19721.593703791, 000648, 0.7401072, 0.063660026, -10.661289, 0.7139424, -0.096457064, 0.6896556, 0.07319466
19721.610371708, 000649, 0.75369805, 0.06382834, -10.668132, 0.7118988, -0.09583789, 0.6918906, 0.07281844
19721.627039458, 000650, 0.7673427, 0.06402491, -10.674575, 0.7102383, -0.095521934, 0.69374496, 0.07179861
19721.6437075, 000651, 0.7811951, 0.064139396, -10.680717, 0.7088474, -0.09561767, 0.6952954, 0.07040487
19721.660375291, 000652, 0.7953778, 0.0640713, -10.686674, 0.70757735, -0.09593762, 0.6967011, 0.06883215
19721.677043083, 000653, 0.8102363, 0.0643029, -10.693989, 0.7063259, -0.0966382, 0.6979679, 0.06786406
19721.693711041, 000654, 0.82537895, 0.0640039, -10.700369, 0.70502985, -0.09810963, 0.6990803, 0.06777982
19721.710378916, 000655, 0.8407919, 0.063470714, -10.706446, 0.7039314, -0.09980515, 0.69990134, 0.068246946
19721.727046708, 000656, 0.8563819, 0.062776, -10.712414, 0.7030586, -0.10098896, 0.7005281, 0.06906668
19721.743714583, 000657, 0.8720279, 0.06202274, -10.718326, 0.7025728, -0.10106366, 0.70094264, 0.06969172
19721.7603825, 000658, 0.8876874, 0.061310917, -10.724176, 0.70262975, -0.10031273, 0.70095426, 0.070084035
19721.777050333, 000659, 0.9034117, 0.06067889, -10.729891, 0.7030556, -0.09909104, 0.70068455, 0.07024892
19721.793718166, 000660, 0.9197025, 0.059862465, -10.736102, 0.7034378, -0.09740856, 0.7005662, 0.06995507
19721.810386041, 000661, 0.9363559, 0.059029084, -10.74235, 0.70351464, -0.09557061, 0.7007993, 0.06938085
19721.827053958, 000662, 0.95284, 0.058532692, -10.7478075, 0.7033424, -0.09373422, 0.7012919, 0.06865096
19721.843721916, 000663, 0.9692421, 0.058199167, -10.75289, 0.7034079, -0.09148246, 0.701634, 0.067513116
19721.860389708, 000664, 0.98551196, 0.057972193, -10.757661, 0.70424193, -0.08891739, 0.70127004, 0.06600901
19721.877057625, 000665, 1.0016943, 0.05787513, -10.762133, 0.70577157, -0.08630005, 0.7002379, 0.064074844
19721.8937255, 000666, 1.0184227, 0.057758406, -10.767258, 0.70785165, -0.08328677, 0.69873, 0.061527036
19721.910393333, 000667, 1.0355066, 0.057669368, -10.772483, 0.7100892, -0.08028054, 0.6970203, 0.059084073
19721.927061166, 000668, 1.0525451, 0.05790202, -10.776816, 0.71178454, -0.078108795, 0.69569486, 0.05718795
19721.943729083, 000669, 1.0699847, 0.058549535, -10.78092, 0.71285963, -0.07752722, 0.6947453, 0.056120925
19721.960396875, 000670, 1.0879582, 0.059671666, -10.785079, 0.7127504, -0.07904037, 0.6946641, 0.05640275
19721.977064875, 000671, 1.1078862, 0.06136829, -10.791573, 0.711071, -0.081394866, 0.696035, 0.05734208
19721.993732666, 000672, 1.1264132, 0.063327916, -10.796286, 0.7087154, -0.082958795, 0.69827074, 0.05708003
19722.010400541, 000673, 1.1438833, 0.06550172, -10.800223, 0.70715064, -0.08296874, 0.70000654, 0.05518173
19722.027068375, 000674, 1.1604946, 0.06763013, -10.803832, 0.707124, -0.08140066, 0.7003891, 0.052957863
19722.043736208, 000675, 1.1766559, 0.06958076, -10.807409, 0.7082156, -0.07903384, 0.6996561, 0.05162903
19722.060404083, 000676, 1.1927809, 0.07141145, -10.811041, 0.7095851, -0.07684054, 0.6985402, 0.05124409
19722.077071958, 000677, 1.2091383, 0.07320867, -10.814696, 0.7103938, -0.07583207, 0.697791, 0.051748626
19722.093739916, 000678, 1.2258898, 0.07504019, -10.8187, 0.7102004, -0.07561525, 0.69796455, 0.0523757
19722.110407791, 000679, 1.2427511, 0.0767757, -10.822633, 0.70923764, -0.075708695, 0.6988924, 0.05291068
19722.127075666, 000680, 1.2594593, 0.07828458, -10.826033, 0.7080803, -0.07629368, 0.69996125, 0.05343848
19722.1437435, 000681, 1.2760041, 0.079631686, -10.829178, 0.7074123, -0.077782735, 0.70043665, 0.053907245
19722.160411333, 000682, 1.2923801, 0.08082, -10.8322525, 0.7074565, -0.07970721, 0.70017964, 0.053856116
19722.177079166, 000683, 1.3086662, 0.081710234, -10.835388, 0.7079868, -0.081540726, 0.69944024, 0.05375117
19722.193747083, 000684, 1.3255881, 0.08197149, -10.839554, 0.7085196, -0.08259184, 0.69876903, 0.053853903
19722.210414916, 000685, 1.3427229, 0.08173304, -10.844039, 0.7087942, -0.08306661, 0.69839525, 0.054358408
19722.227082791, 000686, 1.3594491, 0.08129483, -10.847863, 0.7086033, -0.083191216, 0.69852936, 0.0549293
19722.24375075, 000687, 1.3760741, 0.08063795, -10.851535, 0.7082012, -0.08318287, 0.69891727, 0.055191938
19722.260418541, 000688, 1.3926631, 0.079727575, -10.855196, 0.7078017, -0.08326164, 0.6993025, 0.055317797
19722.277086416, 000689, 1.4092349, 0.07851702, -10.858858, 0.7075156, -0.083445765, 0.6995516, 0.055552218
19722.29375425, 000690, 1.4265699, 0.07742965, -10.862348, 0.7074126, -0.0835776, 0.69960153, 0.05603426
19722.310422166, 000691, 1.44407, 0.07622469, -10.865837, 0.7075146, -0.08343967, 0.69945383, 0.056789324
19722.327089958, 000692, 1.460962, 0.07456583, -10.869549, 0.7075933, -0.08314954, 0.699331, 0.057740793
19722.343757791, 000693, 1.4777726, 0.072776735, -10.873338, 0.70740443, -0.08278218, 0.69949543, 0.05858381
19722.36042575, 000694, 1.4947063, 0.07098991, -10.877119, 0.7066722, -0.08230676, 0.70024866, 0.059091907
19722.377093625, 000695, 1.5118201, 0.06929281, -10.880845, 0.70539093, -0.08190867, 0.7015705, 0.059273407
19722.393761458, 000696, 1.5290635, 0.0677764, -10.884515, 0.7038512, -0.08165417, 0.7031741, 0.058924526
19722.410429333, 000697, 1.545697, 0.06630341, -10.889091, 0.7023997, -0.081763074, 0.7046578, 0.058368284
19722.427097166, 000698, 1.5627866, 0.065120235, -10.89303, 0.70120555, -0.08179843, 0.70590234, 0.05763319
19722.443765041, 000699, 1.5799944, 0.064142935, -10.896769, 0.7001232, -0.08137993, 0.70710695, 0.056608073
19722.460432916, 000700, 1.5972575, 0.06334489, -10.900425, 0.6989774, -0.080627464, 0.7084266, 0.055330783
19722.477100875, 000701, 1.6146289, 0.06273715, -10.904044, 0.6976683, -0.08009769, 0.7098766, 0.05402177
19722.493768625, 000702, 1.6321237, 0.06236768, -10.907691, 0.69628155, -0.079974934, 0.7113526, 0.052663963
19722.5104365, 000703, 1.6484278, 0.06143961, -10.9108305, 0.69513613, -0.08001886, 0.7125601, 0.05138886
19722.527104333, 000704, 1.6656625, 0.06128809, -10.914486, 0.69419664, -0.07989303, 0.71355677, 0.050444312
19722.543772208, 000705, 1.6832703, 0.061559785, -10.918398, 0.69310766, -0.07926553, 0.71472317, 0.04989568
19722.560440083, 000706, 1.7010549, 0.06215562, -10.922369, 0.69178736, -0.078096546, 0.7161549, 0.04953138
19722.577107958, 000707, 1.7190524, 0.06310713, -10.926294, 0.69026905, -0.077868044, 0.7176242, 0.049806103
19722.593775833, 000708, 1.7372607, 0.06441005, -10.930107, 0.6883878, -0.07949153, 0.7191999, 0.050543446
19722.610443708, 000709, 1.7534006, 0.06506639, -10.931759, 0.6863589, -0.082427, 0.7207542, 0.05128854
19722.627111541, 000710, 1.7706237, 0.06647929, -10.93476, 0.684959, -0.08525658, 0.72175145, 0.051353507
19722.643779583, 000711, 1.7878251, 0.06805001, -10.938266, 0.68474084, -0.08690141, 0.7217643, 0.051324792
19722.66044725, 000712, 1.8048365, 0.06947843, -10.941967, 0.68513376, -0.08722091, 0.7213019, 0.05203445
19722.677115166, 000713, 1.8217891, 0.07072756, -10.945695, 0.68520534, -0.08655333, 0.72121954, 0.053333774
19722.693783125, 000714, 1.8387786, 0.07191235, -10.949295, 0.684367, -0.08608081, 0.7219404, 0.055080198
19722.710450916, 000715, 1.8513901, 0.07083819, -10.952558, 0.68307984, -0.08631624, 0.72300375, 0.056717858
19722.72711875, 000716, 1.8664826, 0.07138549, -10.955607, 0.6820381, -0.087319784, 0.7237596, 0.058062732
19722.743786583, 000717, 1.8820636, 0.07237694, -10.958415, 0.68181545, -0.0886937, 0.7236891, 0.059457287
19722.760454583, 000718, 1.8976433, 0.073366076, -10.961019, 0.6822417, -0.089952946, 0.72299725, 0.0610708
19722.777122375, 000719, 1.9132582, 0.07424918, -10.96348, 0.6825723, -0.090896875, 0.72242665, 0.06270973
19722.79379025, 000720, 1.9247552, 0.07292478, -10.963068, 0.68245655, -0.091321185, 0.7223908, 0.06375664
19722.810458125, 000721, 1.9391918, 0.07289502, -10.964499, 0.6819468, -0.09120141, 0.7228319, 0.06438069
19722.827126041, 000722, 1.9545908, 0.07314037, -10.966441, 0.68136346, -0.09045957, 0.7234448, 0.06471794
19722.843793833, 000723, 1.9703025, 0.073371746, -10.968452, 0.6809808, -0.08955569, 0.72390366, 0.06487133
19722.860461625, 000724, 1.9861261, 0.07355008, -10.970398, 0.6809748, -0.088906795, 0.7240098, 0.06464223
19722.877129625, 000725, 2.0020127, 0.07363272, -10.972269, 0.68140876, -0.08867667, 0.7236798, 0.06407853
19722.893797416, 000726, 2.013189, 0.07309365, -10.970175, 0.6821941, -0.088672265, 0.7229971, 0.06343158
19722.910465375, 000727, 2.0277755, 0.07260188, -10.970837, 0.6830425, -0.089013234, 0.72218055, 0.06312419
19722.927133125, 000728, 2.0436285, 0.071924835, -10.972502, 0.6838816, -0.089785695, 0.7212396, 0.0637005
19722.943801, 000729, 2.059973, 0.07104351, -10.974569, 0.6846666, -0.09051862, 0.720314, 0.06469711
19722.960468875, 000730, 2.0764782, 0.07004822, -10.976819, 0.6855387, -0.09117987, 0.71931714, 0.0656171
19722.97713675, 000731, 2.0929365, 0.069004804, -10.97918, 0.6868369, -0.091753684, 0.7179429, 0.06628876
19722.993804541, 000732, 2.109203, 0.067920834, -10.981641, 0.6888088, -0.091905445, 0.7160017, 0.066613056
19723.0104725, 000733, 2.1239896, 0.066467196, -10.984393, 0.69157094, -0.09149668, 0.71338993, 0.06657924
19723.027140333, 000734, 2.1394193, 0.06527872, -10.987159, 0.6948599, -0.09061736, 0.7103034, 0.06653637
19723.04380825, 000735, 2.1550198, 0.064187065, -10.990005, 0.6980087, -0.08913184, 0.7073922, 0.066599846
19723.060476083, 000736, 2.1705887, 0.06323292, -10.992886, 0.70098764, -0.08751924, 0.70463425, 0.06668709
19723.077143958, 000737, 2.185934, 0.062531814, -10.995738, 0.70405865, -0.085682504, 0.7018514, 0.06606426
19723.093811791, 000738, 2.200967, 0.06215422, -10.998586, 0.7076917, -0.083570585, 0.6985862, 0.064541094
19723.110479666, 000739, 2.2154613, 0.061880454, -11.002901, 0.7120724, -0.08254051, 0.69430345, 0.06389482
19723.1271475, 000740, 2.2302043, 0.06181497, -11.00758, 0.7160209, -0.083585955, 0.6899613, 0.06542897
19723.143815375, 000741, 2.2456498, 0.062136307, -11.011455, 0.7182994, -0.086143486, 0.6869904, 0.06833347
19723.160483291, 000742, 2.2612097, 0.06284717, -11.015058, 0.7191667, -0.08868494, 0.6855255, 0.07063226
19723.177151041, 000743, 2.276291, 0.063823, -11.0185, 0.7201623, -0.0903376, 0.6841232, 0.07197678
19723.193818958, 000744, 2.2901182, 0.06546709, -11.022248, 0.72233313, -0.090214275, 0.68178964, 0.07251854
19723.210486875, 000745, 2.3035128, 0.06651475, -11.025673, 0.72606504, -0.08872008, 0.67794085, 0.07317411
19723.22715475, 000746, 2.3166347, 0.067314774, -11.0291195, 0.7305238, -0.08711997, 0.67319804, 0.07449436
19723.243822583, 000747, 2.3297665, 0.06808815, -11.032734, 0.7346149, -0.08602106, 0.66868854, 0.07613756
19723.260490375, 000748, 2.3430746, 0.06887497, -11.036538, 0.7375612, -0.08515128, 0.6653633, 0.07774502
19723.27715825, 000749, 2.3565621, 0.06963438, -11.040484, 0.7393757, -0.0844206, 0.6632374, 0.07945357
19723.293826125, 000750, 2.3700912, 0.07034947, -11.044494, 0.7406223, -0.08394154, 0.66168255, 0.08129368
19723.310493958, 000751, 2.3825102, 0.07176326, -11.049902, 0.7416109, -0.08350272, 0.66041607, 0.08301276
19723.327161791, 000752, 2.3954468, 0.07260146, -11.054465, 0.74285305, -0.083733484, 0.65874684, 0.08491523
19723.343829666, 000753, 2.408322, 0.07324212, -11.058809, 0.74478674, -0.08459724, 0.65620065, 0.08681409
19723.3604975, 000754, 2.420996, 0.073729165, -11.063156, 0.7471934, -0.08558846, 0.65307075, 0.08874189
19723.377165416, 000755, 2.4335194, 0.07405379, -11.067636, 0.74955624, -0.08623482, 0.6500195, 0.09057339
19723.393833208, 000756, 2.4459522, 0.07423412, -11.072312, 0.7515871, -0.08656512, 0.64738685, 0.09226886
19723.410501125, 000757, 2.4568875, 0.07436276, -11.077092, 0.7532147, -0.086304754, 0.6453289, 0.093645856
19723.427169041, 000758, 2.4676256, 0.07426028, -11.082043, 0.75465363, -0.08523531, 0.6436203, 0.0947924
19723.443837, 000759, 2.479207, 0.07386482, -11.087178, 0.7560714, -0.083703004, 0.64200103, 0.09583486
19723.460504708, 000760, 2.4910502, 0.07335814, -11.092463, 0.75745004, -0.082491115, 0.6404018, 0.09669634
19723.477172625, 000761, 2.5029876, 0.072860934, -11.097885, 0.75872207, -0.082102835, 0.63887393, 0.09715988
19723.493840375, 000762, 2.5149226, 0.072364986, -11.103453, 0.75993115, -0.08224924, 0.6374392, 0.09700985
19723.510508291, 000763, 2.5235412, 0.071788915, -11.108223, 0.76107395, -0.0825135, 0.63606185, 0.096866906
19723.527176083, 000764, 2.5320373, 0.071034625, -11.11323, 0.76213753, -0.08253467, 0.63479555, 0.09679315
19723.543844, 000765, 2.5427458, 0.07012451, -11.119169, 0.762994, -0.082338214, 0.6338105, 0.096667856
19723.560511958, 000766, 2.5541496, 0.06913931, -11.1256, 0.76366806, -0.08210724, 0.6330598, 0.096461184
19723.57717975, 000767, 2.5657318, 0.06808928, -11.132373, 0.7643166, -0.08175205, 0.6323393, 0.0963515
19723.593847541, 000768, 2.5740817, 0.066688046, -11.138688, 0.7648986, -0.08082497, 0.6317896, 0.09612112
19723.610515458, 000769, 2.5824194, 0.065366454, -11.145301, 0.7654701, -0.07956349, 0.6313678, 0.09539281
19723.627183416, 000770, 2.5929825, 0.06443019, -11.152703, 0.7661472, -0.07853107, 0.6308567, 0.09418668
19723.643851125, 000771, 2.604344, 0.0637226, -11.160527, 0.76676446, -0.078119956, 0.6303214, 0.093082845
19723.660519, 000772, 2.6160445, 0.06318187, -11.168652, 0.76719093, -0.07775519, 0.6300471, 0.091721885
19723.677186958, 000773, 2.6279678, 0.062800586, -11.177021, 0.7673029, -0.077626206, 0.63013804, 0.09025731
19723.693854708, 000774, 2.6338444, 0.0620885, -11.184059, 0.7670738, -0.07762641, 0.63065237, 0.08859663
19723.710522625, 000775, 2.6398237, 0.061530318, -11.191366, 0.76673687, -0.07794556, 0.63124007, 0.087034576
19723.727190416, 000776, 2.6499457, 0.06142044, -11.199958, 0.7663675, -0.07826801, 0.63184553, 0.085592605
19723.743858375, 000777, 2.6613946, 0.06152992, -11.209139, 0.76595086, -0.078058824, 0.6325936, 0.08397244
19723.760526208, 000778, 2.6733391, 0.061770946, -11.218654, 0.7653663, -0.077523865, 0.6335244, 0.08277152
19723.777194083, 000779, 2.685581, 0.0621447, -11.228413, 0.76433015, -0.07695253, 0.6349147, 0.08222569
19723.793861916, 000780, 2.697971, 0.06272191, -11.238319, 0.76301056, -0.07632989, 0.63659763, 0.08204945
19723.810529708, 000781, 2.702822, 0.062328286, -11.245289, 0.761969, -0.07567595, 0.63796926, 0.08167964
19723.827197541, 000782, 2.7128673, 0.063082114, -11.254295, 0.76119804, -0.076177984, 0.63877904, 0.08207095
19723.843865583, 000783, 2.7247212, 0.06437, -11.263917, 0.76030785, -0.078095384, 0.63943833, 0.08337631
19723.860533291, 000784, 2.7372065, 0.06596493, -11.273601, 0.75920033, -0.08063607, 0.64027953, 0.08458576
19723.877201291, 000785, 2.7498512, 0.06776442, -11.283169, 0.7581641, -0.083066374, 0.6411244, 0.08512668
19723.893869, 000786, 2.7595043, 0.06950943, -11.292303, 0.7572975, -0.085334405, 0.64186937, 0.08498312
19723.910537, 000787, 2.7692225, 0.07139015, -11.301392, 0.75655425, -0.087412015, 0.6425439, 0.084391855
19723.92720475, 000788, 2.7808855, 0.073443614, -11.31063, 0.7557289, -0.08901077, 0.64340377, 0.08356049
19723.943872666, 000789, 2.793183, 0.07549726, -11.319815, 0.7547376, -0.09006593, 0.64456683, 0.08241828
19723.960540541, 000790, 2.805674, 0.07746964, -11.328815, 0.75378793, -0.09098562, 0.6457103, 0.081139244
19723.977208333, 000791, 2.8182335, 0.07930567, -11.337572, 0.75320685, -0.09240674, 0.6463097, 0.0801507
19723.993876208, 000792, 2.830271, 0.080961734, -11.348094, 0.75288296, -0.09444518, 0.6464353, 0.07980381
19724.010544125, 000793, 2.8424852, 0.08230938, -11.358404, 0.7523844, -0.09686605, 0.6465843, 0.0803946
19724.027211875, 000794, 2.8552742, 0.08324268, -11.367357, 0.7513225, -0.098548844, 0.64743924, 0.08139462
19724.043879833, 000795, 2.868304, 0.08376131, -11.375774, 0.7497128, -0.099000484, 0.6490721, 0.08267296
19724.060547625, 000796, 2.8814077, 0.08395892, -11.383895, 0.74801904, -0.098410785, 0.6509338, 0.08407125
19724.077215458, 000797, 2.8945088, 0.08395196, -11.391783, 0.7467266, -0.09733001, 0.65239525, 0.08547959
19724.093883333, 000798, 2.907651, 0.08379377, -11.399396, 0.7457606, -0.09629836, 0.65345615, 0.08696392
19724.11055125, 000799, 2.9242122, 0.08367309, -11.408847, 0.74476093, -0.09541647, 0.6545388, 0.08834965
19724.127219083, 000800, 2.9386115, 0.083500855, -11.416622, 0.7437545, -0.0950471, 0.65562785, 0.08914775
19724.143886958, 000801, 2.9523413, 0.08332198, -11.423741, 0.74303156, -0.09516761, 0.65637773, 0.08952938
19724.16055475, 000802, 2.965885, 0.08309942, -11.430584, 0.74277556, -0.09552426, 0.6566041, 0.08961401
19724.177222666, 000803, 2.9794893, 0.08273504, -11.437325, 0.7428077, -0.095885105, 0.6564925, 0.08977953
19724.1938905, 000804, 2.9933243, 0.082157105, -11.44404, 0.7427168, -0.09598859, 0.65651643, 0.09024449
19724.210558333, 000805, 3.0115516, 0.08141749, -11.453384, 0.74227566, -0.095533356, 0.65700954, 0.0907667
19724.227226166, 000806, 3.0272071, 0.080582485, -11.460888, 0.7417963, -0.09485, 0.6576631, 0.090668626
19724.243894166, 000807, 3.0420473, 0.07972113, -11.467727, 0.74182975, -0.094300486, 0.6577678, 0.09020815
19724.260561833, 000808, 3.0565763, 0.078836635, -11.474297, 0.7427464, -0.09362779, 0.65694183, 0.089380756
19724.277229708, 000809, 3.0710435, 0.07787229, -11.480724, 0.74430656, -0.09253755, 0.65546703, 0.088359915
19724.293897541, 000810, 3.0856972, 0.07681925, -11.487076, 0.74591243, -0.0910365, 0.6539991, 0.08724773
19724.310565458, 000811, 3.1015995, 0.07645816, -11.492055, 0.74719566, -0.08929051, 0.6529625, 0.08582353
19724.327233375, 000812, 3.1171749, 0.07568298, -11.497917, 0.7481209, -0.087502584, 0.65237373, 0.08406414
19724.343901125, 000813, 3.132792, 0.074836925, -11.503999, 0.7490688, -0.08582266, 0.651767, 0.08203742
19724.360569041, 000814, 3.1485448, 0.07404659, -11.510062, 0.75030863, -0.084543556, 0.6507764, 0.07987094
19724.377236916, 000815, 3.164474, 0.07337744, -11.516024, 0.75193846, -0.0839903, 0.64922625, 0.077713065
19724.393904708, 000816, 3.1806667, 0.07284475, -11.521883, 0.7536651, -0.08412247, 0.64745444, 0.075597495
19724.410572666, 000817, 3.1983192, 0.07280202, -11.528462, 0.75508463, -0.08480232, 0.64591956, 0.07378084
19724.427240375, 000818, 3.2154686, 0.07255977, -11.534447, 0.7563932, -0.085419334, 0.64449227, 0.072127864
19724.443908375, 000819, 3.2325246, 0.072303355, -11.540201, 0.75794536, -0.08572645, 0.64277893, 0.07074563
19724.460576166, 000820, 3.2496908, 0.07210398, -11.545854, 0.7598275, -0.08591753, 0.640598, 0.070102796
19724.477244083, 000821, 3.2672014, 0.072008975, -11.5514965, 0.7614993, -0.08586245, 0.6386074, 0.07019254
19724.493911916, 000822, 3.2848132, 0.072436474, -11.556654, 0.76247436, -0.085678704, 0.63734293, 0.07131607
19724.510579833, 000823, 3.3031805, 0.07306636, -11.561913, 0.7618861, -0.08624386, 0.6376667, 0.07397703
19724.527247625, 000824, 3.3222659, 0.07389069, -11.567392, 0.7595958, -0.08722539, 0.6399817, 0.07634928
19724.543915375, 000825, 3.3413284, 0.075063005, -11.572713, 0.7568424, -0.08816456, 0.6429647, 0.07754299
19724.560583333, 000826, 3.3598392, 0.076415375, -11.577844, 0.75493515, -0.08811763, 0.64515656, 0.07798098
19724.577251125, 000827, 3.3776016, 0.07765026, -11.582833, 0.75446194, -0.085905105, 0.6459846, 0.07817497
19724.593919083, 000828, 3.3947792, 0.07863404, -11.587704, 0.7552903, -0.08225961, 0.6453978, 0.07893931
19724.610586791, 000829, 3.4106722, 0.07985455, -11.590905, 0.75678355, -0.07881996, 0.64394015, 0.08004453
19724.627254708, 000830, 3.4273126, 0.08098264, -11.595189, 0.7580285, -0.076864034, 0.6425356, 0.08144052
19724.643922625, 000831, 3.4443643, 0.082172364, -11.599853, 0.7583593, -0.075965345, 0.6420531, 0.08299446
19724.660590416, 000832, 3.4616456, 0.083399355, -11.604613, 0.7574555, -0.07533317, 0.6429978, 0.08449719
19724.677258333, 000833, 3.4789407, 0.08464611, -11.609298, 0.7557726, -0.07487696, 0.6448564, 0.085798636
19724.693926125, 000834, 3.4960444, 0.08590724, -11.613793, 0.7541916, -0.07515196, 0.6465274, 0.08688821
19724.710594041, 000835, 3.512811, 0.087913804, -11.618074, 0.7531222, -0.07664026, 0.6474716, 0.08782782
19724.727261791, 000836, 3.5293803, 0.089294575, -11.622163, 0.7526655, -0.07887386, 0.64763033, 0.08859075
19724.74392975, 000837, 3.545817, 0.09031684, -11.626212, 0.75241363, -0.08120296, 0.6475588, 0.08914778
19724.7605975, 000838, 3.5621727, 0.091031104, -11.630308, 0.7520338, -0.08283818, 0.6477663, 0.08934069
19724.777265375, 000839, 3.5785096, 0.09141804, -11.634493, 0.7513569, -0.083624355, 0.64844006, 0.08941567
19724.793933208, 000840, 3.595289, 0.09152749, -11.638933, 0.7504512, -0.083657525, 0.64948094, 0.089435525
19724.810601041, 000841, 3.6119952, 0.091349445, -11.643491, 0.74943423, -0.08337847, 0.6506638, 0.089626275
19724.827268958, 000842, 3.6284537, 0.09091476, -11.648067, 0.7483037, -0.08295402, 0.651996, 0.08978478
19724.843936875, 000843, 3.6447976, 0.09031485, -11.652673, 0.74718344, -0.082387775, 0.6533755, 0.08960741
19724.860604708, 000844, 3.6610603, 0.08958662, -11.657298, 0.74617916, -0.08166173, 0.6546866, 0.08906939
19724.877272583, 000845, 3.677289, 0.08875498, -11.661953, 0.7453429, -0.08094888, 0.65583575, 0.08826442
19724.893940291, 000846, 3.695395, 0.088317014, -11.667245, 0.74463594, -0.08064799, 0.65680355, 0.0873053
19724.910608333, 000847, 3.7133052, 0.087819695, -11.67258, 0.7440398, -0.08078464, 0.65761006, 0.08618333
19724.927276083, 000848, 3.7303104, 0.08706558, -11.677789, 0.7436045, -0.08146479, 0.65812176, 0.08539005
19724.943943958, 000849, 3.7471318, 0.08621064, -11.683105, 0.74324, -0.08233311, 0.6584905, 0.08488665
19724.960611875, 000850, 3.763989, 0.085346766, -11.688583, 0.74279016, -0.08304312, 0.65899104, 0.08424598
19724.977279666, 000851, 3.7809193, 0.08452023, -11.694256, 0.74220353, -0.083290264, 0.6597438, 0.08327493
19724.9939475, 000852, 3.797883, 0.083746605, -11.700159, 0.74171126, -0.08313746, 0.6604517, 0.08219462
19725.010615416, 000853, 3.8161633, 0.08226189, -11.707494, 0.74152833, -0.082762785, 0.66084206, 0.08107822
19725.027283208, 000854, 3.8335547, 0.081409454, -11.714268, 0.7417031, -0.08252301, 0.66077846, 0.08023905
19725.043951125, 000855, 3.850735, 0.0808622, -11.721033, 0.741992, -0.082423255, 0.66055596, 0.079498075
19725.060618916, 000856, 3.867938, 0.08051274, -11.727942, 0.74200195, -0.082264274, 0.6606538, 0.0787542
19725.077286708, 000857, 3.885157, 0.080340154, -11.73498, 0.7417531, -0.081680946, 0.6611046, 0.07791728
19725.093954541, 000858, 3.9044776, 0.07972269, -11.742843, 0.74151194, -0.08030654, 0.6616935, 0.07663168
19725.1106225, 000859, 3.9233963, 0.07951954, -11.750611, 0.74125755, -0.07838947, 0.6623876, 0.075065956
19725.127290375, 000860, 3.941206, 0.080022044, -11.757961, 0.7406024, -0.07656142, 0.6635135, 0.07345913
19725.143958166, 000861, 3.9586406, 0.08098572, -11.765029, 0.7397108, -0.07469649, 0.6649641, 0.07121131
19725.160626041, 000862, 3.975876, 0.082331605, -11.7718315, 0.7389558, -0.072892115, 0.6663299, 0.068084285
19725.177293916, 000863, 3.9930599, 0.08400924, -11.778474, 0.73869216, -0.07179006, 0.66707665, 0.06472027
19725.193961708, 000864, 4.0104537, 0.085997425, -11.785169, 0.73869437, -0.072550826, 0.66722876, 0.06223091
19725.210629541, 000865, 4.0294538, 0.08704683, -11.792568, 0.73819774, -0.07507001, 0.66764855, 0.060613874
19725.227297458, 000866, 4.047768, 0.088952675, -11.79972, 0.7369477, -0.077915914, 0.66882545, 0.059241794
19725.243965416, 000867, 4.065746, 0.09105713, -11.806824, 0.7353555, -0.080373816, 0.67038935, 0.05805441
19725.260633166, 000868, 4.0833473, 0.09306448, -11.813886, 0.73412746, -0.08202486, 0.6716026, 0.057259396
19725.277300916, 000869, 4.1005635, 0.09485807, -11.82088, 0.73377824, -0.08299735, 0.6718805, 0.057073854
19725.293968833, 000870, 4.1176004, 0.096428804, -11.827784, 0.7341409, -0.08435492, 0.67121685, 0.058217596
19725.310636708, 000871, 4.136921, 0.09656201, -11.834571, 0.73460335, -0.08644851, 0.67025775, 0.06032467
19725.327304625, 000872, 4.1549416, 0.09737413, -11.841203, 0.7345652, -0.08878772, 0.66977483, 0.06270821
19725.343972375, 000873, 4.172687, 0.098159485, -11.847643, 0.73383313, -0.090509474, 0.67010456, 0.06524355
19725.36064025, 000874, 4.190388, 0.098721854, -11.853859, 0.73268664, -0.09121842, 0.67102545, 0.06763347
19725.377308083, 000875, 4.2080283, 0.09908178, -11.859806, 0.7316502, -0.09124048, 0.67195225, 0.06959298
19725.393976, 000876, 4.2273364, 0.09898232, -11.866248, 0.7310617, -0.09117705, 0.67245185, 0.0710215
19725.410643875, 000877, 4.246311, 0.09881025, -11.872224, 0.7308604, -0.09136267, 0.6725561, 0.071862146
19725.427311666, 000878, 4.264561, 0.098661855, -11.877534, 0.7306098, -0.09189092, 0.67273176, 0.07209262
19725.443979541, 000879, 4.2828364, 0.098405205, -11.882524, 0.7298384, -0.092765994, 0.6734791, 0.071806826
19725.460647333, 000880, 4.3013244, 0.09797651, -11.887339, 0.72857535, -0.09390606, 0.67476016, 0.07112146
19725.47731525, 000881, 4.3199787, 0.09731812, -11.892015, 0.72713673, -0.0951804, 0.6762237, 0.070243955
19725.493983, 000882, 4.338679, 0.096403405, -11.896564, 0.7260234, -0.09635425, 0.6773659, 0.06914678
19725.510650916, 000883, 4.358921, 0.0952212, -11.901826, 0.7254962, -0.09758476, 0.67786646, 0.06804013
19725.52731875, 000884, 4.3782177, 0.093812816, -11.906495, 0.7254221, -0.09872585, 0.6778729, 0.06711389
19725.543986666, 000885, 4.3973393, 0.09218769, -11.910991, 0.72545373, -0.09959079, 0.6777972, 0.06625156
19725.560654458, 000886, 4.4165387, 0.09034633, -11.915452, 0.7253521, -0.09986228, 0.6779495, 0.065393575
19725.577322333, 000887, 4.435875, 0.088328995, -11.919892, 0.72501683, -0.099566184, 0.678435, 0.06452023
19725.59399025, 000888, 4.455849, 0.086518325, -11.924903, 0.7246061, -0.0991102, 0.6790283, 0.063589916
19725.610658083, 000889, 4.475716, 0.08470292, -11.929721, 0.72445935, -0.09892718, 0.679307, 0.062562704
19725.627325875, 000890, 4.495205, 0.0828888, -11.934161, 0.7248725, -0.099343665, 0.67890286, 0.061494865
19725.64399375, 000891, 4.5144124, 0.081199296, -11.938423, 0.7259981, -0.100181304, 0.67768085, 0.060324486
19725.660661541, 000892, 4.5333753, 0.07959677, -11.942566, 0.7277101, -0.10083783, 0.6758343, 0.05930899
19725.677329458, 000893, 4.5521894, 0.07809923, -11.946649, 0.72970045, -0.10113947, 0.6736952, 0.058675505
19725.69399725, 000894, 4.570928, 0.076801956, -11.950711, 0.7316625, -0.10102502, 0.6716063, 0.058384396
19725.710665166, 000895, 4.5898194, 0.0763374, -11.954551, 0.73366344, -0.09983396, 0.6696652, 0.05761557
19725.727333, 000896, 4.6084228, 0.07581312, -11.9584875, 0.7357374, -0.09740139, 0.6678306, 0.05661819
19725.744000708, 000897, 4.6269183, 0.07547716, -11.9624405, 0.7380069, -0.094594605, 0.66578454, 0.055934224
19725.760668666, 000898, 4.645473, 0.075526565, -11.966454, 0.74065226, -0.0928277, 0.66308177, 0.056034625
19725.7773365, 000899, 4.6642847, 0.076054946, -11.970617, 0.74300474, -0.09308935, 0.6602857, 0.05745435
19725.794004333, 000900, 4.68388, 0.07685457, -11.974953, 0.74431664, -0.09396969, 0.65852857, 0.05918224
19725.810672291, 000901, 4.703305, 0.07804851, -11.979207, 0.74469507, -0.093979485, 0.6579977, 0.060299173
19725.827340041, 000902, 4.7220874, 0.07965619, -11.983259, 0.74522597, -0.092223644, 0.6576968, 0.059732392
19725.844007875, 000903, 4.740429, 0.08153901, -11.987169, 0.7466511, -0.09005413, 0.65646863, 0.058745768
19725.860675708, 000904, 4.7586985, 0.08359769, -11.991103, 0.74841547, -0.08874616, 0.65464973, 0.058584075
19725.877343583, 000905, 4.7771697, 0.085838005, -11.995155, 0.7496993, -0.08880855, 0.6530979, 0.059387904
19725.894011458, 000906, 4.7958746, 0.08829239, -11.999337, 0.75022584, -0.0900853, 0.6522044, 0.060623247
19725.910679291, 000907, 4.8157463, 0.09103468, -12.003288, 0.75012255, -0.09199932, 0.6519351, 0.061909873
19725.927347166, 000908, 4.834791, 0.093649514, -12.007444, 0.7498309, -0.09410824, 0.65182734, 0.06339026
19725.944015041, 000909, 4.853304, 0.0960936, -12.011633, 0.749994, -0.09606009, 0.6512028, 0.0649342
19725.960682833, 000910, 4.87138, 0.0983272, -12.015801, 0.75106037, -0.09790425, 0.64955825, 0.06631085
19725.977350708, 000911, 4.889184, 0.10028096, -12.020008, 0.7528951, -0.099758655, 0.6470191, 0.06755279
19725.994018541, 000912, 4.9089713, 0.10199745, -12.024389, 0.7549464, -0.101377636, 0.64424396, 0.06876112
19726.010686333, 000913, 4.9282975, 0.10316373, -12.028958, 0.75668424, -0.10212968, 0.6419795, 0.06971821
19726.027354291, 000914, 4.94679, 0.103606105, -12.033678, 0.75775903, -0.10150962, 0.6407219, 0.070515156
19726.044022125, 000915, 4.965184, 0.10330909, -12.038504, 0.758097, -0.09978974, 0.640472, 0.071599014
19726.060689958, 000916, 4.9837112, 0.10239705, -12.043375, 0.7578585, -0.09759297, 0.6409607, 0.07276897
19726.07735775, 000917, 5.0024085, 0.10108201, -12.04826, 0.75731784, -0.095722, 0.6417682, 0.07375922
19726.094025666, 000918, 5.021195, 0.09953068, -12.053086, 0.75684327, -0.09470442, 0.6423953, 0.074481435
19726.110693458, 000919, 5.0400457, 0.09770146, -12.058055, 0.75665736, -0.09394254, 0.64272314, 0.07450783
19726.127361375, 000920, 5.058722, 0.0957167, -12.062764, 0.75693506, -0.09293719, 0.6426132, 0.07389404
19726.144029166, 000921, 5.0773935, 0.09356005, -12.067431, 0.75742465, -0.09147141, 0.64234537, 0.07302846
19726.160697041, 000922, 5.09629, 0.09128436, -12.072209, 0.75762886, -0.089659914, 0.6424529, 0.07220666
19726.177364916, 000923, 5.115459, 0.08865749, -12.077785, 0.7571477, -0.087723926, 0.6433577, 0.07157197
19726.19403275, 000924, 5.135082, 0.086268805, -12.083042, 0.7559539, -0.0857595, 0.6451057, 0.07083442
19726.210700583, 000925, 5.154977, 0.08407263, -12.08821, 0.75433785, -0.08364527, 0.64739156, 0.06972752
19726.227368375, 000926, 5.1750107, 0.08209858, -12.093351, 0.7527059, -0.081673466, 0.6496675, 0.06852331
19726.244036333, 000927, 5.195123, 0.08037973, -12.098491, 0.75124997, -0.080369785, 0.65160406, 0.067648694
19726.260704041, 000928, 5.2152414, 0.078954235, -12.103624, 0.75012994, -0.079639725, 0.6530748, 0.066752
19726.277371958, 000929, 5.2353306, 0.07775527, -12.108747, 0.7492983, -0.078841954, 0.65422463, 0.065773875
19726.294039833, 000930, 5.255453, 0.07669754, -12.113909, 0.7485418, -0.07729458, 0.65535086, 0.06500705
19726.310707625, 000931, 5.2755194, 0.07630363, -12.121021, 0.7476348, -0.07461333, 0.65671283, 0.06483196
19726.327375458, 000932, 5.296023, 0.075841784, -12.127078, 0.7462448, -0.07215799, 0.6584564, 0.06593155
19726.344043333, 000933, 5.31686, 0.075822234, -12.132843, 0.74411136, -0.06986972, 0.6610287, 0.066764034
19726.360711125, 000934, 5.337869, 0.07648081, -12.138466, 0.7416881, -0.06813322, 0.6639211, 0.066824
19726.377379125, 000935, 5.3602304, 0.077822566, -12.145275, 0.7393377, -0.067477904, 0.6665767, 0.067095995
19726.394046875, 000936, 5.3816586, 0.079603024, -12.151117, 0.7371486, -0.06788404, 0.66891706, 0.067480154
19726.41071475, 000937, 5.402644, 0.08179092, -12.156459, 0.7353697, -0.06933544, 0.6707239, 0.06747857
19726.427382541, 000938, 5.4233494, 0.084437005, -12.161572, 0.73427004, -0.0722287, 0.67167324, 0.066973865
19726.444050416, 000939, 5.443896, 0.08736593, -12.166656, 0.7335356, -0.076080814, 0.672097, 0.06650395
19726.460718333, 000940, 5.464353, 0.09027211, -12.171767, 0.7326033, -0.07976268, 0.67267203, 0.06665234
19726.477386166, 000941, 5.4846935, 0.09302928, -12.176891, 0.7312533, -0.08273209, 0.673715, 0.06731972
19726.494054, 000942, 5.504801, 0.09565949, -12.181982, 0.729805, -0.08503224, 0.67492193, 0.0680768
19726.510721875, 000943, 5.527359, 0.09851189, -12.18873, 0.7287439, -0.086872414, 0.67573166, 0.06908051
19726.527389583, 000944, 5.54784, 0.10081241, -12.194204, 0.7281868, -0.08825075, 0.67602986, 0.07027997
19726.544057458, 000945, 5.567601, 0.1027287, -12.199176, 0.7280172, -0.089306206, 0.67593753, 0.071580455
19726.560725333, 000946, 5.58719, 0.10438261, -12.203933, 0.7279293, -0.09034219, 0.6757808, 0.07264726
19726.57739325, 000947, 5.6068363, 0.10581774, -12.208585, 0.7276844, -0.09153655, 0.6758065, 0.073362574
19726.594061041, 000948, 5.6274076, 0.10622104, -12.213928, 0.7270687, -0.09242594, 0.67632425, 0.073579594
19726.610728833, 000949, 5.6478286, 0.10650867, -12.21891, 0.72595894, -0.09278157, 0.6774899, 0.0733666
19726.627396708, 000950, 5.6679444, 0.10681392, -12.2233925, 0.7245126, -0.09264936, 0.67913777, 0.072591245
19726.644064666, 000951, 5.6879487, 0.1069232, -12.227588, 0.72306824, -0.09237826, 0.68083674, 0.071413144
19726.660732416, 000952, 5.7078805, 0.10679893, -12.231577, 0.7221362, -0.09261079, 0.6819326, 0.070073724
19726.677400333, 000953, 5.727793, 0.10646904, -12.235422, 0.72198373, -0.09390647, 0.6820509, 0.06875794
19726.694068166, 000954, 5.747764, 0.10587487, -12.239184, 0.72238815, -0.09571879, 0.68149894, 0.06747147
19726.710735916, 000955, 5.7701745, 0.10374233, -12.243, 0.72279906, -0.0974344, 0.6809069, 0.06658569
19726.727403875, 000956, 5.791426, 0.10204171, -12.246799, 0.7225736, -0.09849467, 0.68103844, 0.06612788
19726.744071625, 000957, 5.8125005, 0.10034679, -12.250627, 0.7216362, -0.098733835, 0.6820134, 0.06595926
19726.760739541, 000958, 5.8335323, 0.09863234, -12.254416, 0.7204646, -0.09820561, 0.6833526, 0.06569377
19726.777407416, 000959, 5.855436, 0.09627733, -12.25707, 0.71986973, -0.097251594, 0.6841812, 0.06500548
19726.79407525, 000960, 5.8763785, 0.094476245, -12.260196, 0.7204297, -0.096185565, 0.68384904, 0.06387214
19726.810743, 000961, 5.8969345, 0.09292715, -12.263391, 0.7220207, -0.09516085, 0.68244904, 0.06240017
19726.827410791, 000962, 5.9174566, 0.09147623, -12.266588, 0.7240051, -0.09406557, 0.68063146, 0.06090192
19726.84407875, 000963, 5.9381547, 0.0900373, -12.269779, 0.72579116, -0.092710204, 0.67903537, 0.059521623
19726.860746541, 000964, 5.9591317, 0.08860655, -12.272947, 0.7270385, -0.09117887, 0.6780232, 0.05818773
19726.877414333, 000965, 5.9801545, 0.08839777, -12.276386, 0.7275347, -0.08969449, 0.6777989, 0.056892134
19726.894082208, 000966, 6.0015197, 0.087489866, -12.27955, 0.72752464, -0.0883199, 0.6781179, 0.055349857
19726.910750208, 000967, 6.0228877, 0.086473286, -12.282547, 0.7277393, -0.087053455, 0.67818797, 0.05364933
19726.927418, 000968, 6.0440664, 0.08555992, -12.285429, 0.7289535, -0.08596585, 0.67714036, 0.05213024
19726.944085833, 000969, 6.065126, 0.0848266, -12.288288, 0.7310888, -0.08512484, 0.6750082, 0.051252183
19726.960753708, 000970, 6.0862827, 0.08430777, -12.291185, 0.7334416, -0.084410794, 0.67254204, 0.051238697
19726.977421583, 000971, 6.1095343, 0.08335634, -12.29426, 0.7349843, -0.08417437, 0.6708054, 0.052278306
19726.994089333, 000972, 6.1320214, 0.083376125, -12.297337, 0.73479724, -0.08468867, 0.670826, 0.05378956
19727.010757166, 000973, 6.1542497, 0.08407811, -12.300271, 0.7330926, -0.08538629, 0.6725446, 0.054481335
19727.027425041, 000974, 6.175993, 0.085288994, -12.302977, 0.73134726, -0.085966565, 0.6743885, 0.054229833
19727.044092916, 000975, 6.1970735, 0.08680248, -12.305583, 0.73084044, -0.08598717, 0.6749901, 0.05354109
19727.060760708, 000976, 6.21764, 0.08845609, -12.308238, 0.73175085, -0.08654885, 0.6738823, 0.054152016
19727.077428541, 000977, 6.239832, 0.0895884, -12.310643, 0.73315, -0.08806319, 0.672032, 0.055756696
19727.094096333, 000978, 6.2607527, 0.09152061, -12.31357, 0.7338914, -0.09026539, 0.6707776, 0.057557307
19727.110764333, 000979, 6.2812343, 0.0938869, -12.3168, 0.7336557, -0.092665724, 0.67056096, 0.059248433
19727.127432083, 000980, 6.3013654, 0.09644866, -12.320248, 0.73283905, -0.09461156, 0.67103785, 0.060858883
19727.144099916, 000981, 6.321029, 0.099024974, -12.323841, 0.7321966, -0.09576698, 0.6714199, 0.062546305
19727.160767833, 000982, 6.3401613, 0.10153955, -12.327501, 0.73242205, -0.09647107, 0.67090696, 0.06430439
19727.177435625, 000983, 6.3588495, 0.103965, -12.331203, 0.7336553, -0.097102776, 0.66932684, 0.065744705
19727.1941035, 000984, 6.377315, 0.10622539, -12.33499, 0.73549306, -0.0979574, 0.66707325, 0.06683939
19727.210771208, 000985, 6.3955293, 0.10676754, -12.338081, 0.7371854, -0.09870654, 0.66504604, 0.06729388
19727.227439125, 000986, 6.4140015, 0.10787036, -12.341806, 0.738271, -0.09879626, 0.66382486, 0.06731813
19727.244107, 000987, 6.432621, 0.10874612, -12.34579, 0.7387584, -0.09790771, 0.66342884, 0.06717285
19727.260774791, 000988, 6.4513264, 0.10911428, -12.349902, 0.7387788, -0.09616661, 0.6636538, 0.06724133
19727.277442625, 000989, 6.4720373, 0.10801586, -12.354401, 0.7386838, -0.094105475, 0.66404366, 0.06735147
19727.2941105, 000990, 6.4913654, 0.10713087, -12.358658, 0.7388465, -0.092562005, 0.6640501, 0.06764335
19727.310778375, 000991, 6.510207, 0.10609392, -12.362804, 0.73921204, -0.09145568, 0.6637928, 0.06767903
19727.32744625, 000992, 6.5288744, 0.10479489, -12.366893, 0.73953116, -0.09026136, 0.66364664, 0.067228526
19727.344114, 000993, 6.547523, 0.10320358, -12.370998, 0.7396328, -0.08874673, 0.6638048, 0.06656222
19727.360781916, 000994, 6.566238, 0.101367526, -12.375196, 0.7395244, -0.086998776, 0.6642138, 0.06599112
19727.377449708, 000995, 6.5862327, 0.09991038, -12.378915, 0.7392702, -0.085149646, 0.66480523, 0.0652915
19727.394117583, 000996, 6.605565, 0.0980127, -12.383095, 0.73884183, -0.0833704, 0.6655734, 0.064606264
19727.410785333, 000997, 6.6247783, 0.09600305, -12.387467, 0.73820704, -0.08183221, 0.6665461, 0.06379713
19727.427453166, 000998, 6.6439924, 0.094052106, -12.391934, 0.73744434, -0.08057587, 0.66763836, 0.06278785
19727.444121125, 000999, 6.6631904, 0.09221999, -12.396465, 0.7367557, -0.07953659, 0.66862255, 0.061714668
19727.460788958, 001000, 6.682374, 0.0905221, -12.401056, 0.7360892, -0.07857152, 0.66956943, 0.060628053
19727.477456791, 001001, 6.701571, 0.08898876, -12.405715, 0.7352726, -0.0775608, 0.670687, 0.059475806
19727.494124541, 001002, 6.7207804, 0.08762773, -12.410423, 0.73414594, -0.07627026, 0.6721788, 0.058207605
19727.510792541, 001003, 6.742593, 0.08680921, -12.415944, 0.73299414, -0.074682556, 0.6737173, 0.05698236
19727.527460291, 001004, 6.762716, 0.08610106, -12.421047, 0.73196757, -0.07345098, 0.67503315, 0.056200836
19727.544128083, 001005, 6.782389, 0.08575437, -12.4260845, 0.7310319, -0.073009565, 0.6761188, 0.055903506
19727.560796041, 001006, 6.801984, 0.085860066, -12.43114, 0.7302296, -0.07304644, 0.67699134, 0.055781692
19727.577463833, 001007, 6.820873, 0.08672752, -12.436468, 0.72934055, -0.073693566, 0.6778198, 0.05649658
19727.594131666, 001008, 6.840513, 0.087733924, -12.441739, 0.72787327, -0.07482849, 0.6791282, 0.058188554
19727.610799458, 001009, 6.8603334, 0.08906007, -12.446923, 0.7258812, -0.07573172, 0.68104, 0.05954561
19727.627467333, 001010, 6.8799434, 0.090772204, -12.452001, 0.7241685, -0.07638972, 0.6827427, 0.06005698
19727.64413525, 001011, 6.8991437, 0.09280887, -12.457021, 0.7233986, -0.076964065, 0.68350035, 0.059983805
19727.660803083, 001012, 6.917963, 0.09499293, -12.462037, 0.7236246, -0.0775854, 0.6831873, 0.060024846
19727.677470916, 001013, 6.93214, 0.09757142, -12.467166, 0.7240439, -0.078427196, 0.682569, 0.060901616
19727.694138666, 001014, 6.9493394, 0.099814564, -12.472345, 0.72392565, -0.07987944, 0.6823968, 0.062331833
19727.710806541, 001015, 6.96741, 0.10186946, -12.477571, 0.7233381, -0.081387065, 0.68270797, 0.06377979
19727.727474375, 001016, 6.985537, 0.10359336, -12.482762, 0.72278464, -0.08198371, 0.68306816, 0.06541253
19727.744142291, 001017, 7.003512, 0.10493193, -12.487873, 0.722599, -0.081626505, 0.6831166, 0.067373976
19727.760810083, 001018, 7.021397, 0.106063426, -12.492924, 0.7229383, -0.081587054, 0.6825462, 0.06952936
19727.777477875, 001019, 7.0392456, 0.10718156, -12.497973, 0.7238032, -0.08255358, 0.68132627, 0.071331784
19727.79414575, 001020, 7.0570316, 0.10826028, -12.503102, 0.7251685, -0.08402789, 0.6795567, 0.072612375
19727.810813583, 001021, 7.072383, 0.109105565, -12.508361, 0.72694653, -0.085689336, 0.67728263, 0.07412364
19727.827481416, 001022, 7.089236, 0.10985536, -12.513834, 0.7290616, -0.08745018, 0.6746247, 0.07551889
19727.844149375, 001023, 7.1065307, 0.11050727, -12.519507, 0.73111784, -0.088865764, 0.67211914, 0.07632408
19727.860817083, 001024, 7.1239057, 0.11104799, -12.525381, 0.73310924, -0.08968731, 0.669841, 0.076289
19727.877485, 001025, 7.140346, 0.110281035, -12.531684, 0.73521984, -0.08974899, 0.66757697, 0.0757495
19727.894152791, 001026, 7.1573787, 0.109985895, -12.5381155, 0.73757833, -0.089246884, 0.6651015, 0.07518706
19727.910820666, 001027, 7.174633, 0.10968753, -12.544781, 0.7402708, -0.08857689, 0.66223305, 0.07483714
19727.9274885, 001028, 7.1920033, 0.10931846, -12.551682, 0.7433192, -0.088264756, 0.65887296, 0.07464743
19727.944156375, 001029, 7.2094326, 0.10887539, -12.558786, 0.7465698, -0.08826944, 0.65520805, 0.07446027
19727.960824083, 001030, 7.226797, 0.10830421, -12.566049, 0.7500978, -0.08797086, 0.651248, 0.074097864
19727.977492041, 001031, 7.2435403, 0.10705033, -12.5743685, 0.7538396, -0.08668247, 0.6471472, 0.07356997
19727.994159958, 001032, 7.2604027, 0.10591661, -12.582103, 0.75807667, -0.0848013, 0.6424729, 0.07319125
19728.010827708, 001033, 7.277251, 0.10481023, -12.589646, 0.76287436, -0.08347996, 0.63694316, 0.073192686
19728.027495458, 001034, 7.2940817, 0.103748016, -12.597073, 0.7680927, -0.082817934, 0.6307401, 0.07308668
19728.044163458, 001035, 7.310967, 0.10267802, -12.604389, 0.7733289, -0.08274732, 0.6243124, 0.07313831
19728.06083125, 001036, 7.3279715, 0.10154129, -12.611614, 0.77802587, -0.08261988, 0.6184491, 0.07328196
19728.077499083, 001037, 7.345375, 0.10044078, -12.6204, 0.78181523, -0.0819488, 0.613737, 0.07332223
19728.094166916, 001038, 7.362552, 0.09926135, -12.6280365, 0.78519374, -0.08064701, 0.6095962, 0.07320696
19728.11083475, 001039, 7.37943, 0.098144196, -12.635249, 0.7889556, -0.079094216, 0.604914, 0.07329443
19728.127502541, 001040, 7.395941, 0.09714729, -12.6422825, 0.79348123, -0.07692251, 0.59921694, 0.073548965
19728.144170458, 001041, 7.4121323, 0.09631672, -12.649201, 0.798548, -0.07363189, 0.5928588, 0.07360647
19728.160838291, 001042, 7.4281754, 0.095677055, -12.655985, 0.8037547, -0.06901625, 0.5863871, 0.07324776
19728.177506041, 001043, 7.4463787, 0.0947242, -12.663488, 0.8085293, -0.06400509, 0.58028316, 0.07385893
19728.194174, 001044, 7.4638686, 0.09440798, -12.670721, 0.81148696, -0.05992719, 0.5761989, 0.076762654
19728.21084175, 001045, 7.4813747, 0.0946915, -12.677845, 0.81248105, -0.05729929, 0.5745437, 0.08056472
19728.227509541, 001046, 7.498547, 0.09568725, -12.684627, 0.813169, -0.055925425, 0.5733865, 0.082803324
19728.244177458, 001047, 7.5148997, 0.0972339, -12.691014, 0.81542253, -0.054782435, 0.5703192, 0.08258904
19728.260845333, 001048, 7.530503, 0.098834604, -12.697221, 0.81954855, -0.05393127, 0.5644154, 0.082865536
19728.277513166, 001049, 7.54887, 0.099727035, -12.704629, 0.8242031, -0.05357485, 0.55723476, 0.08548961
19728.294180875, 001050, 7.565424, 0.10073568, -12.711797, 0.827546, -0.053738635, 0.5516144, 0.08944938
19728.31084875, 001051, 7.5817003, 0.101850994, -12.719099, 0.8287622, -0.05470255, 0.54907566, 0.09314875
19728.327516625, 001052, 7.5977945, 0.102978796, -12.726379, 0.8288887, -0.055589266, 0.5484026, 0.095434986
19728.344184458, 001053, 7.6134615, 0.103856735, -12.733413, 0.8294653, -0.055745114, 0.54723185, 0.09704142
19728.360852291, 001054, 7.628623, 0.10429519, -12.740151, 0.8312754, -0.05501232, 0.5442396, 0.09878254
19728.377520125, 001055, 7.643435, 0.10430581, -12.746723, 0.8341333, -0.05413364, 0.5394652, 0.10133284
19728.394187916, 001056, 7.6607556, 0.10347667, -12.753461, 0.83706975, -0.053638965, 0.5344683, 0.10383015
19728.41085575, 001057, 7.677149, 0.10268129, -12.760257, 0.8392137, -0.053297322, 0.5307697, 0.10565554
19728.427523708, 001058, 7.692811, 0.101846434, -12.7671585, 0.84037155, -0.052686937, 0.52878976, 0.106682405
19728.444191583, 001059, 7.7082567, 0.100781865, -12.77414, 0.8409881, -0.051420834, 0.52788407, 0.10692664
19728.460859291, 001060, 7.7235928, 0.099464834, -12.781172, 0.84164685, -0.05009145, 0.52692735, 0.1070935
19728.477527083, 001061, 7.738876, 0.09796121, -12.788242, 0.842614, -0.0492869, 0.5254078, 0.107327275
19728.494195083, 001062, 7.757256, 0.09598595, -12.795339, 0.8437738, -0.049457908, 0.52347046, 0.10760246
19728.510862833, 001063, 7.7737174, 0.09408085, -12.802538, 0.8448123, -0.050293595, 0.52167296, 0.107796386
19728.52753075, 001064, 7.7896833, 0.092076756, -12.809912, 0.8454415, -0.05133593, 0.5205443, 0.10782842
19728.544198541, 001065, 7.8055863, 0.0899305, -12.817493, 0.84562296, -0.052182123, 0.520206, 0.10763165
19728.560866333, 001066, 7.821528, 0.08762763, -12.825276, 0.84548247, -0.052589986, 0.52046126, 0.10730183
19728.577534166, 001067, 7.837493, 0.08518612, -12.8332205, 0.84528106, -0.052557264, 0.5208521, 0.10700826
19728.594202041, 001068, 7.853472, 0.08265543, -12.841302, 0.8451703, -0.05231933, 0.5210739, 0.1069195
19728.610869916, 001069, 7.869353, 0.07954405, -12.848577, 0.8452323, -0.052242924, 0.5209524, 0.10705836
19728.627537625, 001070, 7.8853703, 0.0768539, -12.856582, 0.8453026, -0.05231329, 0.5208104, 0.10716056
19728.644205666, 001071, 7.9015093, 0.074387245, -12.864905, 0.8452245, -0.052556477, 0.5209278, 0.10708669
19728.660873375, 001072, 7.917743, 0.072050065, -12.873449, 0.8449708, -0.052739568, 0.5213553, 0.10691809
19728.677541291, 001073, 7.9340296, 0.06978005, -12.882181, 0.8446162, -0.052718353, 0.52192193, 0.106965885
19728.694209041, 001074, 7.9503207, 0.067598686, -12.891083, 0.84428537, -0.05222047, 0.5224933, 0.10703232
19728.710876916, 001075, 7.9642506, 0.065909326, -12.898828, 0.8439998, -0.051241197, 0.52301013, 0.10723397
19728.72754475, 001076, 7.979783, 0.064187355, -12.907655, 0.84375495, -0.049574304, 0.52349645, 0.107570104
19728.744212541, 001077, 7.995912, 0.06268603, -12.916981, 0.84342986, -0.04753481, 0.5240676, 0.10825742
19728.760880375, 001078, 8.012349, 0.061549634, -12.926565, 0.84266, -0.045918193, 0.52519906, 0.10946008
19728.77754825, 001079, 8.0289, 0.060904514, -12.936208, 0.84170824, -0.044950135, 0.526704, 0.109952174
19728.794216041, 001080, 8.045471, 0.060707953, -12.945842, 0.8409652, -0.04532842, 0.52771556, 0.11063018
19728.810883833, 001081, 8.059488, 0.06046504, -12.955132, 0.8403324, -0.04715635, 0.52818406, 0.11242481
19728.827551708, 001082, 8.075193, 0.060607813, -12.964624, 0.8397924, -0.050167903, 0.528263, 0.114761196
19728.844219625, 001083, 8.091302, 0.06106538, -12.974177, 0.83975714, -0.054074172, 0.5275141, 0.11667386
19728.860887375, 001084, 8.1073885, 0.06165956, -12.983865, 0.84022504, -0.058072727, 0.52593184, 0.11851183
19728.877555333, 001085, 8.12343, 0.062090375, -12.993788, 0.84067535, -0.060619365, 0.5243882, 0.12086017
19728.894223083, 001086, 8.139558, 0.062226802, -13.003949, 0.84042567, -0.061041147, 0.52406454, 0.1237537
19728.910890875, 001087, 8.15478, 0.061042175, -13.013635, 0.83945525, -0.060288187, 0.52503, 0.1265845
19728.927558833, 001088, 8.170825, 0.060746863, -13.023569, 0.8381123, -0.059905775, 0.5265461, 0.12933725
19728.944226583, 001089, 8.187136, 0.06082447, -13.03336, 0.8366434, -0.06002102, 0.528267, 0.13175464
19728.960894375, 001090, 8.203459, 0.061030213, -13.042853, 0.83525467, -0.06046759, 0.5297971, 0.13419496
19728.977562208, 001091, 8.219631, 0.061324947, -13.051965, 0.8343383, -0.06134422, 0.530536, 0.1365578
19728.994230125, 001092, 8.235626, 0.06172224, -13.060679, 0.83399755, -0.06270237, 0.5304114, 0.13849266
19729.010897916, 001093, 8.250287, 0.061801974, -13.069117, 0.83403236, -0.06408394, 0.5299411, 0.13944764
19729.02756575, 001094, 8.265757, 0.06208106, -13.077289, 0.83399206, -0.06549715, 0.5297489, 0.13976173
19729.044233583, 001095, 8.281615, 0.062302116, -13.08532, 0.8335549, -0.06689941, 0.53027886, 0.13969597
19729.060901458, 001096, 8.297716, 0.062387574, -13.093253, 0.83277833, -0.06828848, 0.531443, 0.13923086
19729.07756925, 001097, 8.31396, 0.06231047, -13.10106, 0.8319393, -0.06970372, 0.5327971, 0.13836743
19729.094237125, 001098, 8.33028, 0.062048443, -13.108726, 0.83133143, -0.0711315, 0.5338408, 0.13726705
19729.110904958, 001099, 8.345792, 0.061832093, -13.11596, 0.8310688, -0.07233882, 0.53440994, 0.13600644
19729.127572875, 001100, 8.36211, 0.06120729, -13.123295, 0.83077365, -0.073309, 0.5350404, 0.13480596
19729.144240625, 001101, 8.378914, 0.06033642, -13.130679, 0.8301301, -0.07401274, 0.5362542, 0.1335568
19729.160908458, 001102, 8.3960705, 0.05932571, -13.138114, 0.8289862, -0.074386574, 0.5383217, 0.1321294
19729.177576333, 001103, 8.413443, 0.058207773, -13.145554, 0.82751757, -0.0744643, 0.54089534, 0.13077416
19729.194244083, 001104, 8.430914, 0.056982003, -13.152927, 0.8261231, -0.07431541, 0.5432909, 0.12974103
19729.210912, 001105, 8.448031, 0.056261607, -13.159648, 0.82515615, -0.07393828, 0.54508466, 0.12858133
19729.227579875, 001106, 8.465454, 0.055258933, -13.166553, 0.82470214, -0.073927104, 0.54610944, 0.1271441
19729.244247666, 001107, 8.482973, 0.05433457, -13.173423, 0.82481676, -0.07459809, 0.5462798, 0.12526308
19729.260915541, 001108, 8.500522, 0.05354914, -13.180219, 0.82540405, -0.0759496, 0.5456337, 0.12338391
19729.277583375, 001109, 8.518141, 0.052830897, -13.186967, 0.82598037, -0.077561654, 0.5448685, 0.12189652
19729.294251083, 001110, 8.535872, 0.05216184, -13.193722, 0.82623523, -0.07918116, 0.5444822, 0.120850034
19729.310919, 001111, 8.5526, 0.05224449, -13.200376, 0.82620347, -0.08049365, 0.54450643, 0.12008878
19729.327586833, 001112, 8.569746, 0.05210843, -13.207094, 0.82646185, -0.08084709, 0.5442676, 0.11915241
19729.344254666, 001113, 8.587093, 0.051901728, -13.213834, 0.8272844, -0.08049353, 0.543222, 0.118453376
19729.3609225, 001114, 8.604466, 0.051856242, -13.220569, 0.8285443, -0.080104165, 0.541437, 0.11808314
19729.377590375, 001115, 8.621881, 0.052103817, -13.2273245, 0.8301624, -0.07986295, 0.53907406, 0.11769228
19729.394258083, 001116, 8.639485, 0.052653037, -13.234284, 0.8317573, -0.08013865, 0.5364648, 0.11816574
19729.410926083, 001117, 8.653043, 0.054020386, -13.239069, 0.8324421, -0.08131925, 0.534764, 0.12022753
19729.427593833, 001118, 8.669928, 0.055315852, -13.245679, 0.8318048, -0.082912154, 0.5350492, 0.122264706
19729.444261791, 001119, 8.687774, 0.056748543, -13.252723, 0.83046365, -0.08443156, 0.5365852, 0.12360315
19729.460929458, 001120, 8.705568, 0.058304586, -13.259659, 0.82943416, -0.08522242, 0.53801167, 0.12377196
19729.477597333, 001121, 8.72298, 0.05988352, -13.266333, 0.8292842, -0.085617825, 0.5381874, 0.12373961
19729.494265166, 001122, 8.735784, 0.061571788, -13.270441, 0.8296279, -0.08673078, 0.53732747, 0.12439638
19729.510932958, 001123, 8.751344, 0.063266166, -13.276211, 0.8296498, -0.08867567, 0.53674024, 0.12540962
19729.527600875, 001124, 8.767747, 0.06491955, -13.282565, 0.82881916, -0.090638764, 0.5374706, 0.12636761
19729.544268625, 001125, 8.784252, 0.06642228, -13.289053, 0.82738817, -0.092010245, 0.53920746, 0.12735045
19729.560936458, 001126, 8.800526, 0.06776663, -13.295485, 0.82602626, -0.092988014, 0.5408304, 0.12859337
19729.577604458, 001127, 8.816469, 0.06899319, -13.30178, 0.8250555, -0.093850695, 0.5418414, 0.12993576
19729.594272208, 001128, 8.82763, 0.06940889, -13.304866, 0.8244929, -0.094702944, 0.5423062, 0.13094538
19729.610939958, 001129, 8.841637, 0.07017243, -13.309868, 0.82419056, -0.09537912, 0.542484, 0.13162033
19729.627607791, 001130, 8.856492, 0.07089839, -13.315467, 0.8240109, -0.09585776, 0.5425392, 0.1321687
19729.644275666, 001131, 8.871599, 0.07145126, -13.321263, 0.8238344, -0.09611586, 0.54265356, 0.13261053
19729.660943583, 001132, 8.886826, 0.07180457, -13.327154, 0.82343775, -0.09614445, 0.543205, 0.1327958
19729.677611291, 001133, 8.902135, 0.07193851, -13.333118, 0.8226748, -0.09602012, 0.54437447, 0.13282605
19729.694279166, 001134, 8.917465, 0.071821906, -13.339133, 0.82174957, -0.09553385, 0.5458867, 0.13269712
19729.710947041, 001135, 8.929816, 0.07113851, -13.344315, 0.82088137, -0.094753325, 0.54734826, 0.13260975
19729.727614875, 001136, 8.944136, 0.070512086, -13.350099, 0.82017857, -0.09417101, 0.54849696, 0.13262719
19729.744282625, 001137, 8.959118, 0.06987622, -13.356063, 0.81949943, -0.09397137, 0.5495981, 0.13240784
19729.760950541, 001138, 8.974403, 0.069190584, -13.36209, 0.8186114, -0.09404356, 0.55103767, 0.13186595
19729.777618375, 001139, 8.98792, 0.06864432, -13.365772, 0.8174128, -0.09414693, 0.55302143, 0.13091932
19729.794286166, 001140, 9.002938, 0.06785777, -13.3710985, 0.81586546, -0.09425886, 0.55547225, 0.1301126
19729.810954, 001141, 9.018454, 0.066970244, -13.376996, 0.8141529, -0.09424424, 0.55815744, 0.1293573
19729.827621916, 001142, 9.03406, 0.06606136, -13.383057, 0.81256115, -0.0939834, 0.5607479, 0.12834786
19729.844289791, 001143, 9.049616, 0.06514069, -13.389143, 0.8111678, -0.09342382, 0.5631191, 0.12718363
19729.8609575, 001144, 9.065148, 0.06421298, -13.395235, 0.8097879, -0.092635624, 0.565508, 0.12594748
19729.877625375, 001145, 9.080108, 0.06385954, -13.400561, 0.8082079, -0.09191034, 0.568118, 0.12487696
19729.894293125, 001146, 9.095575, 0.06324343, -13.406472, 0.8063143, -0.09148888, 0.57109594, 0.123840414
19729.910961, 001147, 9.111168, 0.0626303, -13.412555, 0.804343, -0.09128673, 0.5741352, 0.122751415
19729.927628875, 001148, 9.126697, 0.06207186, -13.418655, 0.8024491, -0.09070097, 0.5771389, 0.12148834
19729.944296625, 001149, 9.142127, 0.06159994, -13.424761, 0.8006845, -0.08948259, 0.5800415, 0.12020392
19729.960964583, 001150, 9.157562, 0.06126685, -13.430956, 0.7987748, -0.08823237, 0.5829936, 0.11954999
19729.977632375, 001151, 9.175169, 0.060087882, -13.439357, 0.7968222, -0.0870604, 0.5858998, 0.11923175
19729.994300125, 001152, 9.191347, 0.0599357, -13.446429, 0.79507977, -0.086628154, 0.5882154, 0.11977589
19730.010968, 001153, 9.207104, 0.060393263, -13.453127, 0.79336375, -0.08716047, 0.59021854, 0.12090878
19730.027635791, 001154, 9.222729, 0.061268315, -13.45964, 0.7913617, -0.088502474, 0.59240985, 0.122329675
19730.044303666, 001155, 9.238149, 0.062462848, -13.465957, 0.78938717, -0.08943919, 0.5948248, 0.1226866
19730.060971458, 001156, 9.253278, 0.06384419, -13.472126, 0.787841, -0.08986855, 0.5968318, 0.12256373
19730.077639375, 001157, 9.269455, 0.06469576, -13.479539, 0.7868761, -0.089923866, 0.5980628, 0.12272137
19730.094307166, 001158, 9.284513, 0.06602532, -13.48599, 0.78636694, -0.08939997, 0.59889776, 0.12229507
19730.110974958, 001159, 9.299211, 0.06758164, -13.492088, 0.7860045, -0.08942695, 0.599427, 0.12201211
19730.127642791, 001160, 9.3138485, 0.06920118, -13.498008, 0.78562486, -0.09062842, 0.5996336, 0.12255467
19730.144310583, 001161, 9.3285475, 0.07074983, -13.5038, 0.78508645, -0.09262956, 0.5997779, 0.12379599
19730.160978541, 001162, 9.343353, 0.07212794, -13.509479, 0.78430593, -0.09485083, 0.60012686, 0.1253606
19730.177646291, 001163, 9.360345, 0.07505864, -13.515703, 0.78325826, -0.09717821, 0.60073197, 0.12721565
19730.194314125, 001164, 9.375925, 0.076612465, -13.521308, 0.7820931, -0.09883802, 0.60171187, 0.12846859
19730.210981916, 001165, 9.390953, 0.07758304, -13.526577, 0.7811038, -0.0997144, 0.60268646, 0.12923968
19730.22764975, 001166, 9.405734, 0.07823309, -13.531639, 0.78040606, -0.10018945, 0.6033731, 0.12988164
19730.24431775, 001167, 9.420441, 0.078701176, -13.536548, 0.77995026, -0.10071353, 0.60379523, 0.13025191
19730.260985541, 001168, 9.435207, 0.079028, -13.541304, 0.7795019, -0.10144143, 0.6042663, 0.13018714
19730.277653291, 001169, 9.447988, 0.07980639, -13.545262, 0.77896094, -0.10212274, 0.60496837, 0.12963004
19730.294321083, 001170, 9.462271, 0.07989847, -13.549515, 0.7784685, -0.10267553, 0.60565835, 0.12892807
19730.310988958, 001171, 9.477152, 0.07956253, -13.55378, 0.77803385, -0.103133954, 0.6062669, 0.12832436
19730.327656708, 001172, 9.492419, 0.07893812, -13.558008, 0.7774974, -0.10377944, 0.60692966, 0.12792154
19730.344324583, 001173, 9.507998, 0.07816359, -13.562208, 0.7767997, -0.10490094, 0.6077038, 0.12756951
19730.360992458, 001174, 9.52376, 0.07729051, -13.56633, 0.7760731, -0.1061572, 0.60852236, 0.12704986
19730.37766025, 001175, 9.534099, 0.076349184, -13.568574, 0.77561355, -0.10698384, 0.6091116, 0.12633681
19730.394328083, 001176, 9.54799, 0.07525028, -13.571854, 0.77566487, -0.10736373, 0.60911906, 0.12566209
19730.410996, 001177, 9.562931, 0.0740863, -13.575395, 0.7762102, -0.107305944, 0.6085956, 0.12487807
19730.42766375, 001178, 9.578175, 0.07292225, -13.578983, 0.7771255, -0.10723324, 0.60756826, 0.12424818
19730.444331625, 001179, 9.593475, 0.07180107, -13.582577, 0.7782604, -0.10724732, 0.6061873, 0.12387786
19730.460999458, 001180, 9.608682, 0.07072762, -13.586102, 0.7794255, -0.10676254, 0.60487145, 0.12340192
19730.47766725, 001181, 9.623729, 0.06969924, -13.589477, 0.78057176, -0.10534142, 0.6038298, 0.122476086
19730.494335, 001182, 9.6385975, 0.06877452, -13.592706, 0.78181195, -0.103235915, 0.6028412, 0.12122242
19730.511002833, 001183, 9.651795, 0.068465166, -13.594981, 0.78349745, -0.1013035, 0.60118407, 0.12019561
19730.527670666, 001184, 9.665846, 0.06821839, -13.597818, 0.7853222, -0.10013386, 0.5989412, 0.12046431
19730.544338541, 001185, 9.680545, 0.06815301, -13.6010895, 0.7864203, -0.0997643, 0.5971505, 0.12248096
19730.561006416, 001186, 9.695558, 0.068496495, -13.604557, 0.7861541, -0.09979525, 0.59686977, 0.12549523
19730.577674208, 001187, 9.709192, 0.06989357, -13.607225, 0.7848158, -0.0996319, 0.5980042, 0.12856309
19730.594342041, 001188, 9.723045, 0.07151081, -13.609954, 0.78388906, -0.09820746, 0.5992169, 0.1296618
19730.611009916, 001189, 9.7363405, 0.0734913, -13.612272, 0.7844769, -0.0960934, 0.59892684, 0.1290299
19730.627677708, 001190, 9.749118, 0.07574772, -13.61428, 0.7865455, -0.094924994, 0.5965625, 0.12825163
19730.644345541, 001191, 9.761692, 0.07817276, -13.616223, 0.7892902, -0.09526831, 0.5929952, 0.12767744
19730.661013375, 001192, 9.774333, 0.08058096, -13.618267, 0.79154897, -0.096085176, 0.5900057, 0.12692973
19730.677681125, 001193, 9.784932, 0.0836421, -13.61887, 0.7927303, -0.096354745, 0.5885522, 0.12609833
19730.694349041, 001194, 9.797157, 0.08574475, -13.62075, 0.7927261, -0.09545397, 0.5888041, 0.12563261
19730.711016916, 001195, 9.809892, 0.08734662, -13.623117, 0.792101, -0.09438831, 0.5897806, 0.12579963
19730.72768475, 001196, 9.822684, 0.08876529, -13.6256485, 0.79163563, -0.0946314, 0.59024495, 0.12636766
19730.744352458, 001197, 9.835322, 0.09008407, -13.628187, 0.7917849, -0.09650626, 0.5896036, 0.12700634
19730.761020291, 001198, 9.847713, 0.091195874, -13.630729, 0.7925499, -0.099133044, 0.588015, 0.12757577
19730.777688083, 001199, 9.859878, 0.091932386, -13.633382, 0.7935589, -0.101508595, 0.58604914, 0.12847868
19730.794356, 001200, 9.871869, 0.092217416, -13.6362505, 0.7944346, -0.10300397, 0.5842511, 0.13005544
19730.811023833, 001201, 9.88187, 0.09326593, -13.638826, 0.7950525, -0.10312271, 0.5830138, 0.13172694
19730.827691666, 001202, 9.892968, 0.09321927, -13.641781, 0.7954172, -0.10192306, 0.5823914, 0.13320464
19730.844359458, 001203, 9.904343, 0.09275221, -13.644826, 0.7957664, -0.10044545, 0.58184814, 0.13460782
19730.861027291, 001204, 9.915762, 0.092185564, -13.647861, 0.7963624, -0.09971589, 0.5808294, 0.13601805
19730.877695166, 001205, 9.927516, 0.09041537, -13.651363, 0.7970276, -0.09983925, 0.57960653, 0.13724197
19730.894362958, 001206, 9.939152, 0.08946266, -13.654455, 0.79746044, -0.10062011, 0.5786721, 0.13809744
19730.911030708, 001207, 9.950818, 0.08872674, -13.65743, 0.79746884, -0.10149047, 0.57837486, 0.1386565
19730.927698583, 001208, 9.962502, 0.0880064, -13.660383, 0.7971302, -0.10212852, 0.57862353, 0.13909687
19730.944366375, 001209, 9.974149, 0.0872757, -13.663302, 0.79668486, -0.10236241, 0.5791728, 0.13919042
19730.96103425, 001210, 9.985767, 0.08656407, -13.6661625, 0.7962946, -0.10261287, 0.57966757, 0.13917962
19730.977702083, 001211, 9.998365, 0.08638595, -13.668775, 0.7961069, -0.103185736, 0.5798595, 0.13903062
19730.994369916, 001212, 10.010385, 0.08592718, -13.671462, 0.7959859, -0.104056224, 0.5798983, 0.13891248
19731.011037666, 001213, 10.022315, 0.08535893, -13.674187, 0.7957349, -0.1048756, 0.5801212, 0.13880387
19731.0277055, 001214, 10.03432, 0.08469722, -13.676928, 0.79519606, -0.10515202, 0.58086187, 0.13858505
19731.044373375, 001215, 10.046456, 0.08398211, -13.679685, 0.7943034, -0.104844145, 0.5822176, 0.13824776
19731.061041208, 001216, 10.058745, 0.083315805, -13.682445, 0.79308945, -0.10432007, 0.58410984, 0.13762991
19731.077709041, 001217, 10.071177, 0.08247544, -13.68453, 0.7916032, -0.103989795, 0.5864091, 0.13665563
19731.094376791, 001218, 10.083768, 0.08194981, -13.686967, 0.78987455, -0.10395493, 0.58898956, 0.13558306
19731.111044666, 001219, 10.096457, 0.08160521, -13.689432, 0.78795695, -0.10399975, 0.5918282, 0.1343394
19731.1277125, 001220, 10.109212, 0.08137792, -13.69183, 0.78585243, -0.10400782, 0.59491634, 0.13301428
19731.144380333, 001221, 10.122009, 0.08123724, -13.694131, 0.7835678, -0.10398316, 0.59820694, 0.13174738
19731.161048125, 001222, 10.134824, 0.08120162, -13.696301, 0.7810784, -0.10377784, 0.6018189, 0.13023286
19731.177716041, 001223, 10.148528, 0.081498615, -13.697575, 0.7784757, -0.103300095, 0.60566777, 0.1283395
19731.194383708, 001224, 10.161618, 0.081811205, -13.699202, 0.7757964, -0.10258069, 0.60961354, 0.12644531
19731.211051666, 001225, 10.174612, 0.08223572, -13.700904, 0.7727266, -0.10233096, 0.6138149, 0.1251127
19731.227719458, 001226, 10.18762, 0.08287454, -13.702527, 0.76911426, -0.10244224, 0.61862916, 0.123559006
19731.244387375, 001227, 10.200533, 0.08376983, -13.704018, 0.76559776, -0.10262193, 0.6233356, 0.12157884
19731.261055125, 001228, 10.21337, 0.08481534, -13.705485, 0.7622154, -0.103028074, 0.62762666, 0.12040617
19731.277722875, 001229, 10.228167, 0.08598857, -13.707181, 0.758354, -0.1037793, 0.6321895, 0.120271884
19731.29439075, 001230, 10.241706, 0.08732294, -13.708662, 0.75374615, -0.10494328, 0.63752437, 0.12006831
19731.311058541, 001231, 10.254627, 0.08890305, -13.709919, 0.7489848, -0.10655713, 0.6430384, 0.1190328
19731.327726416, 001232, 10.266939, 0.090624094, -13.710947, 0.7449896, -0.10825851, 0.6476661, 0.11746993
19731.344394208, 001233, 10.278682, 0.09231022, -13.711789, 0.7420228, -0.10943301, 0.651147, 0.11590582
19731.361062041, 001234, 10.29012, 0.0939329, -13.712542, 0.7395283, -0.110220246, 0.6540642, 0.114670515
19731.377729875, 001235, 10.302982, 0.094391376, -13.711977, 0.7367474, -0.11112142, 0.65722305, 0.11363621
19731.394397708, 001236, 10.315031, 0.09574281, -13.712233, 0.73310506, -0.11249839, 0.6612342, 0.11256229
19731.411065583, 001237, 10.326794, 0.09740675, -13.712629, 0.7287977, -0.11428097, 0.66587746, 0.11135947
19731.427733416, 001238, 10.338269, 0.09911506, -13.71291, 0.7244306, -0.11640446, 0.6704222, 0.110382654
19731.444401125, 001239, 10.349389, 0.10073741, -13.712981, 0.72038305, -0.118641585, 0.67448264, 0.10975226
19731.461068875, 001240, 10.360169, 0.10226644, -13.712836, 0.7167885, -0.12120899, 0.6778763, 0.10957334
19731.477736833, 001241, 10.371359, 0.101954944, -13.712233, 0.7133819, -0.12386643, 0.6810019, 0.109451786
19731.494404708, 001242, 10.381845, 0.10272206, -13.711604, 0.7098792, -0.12603115, 0.68431544, 0.10908697
19731.511072458, 001243, 10.391967, 0.10368079, -13.710877, 0.70628935, -0.12746757, 0.68781394, 0.10871672
19731.527740291, 001244, 10.40185, 0.104541175, -13.710041, 0.70270574, -0.12835784, 0.6913332, 0.10856929
19731.544408166, 001245, 10.411526, 0.10527552, -13.709104, 0.6992293, -0.12867218, 0.69483244, 0.10830353
19731.561075916, 001246, 10.421028, 0.105896115, -13.708044, 0.6958847, -0.12860946, 0.69826263, 0.10785764
19731.577743791, 001247, 10.432817, 0.105658226, -13.705364, 0.69277966, -0.12851574, 0.70144093, 0.10733344
19731.594411541, 001248, 10.442888, 0.105791666, -13.703542, 0.68980265, -0.12862161, 0.70443153, 0.10679389
19731.611079375, 001249, 10.452424, 0.105946064, -13.701907, 0.6868054, -0.12904684, 0.7073474, 0.1063238
19731.627747333, 001250, 10.461803, 0.10601678, -13.700283, 0.68370247, -0.12970409, 0.7102814, 0.105962634
19731.644415, 001251, 10.471113, 0.10600357, -13.698626, 0.68056357, -0.13061506, 0.71315336, 0.10575982
19731.661082833, 001252, 10.480329, 0.10592178, -13.696917, 0.6774959, -0.13164239, 0.7158986, 0.105635025
19731.677750708, 001253, 10.491456, 0.10579545, -13.693905, 0.6747013, -0.13250566, 0.71840054, 0.10545627
19731.6944185, 001254, 10.501021, 0.105533704, -13.691659, 0.6723305, -0.13285735, 0.7205501, 0.10549041
19731.711086333, 001255, 10.510006, 0.10512537, -13.689574, 0.6702625, -0.13291867, 0.72239155, 0.10597641
19731.727754208, 001256, 10.518817, 0.10465925, -13.687456, 0.6682241, -0.13295005, 0.72417206, 0.10665645
19731.744422, 001257, 10.527615, 0.104216814, -13.685217, 0.6660167, -0.13307454, 0.72610694, 0.10715157
19731.761089833, 001258, 10.536423, 0.103782214, -13.682807, 0.6637555, -0.13313363, 0.7281256, 0.107411265
19731.777757625, 001259, 10.544278, 0.102313004, -13.68105, 0.66154194, -0.13310567, 0.7301051, 0.10766444
19731.794425416, 001260, 10.552812, 0.101485126, -13.678466, 0.659576, -0.13317642, 0.7318417, 0.10784847
19731.811093375, 001261, 10.561658, 0.10090248, -13.675458, 0.65780437, -0.13366738, 0.7333523, 0.107800215
19731.827761125, 001262, 10.5707445, 0.10039935, -13.672173, 0.6560319, -0.13464096, 0.7347783, 0.10767879
19731.844429, 001263, 10.580019, 0.09985774, -13.668661, 0.6539934, -0.13532847, 0.7365085, 0.10739665
19731.86109675, 001264, 10.589434, 0.09920742, -13.664929, 0.65168554, -0.1353784, 0.7385886, 0.10707758
19731.877764625, 001265, 10.596249, 0.09845223, -13.660182, 0.64930356, -0.13522507, 0.74075377, 0.106783986
19731.894432375, 001266, 10.604941, 0.09773182, -13.655733, 0.6471412, -0.1352527, 0.74268836, 0.10643735
19731.91110025, 001267, 10.614279, 0.097127065, -13.651192, 0.6451667, -0.13560545, 0.74443054, 0.10580183
19731.927768083, 001268, 10.623914, 0.09663593, -13.64643, 0.64313453, -0.1364161, 0.7461399, 0.10508975
19731.944435833, 001269, 10.63371, 0.096231006, -13.641391, 0.6408044, -0.13760942, 0.747998, 0.10455676
19731.96110375, 001270, 10.64355, 0.09595872, -13.636094, 0.6383318, -0.13872135, 0.75002277, 0.103705145
19731.977771541, 001271, 10.653383, 0.095773034, -13.630569, 0.6360472, -0.14048153, 0.75168496, 0.10333716
19731.994439375, 001272, 10.663119, 0.09564825, -13.624866, 0.6342295, -0.14211997, 0.7529815, 0.10282835
19732.011107208, 001273, 10.668798, 0.09434523, -13.61675, 0.63299364, -0.14327782, 0.7539465, 0.10175961
19732.027775, 001274, 10.677031, 0.093943514, -13.610028, 0.63218457, -0.14392792, 0.75471836, 0.10013737
19732.044442708, 001275, 10.686022, 0.09386098, -13.603702, 0.6317739, -0.14372401, 0.75539666, 0.09788297
19732.061110708, 001276, 10.695212, 0.09387234, -13.597472, 0.6318471, -0.14228767, 0.755959, 0.095127575
19732.077778375, 001277, 10.70507, 0.0935812, -13.590264, 0.6322179, -0.14028804, 0.7562893, 0.09298498
19732.094446291, 001278, 10.715056, 0.093438946, -13.583814, 0.6323901, -0.13849045, 0.75654507, 0.09242659
19732.111114166, 001279, 10.72558, 0.09337132, -13.577641, 0.631257, -0.13697916, 0.7576468, 0.09339446
19732.127781916, 001280, 10.736642, 0.09349788, -13.571478, 0.6285482, -0.13665049, 0.7597107, 0.09535893
19732.144449791, 001281, 10.747856, 0.09394225, -13.565213, 0.6252392, -0.13737687, 0.7620899, 0.09706937
19732.161117541, 001282, 10.758721, 0.09465558, -13.558854, 0.622713, -0.1376715, 0.76405877, 0.09741182
19732.177785458, 001283, 10.767119, 0.09503894, -13.554632, 0.6217926, -0.13701265, 0.7649694, 0.09707324
19732.19445325, 001284, 10.776321, 0.09556489, -13.5490675, 0.6223219, -0.1360487, 0.7647515, 0.09675398
19732.211120958, 001285, 10.785804, 0.096048474, -13.543187, 0.6233994, -0.13486862, 0.76414496, 0.096259765
19732.227788833, 001286, 10.795582, 0.09639147, -13.537299, 0.6239407, -0.13342968, 0.76403385, 0.09563818
19732.244456708, 001287, 10.805715, 0.09649259, -13.531475, 0.6234504, -0.13167681, 0.7647912, 0.09521131
19732.261124541, 001288, 10.816232, 0.096322484, -13.52571, 0.62196237, -0.12995945, 0.7662881, 0.09526608
19732.277792291, 001289, 10.82712, 0.09593956, -13.520007, 0.61987114, -0.1289565, 0.76808506, 0.09578751
19732.294460125, 001290, 10.837661, 0.095728435, -13.515095, 0.61781394, -0.12884288, 0.769666, 0.096537806
19732.311127958, 001291, 10.848634, 0.095187984, -13.509769, 0.6166066, -0.12954946, 0.7704217, 0.09728175
19732.327795666, 001292, 10.8598, 0.09439769, -13.504372, 0.6163078, -0.13088067, 0.7703012, 0.098340824
19732.344463583, 001293, 10.871224, 0.09338459, -13.499008, 0.61624813, -0.13237971, 0.76993424, 0.09957516
19732.361131375, 001294, 10.883043, 0.092200674, -13.493717, 0.61556697, -0.13410713, 0.7699724, 0.10116826
19732.377799291, 001295, 10.895224, 0.09097607, -13.488549, 0.61414087, -0.13574661, 0.77063715, 0.10257735
19732.394467083, 001296, 10.909071, 0.0904691, -13.483936, 0.61236924, -0.13687682, 0.77172554, 0.10348074
19732.411134833, 001297, 10.921787, 0.089484535, -13.479195, 0.6108478, -0.13720077, 0.7728062, 0.10397743
19732.427802666, 001298, 10.934027, 0.088307336, -13.474507, 0.61004686, -0.13693987, 0.7734364, 0.10433711
19732.444470583, 001299, 10.946104, 0.087033674, -13.46993, 0.61005706, -0.13666631, 0.7734136, 0.10480424
19732.461138375, 001300, 10.958266, 0.085722774, -13.465433, 0.6103806, -0.13656689, 0.7731085, 0.10530006
19732.477806083, 001301, 10.973341, 0.08423881, -13.460669, 0.61038584, -0.13654265, 0.77309287, 0.10541589
19732.494473958, 001302, 10.987017, 0.08289095, -13.456036, 0.6096097, -0.13668595, 0.77371633, 0.10514612
19732.51114175, 001303, 11.000451, 0.08157922, -13.451425, 0.6082728, -0.13679688, 0.77482706, 0.10456434
19732.527809625, 001304, 11.0139, 0.080249175, -13.446843, 0.6069408, -0.1366793, 0.77597654, 0.10393256
19732.544477416, 001305, 11.027376, 0.07889232, -13.442292, 0.6060976, -0.13600752, 0.7768563, 0.1031596
19732.561145333, 001306, 11.040953, 0.07750384, -13.437758, 0.6057627, -0.134953, 0.7774009, 0.10240602
19732.577813083, 001307, 11.054749, 0.07608346, -13.433205, 0.6055218, -0.13385305, 0.77785075, 0.101857804
19732.594480875, 001308, 11.068861, 0.074668996, -13.428598, 0.6047595, -0.13264029, 0.7787118, 0.10139283
19732.611148708, 001309, 11.083812, 0.073749445, -13.424518, 0.60300297, -0.13110356, 0.7804138, 0.10076456
19732.627816583, 001310, 11.098589, 0.07273416, -13.419983, 0.60035056, -0.12911041, 0.7829447, 0.099534854
19732.644484333, 001311, 11.113199, 0.0718523, -13.415272, 0.5975276, -0.12678269, 0.7857096, 0.09771049
19732.661152208, 001312, 11.127517, 0.071163684, -13.410509, 0.59548646, -0.124208875, 0.7879645, 0.095288366
19732.677819916, 001313, 11.141588, 0.07066413, -13.405748, 0.59465855, -0.1223703, 0.78916925, 0.09283645
19732.694487791, 001314, 11.155641, 0.07034092, -13.401047, 0.5945128, -0.12129754, 0.7897109, 0.09054279
19732.711155541, 001315, 11.169218, 0.07262049, -13.397571, 0.5941467, -0.12030452, 0.79034215, 0.088744186
19732.727823416, 001316, 11.183607, 0.0733586, -13.3934555, 0.5927796, -0.11877448, 0.79175, 0.087389484
19732.744491291, 001317, 11.198463, 0.07370814, -13.389172, 0.5902038, -0.11638327, 0.7941292, 0.08644696
19732.761159166, 001318, 11.213486, 0.07410334, -13.384855, 0.5871743, -0.11260216, 0.79700565, 0.085609764
19732.777826958, 001319, 11.229152, 0.07640256, -13.382167, 0.5850901, -0.10899928, 0.7990651, 0.085343756
19732.794494625, 001320, 11.244733, 0.07816564, -13.378592, 0.58402175, -0.10765495, 0.79998165, 0.08578117
19732.8111625, 001321, 11.2605095, 0.08002985, -13.37481, 0.5831567, -0.10868761, 0.80037653, 0.086674035
19732.827830291, 001322, 11.276335, 0.08208324, -13.371038, 0.582156, -0.10996728, 0.80090064, 0.08694676
19732.844498166, 001323, 11.291963, 0.08424306, -13.367392, 0.5815996, -0.11012419, 0.80134237, 0.08639897
19732.861166041, 001324, 11.307343, 0.08629578, -13.363956, 0.58190525, -0.109004885, 0.801317, 0.0859952
19732.877833708, 001325, 11.323365, 0.0879599, -13.361626, 0.5830868, -0.10731427, 0.8006179, 0.0866273
19732.894501625, 001326, 11.33903, 0.089531675, -13.358782, 0.58420086, -0.10578929, 0.7998605, 0.08798308
19732.911169458, 001327, 11.354792, 0.09109459, -13.355701, 0.5845668, -0.104897, 0.79959035, 0.08906999
19732.927837166, 001328, 11.37067, 0.092662774, -13.352465, 0.5843552, -0.104391806, 0.79978836, 0.089274995
19732.944505083, 001329, 11.386609, 0.0940988, -13.349068, 0.58391786, -0.10426329, 0.8001356, 0.089173935
19732.961172916, 001330, 11.402578, 0.09534258, -13.345513, 0.583462, -0.10449493, 0.80046415, 0.088938534
19732.97784075, 001331, 11.418772, 0.095558606, -13.34283, 0.58309996, -0.10536072, 0.80069345, 0.08822414
19732.9945085, 001332, 11.434867, 0.09628108, -13.339397, 0.58303577, -0.10700867, 0.8006507, 0.08704471
19733.011176291, 001333, 11.450923, 0.09706948, -13.335767, 0.5833756, -0.108910866, 0.8003193, 0.085442156
19733.027844166, 001334, 11.466946, 0.09767211, -13.332104, 0.5839617, -0.11046833, 0.7998463, 0.083853565
19733.044512, 001335, 11.482953, 0.09796508, -13.32839, 0.584458, -0.11131651, 0.79951185, 0.08244951
19733.061179791, 001336, 11.499005, 0.09794719, -13.324593, 0.58481544, -0.111681186, 0.79933333, 0.08114449
19733.077847583, 001337, 11.516674, 0.09642537, -13.321617, 0.5852108, -0.11218692, 0.7990892, 0.079992875
19733.094515375, 001338, 11.533408, 0.09545749, -13.317955, 0.58600473, -0.11324109, 0.79844904, 0.07908159
19733.111183291, 001339, 11.549958, 0.094434135, -13.314027, 0.5869494, -0.11418587, 0.79767126, 0.078565024
19733.127851083, 001340, 11.56658, 0.09314186, -13.309955, 0.58772755, -0.11445058, 0.79705834, 0.0785826
19733.144518833, 001341, 11.583374, 0.09158875, -13.305754, 0.5882457, -0.11411934, 0.79667896, 0.0790335
19733.161186666, 001342, 11.600368, 0.089869514, -13.301427, 0.58835846, -0.11331467, 0.7966425, 0.079717234
19733.177854583, 001343, 11.618355, 0.08827808, -13.296954, 0.58807296, -0.11186627, 0.79698867, 0.08040674
19733.19452225, 001344, 11.635896, 0.08647084, -13.292212, 0.58743644, -0.11005001, 0.79763025, 0.081199266
19733.211190125, 001345, 11.653372, 0.0846477, -13.287233, 0.5865941, -0.10772753, 0.79853165, 0.08154295
19733.227857958, 001346, 11.670869, 0.08293189, -13.282068, 0.5860112, -0.10519039, 0.79934144, 0.081111886
19733.244525791, 001347, 11.688372, 0.08139862, -13.276761, 0.58631647, -0.10304528, 0.7995262, 0.07982739
19733.261193541, 001348, 11.705922, 0.08005757, -13.2713585, 0.58771133, -0.10183379, 0.7988286, 0.078089386
19733.277861375, 001349, 11.724295, 0.07947141, -13.265558, 0.5898738, -0.10147823, 0.7974303, 0.07652337
19733.294529291, 001350, 11.742486, 0.078497924, -13.259862, 0.5917287, -0.10107713, 0.79624826, 0.07502751
19733.311197041, 001351, 11.760853, 0.07741754, -13.254102, 0.5927595, -0.10064927, 0.7956615, 0.07367918
19733.327864916, 001352, 11.779399, 0.076383345, -13.248235, 0.5932191, -0.10004599, 0.79554373, 0.07205525
19733.344532625, 001353, 11.797979, 0.07548516, -13.242306, 0.59392196, -0.09954637, 0.7952528, 0.070142925
19733.361200416, 001354, 11.816536, 0.07476524, -13.236397, 0.59564203, -0.09974169, 0.7940748, 0.06861045
19733.377868333, 001355, 11.835238, 0.07480572, -13.230832, 0.5981873, -0.10055608, 0.7921143, 0.067935064
19733.394536083, 001356, 11.854095, 0.0746919, -13.225228, 0.60076356, -0.10162067, 0.7899931, 0.06831488
19733.411203916, 001357, 11.873286, 0.07473806, -13.219714, 0.6025063, -0.10261356, 0.7884194, 0.06965227
19733.427871833, 001358, 11.8927555, 0.075128235, -13.214271, 0.6027961, -0.103576705, 0.7879166, 0.07138593
19733.444539666, 001359, 11.912162, 0.07593443, -13.208822, 0.602135, -0.10432262, 0.7882114, 0.072614826
19733.461207375, 001360, 11.93111, 0.07714667, -13.203364, 0.60188377, -0.104751125, 0.78832334, 0.072864205
19733.477875166, 001361, 11.950349, 0.078385204, -13.198413, 0.603042, -0.104982115, 0.7874717, 0.072161295
19733.494542958, 001362, 11.968454, 0.07996575, -13.193434, 0.60561055, -0.10505866, 0.7855761, 0.07119421
19733.511210833, 001363, 11.98603, 0.08154316, -13.188718, 0.60901916, -0.104775175, 0.7830022, 0.070888616
19733.527878708, 001364, 12.003451, 0.082931496, -13.184402, 0.61231834, -0.10373991, 0.7804758, 0.071845025
19733.544546458, 001365, 12.020935, 0.08407903, -13.180463, 0.61475676, -0.10198461, 0.77857584, 0.074114546
19733.56121425, 001366, 12.038587, 0.08506974, -13.176836, 0.6162417, -0.100251295, 0.7773012, 0.07745139
19733.577882166, 001367, 12.057362, 0.08613139, -13.173623, 0.6167481, -0.09967044, 0.77655107, 0.08158363
19733.594549875, 001368, 12.075671, 0.08720334, -13.170393, 0.6163857, -0.09999908, 0.776397, 0.085302554
19733.611217666, 001369, 12.093723, 0.08843003, -13.167252, 0.61580956, -0.1009371, 0.7764287, 0.08802726
19733.627885541, 001370, 12.111481, 0.08972797, -13.164238, 0.615531, -0.10188503, 0.776319, 0.0898316
19733.644553375, 001371, 12.128898, 0.09088824, -13.161342, 0.6157528, -0.10200618, 0.775984, 0.09106058
19733.661221125, 001372, 12.146023, 0.09181158, -13.158614, 0.6167489, -0.10152971, 0.7751179, 0.092219956
19733.677889, 001373, 12.163996, 0.09137513, -13.157342, 0.6180972, -0.10138931, 0.7738959, 0.09360071
19733.694556833, 001374, 12.181313, 0.091482155, -13.155266, 0.6193587, -0.101678625, 0.77272433, 0.09462245
19733.711224625, 001375, 12.198437, 0.09163024, -13.15295, 0.62028986, -0.10201985, 0.77189827, 0.09489691
19733.7278925, 001376, 12.215491, 0.09157357, -13.150596, 0.6209307, -0.102229714, 0.7713662, 0.09480725
19733.744560166, 001377, 12.232479, 0.09119671, -13.148245, 0.62147796, -0.10210154, 0.7709711, 0.09457174
19733.761228125, 001378, 12.249442, 0.090473756, -13.14593, 0.62210107, -0.101724945, 0.7705543, 0.09427818
19733.777895916, 001379, 12.266809, 0.08897032, -13.144992, 0.6227458, -0.101379745, 0.7700993, 0.09411023
19733.794563666, 001380, 12.284143, 0.08738504, -13.143222, 0.6232713, -0.10115872, 0.7696955, 0.09417275
19733.811231541, 001381, 12.301692, 0.08556735, -13.141194, 0.6231862, -0.10067928, 0.7698133, 0.09428764
19733.827899333, 001382, 12.319606, 0.08355734, -13.139063, 0.6221881, -0.10019378, 0.77066374, 0.09444904
19733.844567166, 001383, 12.33788, 0.08146959, -13.136902, 0.62054443, -0.100012235, 0.7720074, 0.09448091
19733.861235, 001384, 12.356377, 0.07937559, -13.134742, 0.6188355, -0.10005589, 0.77340627, 0.09420236
19733.877902791, 001385, 12.374827, 0.07759295, -13.133786, 0.61724555, -0.10000704, 0.7747409, 0.0937178
19733.894570625, 001386, 12.393519, 0.07562086, -13.132124, 0.6157066, -0.09996532, 0.7760366, 0.093163095
19733.911238458, 001387, 12.412386, 0.073643185, -13.130314, 0.61394167, -0.10002065, 0.77747995, 0.092715815
19733.92790625, 001388, 12.431366, 0.07182039, -13.128559, 0.6120459, -0.10046698, 0.7789729, 0.09223473
19733.944574041, 001389, 12.450361, 0.07025614, -13.126932, 0.6102911, -0.10143704, 0.78030276, 0.0915583
19733.961241875, 001390, 12.469262, 0.06895882, -13.125453, 0.60885346, -0.10255275, 0.78137815, 0.09071156
19733.97790975, 001391, 12.487386, 0.06927368, -13.128783, 0.6078169, -0.102898754, 0.78224427, 0.08980112
19733.994577458, 001392, 12.505875, 0.068949305, -13.129284, 0.60694367, -0.10256168, 0.7830465, 0.08909965
19734.011245291, 001393, 12.524526, 0.06857411, -13.128995, 0.6056813, -0.1012598, 0.7842417, 0.08866601
19734.027913166, 001394, 12.543249, 0.06838402, -13.12851, 0.60423136, -0.09928519, 0.7856452, 0.08836599
19734.044580958, 001395, 12.562075, 0.06849785, -13.128029, 0.6029109, -0.09787314, 0.7868145, 0.08855669
19734.061248791, 001396, 12.580996, 0.068922214, -13.127558, 0.60156834, -0.09776718, 0.7877688, 0.08931681
19734.077916541, 001397, 12.600386, 0.070405446, -13.128602, 0.60030496, -0.09920087, 0.78844553, 0.09025927
19734.094584416, 001398, 12.619301, 0.071696706, -13.128512, 0.59928, -0.10195817, 0.7888271, 0.09066316
19734.111252208, 001399, 12.637876, 0.07309879, -13.12813, 0.5986842, -0.104797825, 0.78892887, 0.090475075
19734.127919958, 001400, 12.656144, 0.07446825, -13.12772, 0.5983755, -0.10689734, 0.7888386, 0.090847045
19734.144587791, 001401, 12.674167, 0.07573966, -13.127337, 0.5980767, -0.107908465, 0.78877676, 0.092147976
19734.161255625, 001402, 12.69202, 0.07707204, -13.126956, 0.59738684, -0.108594835, 0.78897846, 0.09406916
19734.1779235, 001403, 12.710888, 0.0789513, -13.12763, 0.59654564, -0.109057516, 0.7893719, 0.09555978
19734.19459125, 001404, 12.728526, 0.08085187, -13.127436, 0.59610915, -0.10965781, 0.7895155, 0.09640706
19734.211259125, 001405, 12.745527, 0.08284148, -13.126861, 0.5964892, -0.1106171, 0.7890718, 0.09659214
19734.227926833, 001406, 12.762292, 0.08489711, -13.12612, 0.59743273, -0.11211686, 0.78819513, 0.096188635
19734.24459475, 001407, 12.779101, 0.0869237, -13.125319, 0.5984143, -0.11409892, 0.78725225, 0.095475994
19734.261262458, 001408, 12.796088, 0.08880149, -13.12455, 0.59907824, -0.11614572, 0.7865223, 0.094856575
19734.27793025, 001409, 12.813614, 0.090651065, -13.126248, 0.5992112, -0.117571354, 0.7862835, 0.094239086
19734.294598041, 001410, 12.830968, 0.0921646, -13.126441, 0.5993564, -0.11827399, 0.7861877, 0.09322994
19734.311265875, 001411, 12.848261, 0.09344744, -13.126223, 0.5997197, -0.11856158, 0.7860197, 0.09193635
19734.327933708, 001412, 12.865521, 0.09450897, -13.125945, 0.60045344, -0.118592076, 0.7856217, 0.09049787
19734.344601458, 001413, 12.8827305, 0.095314495, -13.125721, 0.6016503, -0.118205026, 0.78494745, 0.088891886
19734.361269333, 001414, 12.899899, 0.095831536, -13.125604, 0.6035498, -0.117520295, 0.783756, 0.08742462
19734.377937208, 001415, 12.917179, 0.09463892, -13.124554, 0.6060423, -0.11669789, 0.78207487, 0.0863314
19734.394604916, 001416, 12.934576, 0.09404499, -13.124319, 0.6086571, -0.11567395, 0.78026325, 0.08570506
19734.411272791, 001417, 12.952154, 0.09343124, -13.124381, 0.6109421, -0.11414353, 0.77872825, 0.085459106
19734.427940583, 001418, 12.9698305, 0.0926876, -13.124572, 0.6130739, -0.11186477, 0.77741575, 0.08515487
19734.4446085, 001419, 12.987489, 0.09182278, -13.12484, 0.6155978, -0.10924827, 0.7758266, 0.08483647
19734.461276208, 001420, 13.005057, 0.09086001, -13.125126, 0.6187278, -0.10659933, 0.77373457, 0.08454039
19734.477944083, 001421, 13.022226, 0.08968897, -13.125411, 0.6223709, -0.10425744, 0.77116144, 0.08423087
19734.494611791, 001422, 13.0396, 0.08864463, -13.125658, 0.6261644, -0.10238648, 0.7683869, 0.08376569
19734.511279583, 001423, 13.05705, 0.08770627, -13.125918, 0.62987125, -0.10087148, 0.7656379, 0.08297938
19734.5279475, 001424, 13.074517, 0.08684233, -13.126245, 0.63347095, -0.09969016, 0.7629156, 0.08207444
19734.544615291, 001425, 13.091931, 0.08602745, -13.126664, 0.6369213, -0.09872965, 0.76025224, 0.08124157
19734.561283083, 001426, 13.109143, 0.08529933, -13.127206, 0.6404432, -0.09742895, 0.7575639, 0.08023016
19734.577950958, 001427, 13.125371, 0.0851616, -13.128856, 0.6443834, -0.095723435, 0.75456184, 0.079014935
19734.59461875, 001428, 13.141644, 0.084945634, -13.129958, 0.6495086, -0.09376142, 0.7505463, 0.07763811
19734.6112865, 001429, 13.157795, 0.08491166, -13.131003, 0.6556267, -0.09210397, 0.74554855, 0.076339304
19734.627954333, 001430, 13.173871, 0.08513955, -13.132196, 0.66258776, -0.0904231, 0.7397157, 0.07497781
19734.644622208, 001431, 13.190085, 0.08560262, -13.133703, 0.6701634, -0.08883442, 0.7330854, 0.07466775
19734.66129, 001432, 13.206757, 0.086248755, -13.135596, 0.6768681, -0.08839166, 0.72668, 0.07728291
19734.67795775, 001433, 13.223845, 0.08719151, -13.137729, 0.681239, -0.087595195, 0.722321, 0.08057797
19734.694625583, 001434, 13.240707, 0.08844761, -13.139489, 0.6840503, -0.08632863, 0.7194829, 0.083467394
19734.711293416, 001435, 13.257214, 0.09007075, -13.141376, 0.6873718, -0.08391116, 0.71652377, 0.08409913
19734.72796125, 001436, 13.273053, 0.09188322, -13.143221, 0.6926745, -0.08116242, 0.7117906, 0.08347906
19734.744629, 001437, 13.2885475, 0.09368878, -13.145191, 0.6995036, -0.079871334, 0.7051423, 0.08419903
19734.761296875, 001438, 13.304135, 0.09550291, -13.147462, 0.7060945, -0.079634026, 0.6983771, 0.085781276
19734.777964708, 001439, 13.320071, 0.097334005, -13.1500025, 0.7109038, -0.08016633, 0.69316924, 0.08778129
19734.794632416, 001440, 13.337097, 0.09881038, -13.151634, 0.71396196, -0.08072075, 0.68976825, 0.08923149
19734.811300208, 001441, 13.353508, 0.10041634, -13.154052, 0.7161956, -0.081034, 0.68725526, 0.09042939
19734.827968125, 001442, 13.369469, 0.1019004, -13.156684, 0.7187107, -0.08165595, 0.6843347, 0.092050344
19734.844635958, 001443, 13.384975, 0.103232495, -13.15935, 0.7221735, -0.08284619, 0.68028027, 0.09391817
19734.861303666, 001444, 13.400079, 0.104402006, -13.162031, 0.72660494, -0.08431348, 0.67513156, 0.09557054
19734.877971416, 001445, 13.41471, 0.10419988, -13.164479, 0.7313775, -0.085540816, 0.6695822, 0.09710467
19734.894639333, 001446, 13.429541, 0.10432919, -13.167313, 0.73568743, -0.08606476, 0.6645303, 0.09877392
19734.911307125, 001447, 13.444605, 0.10429514, -13.170428, 0.73908895, -0.08599691, 0.66049314, 0.10050243
19734.927974958, 001448, 13.45988, 0.10401703, -13.173739, 0.74169767, -0.08561195, 0.65737545, 0.102041826
19734.944642833, 001449, 13.475304, 0.10348015, -13.17715, 0.74379104, -0.08510035, 0.6548836, 0.10324848
19734.961310583, 001450, 13.49085, 0.10270418, -13.180609, 0.7456865, -0.084779754, 0.65262395, 0.10414416
19734.977978416, 001451, 13.506497, 0.10172996, -13.184126, 0.7476599, -0.0851004, 0.6501731, 0.10505882
19734.994646083, 001452, 13.523802, 0.09880965, -13.187041, 0.7497663, -0.08589068, 0.64750993, 0.10584986
19735.011314041, 001453, 13.540106, 0.09686164, -13.190509, 0.75187194, -0.08671415, 0.6448733, 0.10633676
19735.027981791, 001454, 13.556205, 0.09506514, -13.194229, 0.7537243, -0.0873623, 0.6425551, 0.10672592
19735.044649666, 001455, 13.572398, 0.09321371, -13.198148, 0.7552411, -0.087721415, 0.64066863, 0.10704921
19735.061317458, 001456, 13.588788, 0.09131177, -13.2022505, 0.7564449, -0.08777051, 0.6392063, 0.10725024
19735.077985208, 001457, 13.605842, 0.08917581, -13.206417, 0.75732636, -0.08754389, 0.63818973, 0.10726872
19735.094653041, 001458, 13.626999, 0.08478673, -13.209506, 0.75792456, -0.08709557, 0.6375766, 0.10705416
19735.111320833, 001459, 13.645507, 0.08216845, -13.213633, 0.7582985, -0.08643084, 0.6372974, 0.10660662
19735.127988666, 001460, 13.663306, 0.08022771, -13.218176, 0.75855124, -0.08579989, 0.63718605, 0.10598245
19735.144656416, 001461, 13.680982, 0.07868036, -13.222954, 0.7589042, -0.08533971, 0.63700503, 0.10491007
19735.161324333, 001462, 13.698712, 0.077416025, -13.227899, 0.7593453, -0.08512185, 0.6367375, 0.10350958
19735.177992041, 001463, 13.719371, 0.07407037, -13.23239, 0.7598046, -0.084981665, 0.6364283, 0.102147415
19735.194659833, 001464, 13.738248, 0.07233188, -13.237471, 0.7601631, -0.084816776, 0.63616586, 0.101247385
19735.211327708, 001465, 13.756674, 0.071166545, -13.242855, 0.7602551, -0.084288165, 0.63619184, 0.100834236
19735.227995458, 001466, 13.775063, 0.07032259, -13.248432, 0.7600327, -0.08343596, 0.63656026, 0.10089462
19735.244663333, 001467, 13.793501, 0.06981382, -13.254104, 0.7595423, -0.08247646, 0.6372388, 0.10109222
19735.261331125, 001468, 13.811959, 0.06968433, -13.259766, 0.7591781, -0.08142535, 0.6377824, 0.10125255
19735.277998833, 001469, 13.830744, 0.06991159, -13.2654, 0.7591961, -0.08101843, 0.6376516, 0.102262326
19735.294666791, 001470, 13.851688, 0.07001111, -13.270717, 0.75904405, -0.08150338, 0.6374549, 0.104213476
19735.311334625, 001471, 13.871251, 0.070988, -13.276271, 0.75815403, -0.08250799, 0.6380968, 0.10595885
19735.328002333, 001472, 13.89027, 0.07254197, -13.281697, 0.75677556, -0.08345098, 0.63955224, 0.106299266
19735.344670125, 001473, 13.908859, 0.07449291, -13.286928, 0.7557171, -0.08439056, 0.64079547, 0.10559851
19735.361338041, 001474, 13.927048, 0.076628305, -13.292009, 0.7554003, -0.08533601, 0.6411612, 0.104882605
19735.378005791, 001475, 13.945004, 0.07883978, -13.296964, 0.75543624, -0.08655042, 0.6410113, 0.104544595
19735.394673583, 001476, 13.968655, 0.08165058, -13.302151, 0.75523144, -0.088394195, 0.64103496, 0.104336254
19735.411341416, 001477, 13.988408, 0.084116854, -13.306992, 0.7547537, -0.09078812, 0.6413047, 0.104080185
19735.428009166, 001478, 14.0069, 0.08626092, -13.311626, 0.7542973, -0.09334699, 0.6414166, 0.10443467
19735.444677083, 001479, 14.0250225, 0.08803011, -13.31612, 0.7538199, -0.095800444, 0.64138323, 0.10585497
19735.461344875, 001480, 14.043091, 0.08951692, -13.320504, 0.7531215, -0.098069966, 0.6415832, 0.107522614
19735.478012583, 001481, 14.066374, 0.09133037, -13.32448, 0.75222576, -0.10002636, 0.6421703, 0.10848228
19735.494680541, 001482, 14.086165, 0.09255398, -13.328484, 0.75135666, -0.10149089, 0.6428866, 0.10890105
19735.511348291, 001483, 14.104918, 0.093339555, -13.332447, 0.7505301, -0.10250114, 0.64364904, 0.10915082
19735.528015958, 001484, 14.123426, 0.09372418, -13.336341, 0.7496153, -0.10311307, 0.6445755, 0.10939361
19735.544683833, 001485, 14.141924, 0.09379135, -13.340137, 0.7486326, -0.103272654, 0.64570844, 0.10929113
19735.561351708, 001486, 14.16048, 0.09365268, -13.343823, 0.74759054, -0.1033807, 0.64699876, 0.108688705
19735.578019541, 001487, 14.183278, 0.09378678, -13.346702, 0.7467948, -0.10342745, 0.6481209, 0.1074221
19735.59468725, 001488, 14.2032585, 0.09340504, -13.349876, 0.7464253, -0.103643775, 0.6487596, 0.10591543
19735.611355125, 001489, 14.2224865, 0.09268775, -13.353107, 0.74650824, -0.104163535, 0.64881516, 0.10447126
19735.628022875, 001490, 14.241707, 0.091697626, -13.356371, 0.74670905, -0.104954235, 0.6486597, 0.10320247
19735.644690708, 001491, 14.261202, 0.090473495, -13.359692, 0.7466016, -0.10566601, 0.64886916, 0.10192864
19735.6613585, 001492, 14.280994, 0.08900986, -13.363058, 0.7460539, -0.10579482, 0.64969987, 0.100504264
19735.678026375, 001493, 14.303965, 0.08766359, -13.365093, 0.74540585, -0.105284184, 0.6507593, 0.09898352
19735.694694166, 001494, 14.325002, 0.085898355, -13.367932, 0.7450496, -0.10425156, 0.65156275, 0.097460814
19735.711361916, 001495, 14.3454485, 0.08401504, -13.370994, 0.7452375, -0.10276091, 0.65185803, 0.095615104
19735.728029666, 001496, 14.365786, 0.08213568, -13.3741045, 0.74585915, -0.1010505, 0.65167874, 0.09379556
19735.744697541, 001497, 14.386224, 0.080320194, -13.377187, 0.7465936, -0.09915298, 0.65137035, 0.09210471
19735.761365375, 001498, 14.406877, 0.07865971, -13.380213, 0.7471135, -0.0974242, 0.6512481, 0.09058552
19735.77803325, 001499, 14.426582, 0.07448493, -13.381005, 0.74740624, -0.09633353, 0.6512717, 0.08915609
19735.794701, 001500, 14.44715, 0.07250908, -13.383144, 0.74759096, -0.09587721, 0.6513233, 0.08771156
19735.811368833, 001501, 14.467882, 0.071503066, -13.385683, 0.7480681, -0.09568896, 0.6510318, 0.085996695
19735.828036541, 001502, 14.4885235, 0.07104426, -13.388374, 0.7492565, -0.09563618, 0.64987147, 0.08447138
19735.844704375, 001503, 14.509089, 0.07096992, -13.391218, 0.7510269, -0.09559219, 0.64793444, 0.083675414
19735.861372208, 001504, 14.529659, 0.07124051, -13.394261, 0.75294054, -0.09507989, 0.6458069, 0.08350843
19735.878039958, 001505, 14.547764, 0.07123092, -13.3978815, 0.7546749, -0.09426099, 0.6438408, 0.08396207
19735.894707875, 001506, 14.567836, 0.072009936, -13.401433, 0.75578904, -0.09359527, 0.6424748, 0.085141264
19735.91137575, 001507, 14.588588, 0.07320004, -13.404983, 0.75600857, -0.092660226, 0.6421939, 0.08632535
19735.9280435, 001508, 14.609416, 0.07466394, -13.408487, 0.7558811, -0.0915188, 0.64237636, 0.08729688
19735.944711166, 001509, 14.629987, 0.076310515, -13.411936, 0.7561081, -0.08988387, 0.642268, 0.08782471
19735.961379, 001510, 14.650273, 0.07805718, -13.415383, 0.75689894, -0.08842167, 0.64142, 0.08868937
19735.978046958, 001511, 14.6665125, 0.079425074, -13.4181, 0.7577432, -0.087745436, 0.64037514, 0.0896973
19735.994714541, 001512, 14.685465, 0.08129009, -13.421498, 0.75793827, -0.088048376, 0.6399734, 0.09061426
19736.011382416, 001513, 14.705319, 0.08334654, -13.425236, 0.7572989, -0.0896599, 0.6403073, 0.09201039
19736.02805025, 001514, 14.725302, 0.085389845, -13.429147, 0.7562048, -0.091712385, 0.64109844, 0.09346603
19736.044718125, 001515, 14.745016, 0.08733282, -13.433112, 0.7553522, -0.093677476, 0.64166343, 0.09452827
19736.061385916, 001516, 14.7642765, 0.089156516, -13.4371, 0.7552929, -0.09565161, 0.6413582, 0.09509445
19736.078053708, 001517, 14.78187, 0.09014951, -13.441495, 0.7562053, -0.097623974, 0.6399832, 0.09510335
19736.0947215, 001518, 14.800029, 0.091234684, -13.445835, 0.7577561, -0.09924371, 0.63789076, 0.09514053
19736.111389416, 001519, 14.818395, 0.09196356, -13.45035, 0.759402, -0.10013559, 0.6357581, 0.09535732
19736.128057083, 001520, 14.83697, 0.09215485, -13.4551325, 0.7606107, -0.10029533, 0.63417387, 0.09610284
19736.144724958, 001521, 14.855779, 0.091793105, -13.460151, 0.76104033, -0.09989592, 0.6335376, 0.09730578
19736.161392708, 001522, 14.874735, 0.09093386, -13.465314, 0.76087135, -0.09866213, 0.6338002, 0.09817254
19736.178060666, 001523, 14.895351, 0.08945433, -13.471017, 0.76061225, -0.09709624, 0.63428605, 0.09860182
19736.194728375, 001524, 14.914863, 0.087752104, -13.476309, 0.76072973, -0.09569908, 0.6343456, 0.09867851
19736.211396208, 001525, 14.934085, 0.085829385, -13.481449, 0.76111823, -0.09478447, 0.63405466, 0.09843541
19736.228064, 001526, 14.953343, 0.08371442, -13.486561, 0.7614818, -0.09419285, 0.63378054, 0.09795555
19736.244731916, 001527, 14.97278, 0.08138962, -13.491719, 0.7615191, -0.09315226, 0.6340147, 0.09714227
19736.261399625, 001528, 14.992459, 0.07885627, -13.496972, 0.76105386, -0.09133222, 0.6350014, 0.09606547
19736.278067416, 001529, 15.012367, 0.0761803, -13.502318, 0.7601958, -0.08885013, 0.63656926, 0.094802395
19736.294735166, 001530, 15.033869, 0.07448524, -13.508104, 0.7591957, -0.08584669, 0.638392, 0.093315795
19736.311403041, 001531, 15.054589, 0.07220362, -13.51359, 0.7582456, -0.08297672, 0.64014196, 0.09163392
19736.328070833, 001532, 15.075225, 0.069977894, -13.51894, 0.7571753, -0.08098547, 0.6419171, 0.08982846
19736.344738625, 001533, 15.095983, 0.06804725, -13.524241, 0.755771, -0.079943046, 0.6439753, 0.08783529
19736.3614065, 001534, 15.11684, 0.06641422, -13.529514, 0.7539915, -0.079270005, 0.64639854, 0.085918956
19736.378074333, 001535, 15.137668, 0.06504894, -13.534758, 0.75195175, -0.078340836, 0.6491262, 0.08406213
19736.394741958, 001536, 15.158328, 0.06399618, -13.539982, 0.750173, -0.076840915, 0.6516068, 0.082125
19736.411409833, 001537, 15.177173, 0.064256646, -13.544981, 0.74908704, -0.07520742, 0.65326285, 0.080373816
19736.428077708, 001538, 15.19713, 0.064319424, -13.550289, 0.7484201, -0.07409296, 0.65425456, 0.079551876
19736.444745541, 001539, 15.217572, 0.06473252, -13.555803, 0.7477176, -0.073824175, 0.6551368, 0.0791456
19736.461413208, 001540, 15.238378, 0.06565581, -13.56146, 0.746552, -0.07441977, 0.65642655, 0.078903876
19736.478081125, 001541, 15.259467, 0.06703522, -13.567222, 0.7447851, -0.07554666, 0.65831697, 0.07878177
19736.494748875, 001542, 15.280624, 0.06876943, -13.573032, 0.7428035, -0.07669688, 0.66044956, 0.07852899
19736.511416708, 001543, 15.298946, 0.07130675, -13.578608, 0.7412032, -0.07748828, 0.66221285, 0.07802261
19736.5280845, 001544, 15.318877, 0.07367449, -13.584419, 0.7401954, -0.07809287, 0.6633013, 0.07774164
19736.54475225, 001545, 15.339254, 0.07596482, -13.590348, 0.7394043, -0.078617536, 0.6640453, 0.07838518
19736.56142, 001546, 15.359784, 0.07820567, -13.596308, 0.7383242, -0.07914275, 0.66501945, 0.07976775
19736.578087833, 001547, 15.380305, 0.08051485, -13.602172, 0.7368039, -0.08020785, 0.6663944, 0.08127225
19736.594755708, 001548, 15.400592, 0.08290113, -13.607794, 0.73527664, -0.08187388, 0.66773754, 0.08240968
19736.611423416, 001549, 15.418094, 0.08542534, -13.613373, 0.73436934, -0.08387416, 0.66833156, 0.08366455
19736.628091375, 001550, 15.436918, 0.08750386, -13.618547, 0.73440087, -0.086078145, 0.66778994, 0.08545427
19736.644759083, 001551, 15.456181, 0.08917933, -13.623572, 0.73479986, -0.08834551, 0.6667473, 0.087819345
19736.661426958, 001552, 15.475733, 0.090492435, -13.628544, 0.7348957, -0.090305574, 0.66609305, 0.08996218
19736.678094666, 001553, 15.493527, 0.09024719, -13.631882, 0.7347733, -0.0920207, 0.6657842, 0.09149789
19736.694762583, 001554, 15.512806, 0.090494365, -13.636174, 0.73447484, -0.09368921, 0.6656923, 0.09285819
19736.711430416, 001555, 15.532661, 0.09070533, -13.640684, 0.7338991, -0.09493613, 0.6660534, 0.093551554
19736.728098166, 001556, 15.552818, 0.09075325, -13.645179, 0.73317814, -0.09612297, 0.66665876, 0.09368162
19736.744765875, 001557, 15.573168, 0.09055985, -13.649585, 0.7324122, -0.09749101, 0.66730374, 0.09366643
19736.761433791, 001558, 15.593593, 0.09011307, -13.653896, 0.73198694, -0.09873264, 0.66765416, 0.0931929
19736.778101583, 001559, 15.614075, 0.08939911, -13.65811, 0.73191154, -0.100102924, 0.66761005, 0.09263733
19736.794769291, 001560, 15.634622, 0.088403106, -13.662231, 0.73206675, -0.10115255, 0.6674096, 0.09170963
19736.811437166, 001561, 15.655831, 0.08632965, -13.665154, 0.73225427, -0.10161664, 0.66729563, 0.090522215
19736.828105, 001562, 15.676792, 0.084477715, -13.668687, 0.73233706, -0.10138583, 0.6674186, 0.089195445
19736.844772791, 001563, 15.697735, 0.08261512, -13.672363, 0.73253244, -0.100743525, 0.6674984, 0.08770769
19736.8614405, 001564, 15.718675, 0.08069742, -13.67603, 0.73314434, -0.09962143, 0.6672288, 0.085910134
19736.878108416, 001565, 15.7395935, 0.078700595, -13.679602, 0.73423165, -0.09786171, 0.6665476, 0.08391178
19736.894776166, 001566, 15.760555, 0.07664733, -13.683043, 0.73558515, -0.09557246, 0.6656443, 0.08184105
19736.911444041, 001567, 15.7844305, 0.073435634, -13.684558, 0.7368292, -0.09334943, 0.6648282, 0.07982483
19736.928111833, 001568, 15.806726, 0.07122137, -13.687128, 0.7376871, -0.09166255, 0.6643645, 0.077688485
19736.944779541, 001569, 15.82864, 0.06954951, -13.689948, 0.7382819, -0.090748325, 0.66409826, 0.075353034
19736.961447416, 001570, 15.850416, 0.06824154, -13.692766, 0.7389605, -0.09041391, 0.6636763, 0.0727772
19736.97811525, 001571, 15.872019, 0.067179, -13.695545, 0.7401468, -0.090048365, 0.6627005, 0.07001464
19736.994783041, 001572, 15.893444, 0.06625922, -13.698348, 0.742156, -0.08939135, 0.6607719, 0.067780085
19737.011450875, 001573, 15.916085, 0.063823536, -13.699658, 0.7445522, -0.088521905, 0.6583271, 0.066416875
19737.028118625, 001574, 15.938115, 0.06274463, -13.702153, 0.746702, -0.08747479, 0.6561172, 0.065530755
19737.044786416, 001575, 15.960289, 0.062436733, -13.705167, 0.748098, -0.08761341, 0.6544489, 0.06610425
19737.061454208, 001576, 15.982784, 0.06275392, -13.708442, 0.748112, -0.08920727, 0.65400803, 0.06814641
19737.078122, 001577, 16.005262, 0.063664325, -13.71175, 0.7469654, -0.0903838, 0.65503025, 0.06934494
19737.09478975, 001578, 16.027264, 0.06503513, -13.714919, 0.7461921, -0.09051589, 0.65589017, 0.069369674
19737.111457708, 001579, 16.047325, 0.06679114, -13.717404, 0.74717754, -0.09018313, 0.65479976, 0.06949738
19737.1281255, 001580, 16.067806, 0.06874512, -13.720446, 0.74965715, -0.09029309, 0.65181977, 0.070655435
19737.144793166, 001581, 16.088507, 0.07100126, -13.723954, 0.75194514, -0.090857446, 0.6489062, 0.07241637
19737.161460958, 001582, 16.109451, 0.07352843, -13.727862, 0.75283563, -0.09182085, 0.64746493, 0.074810095
19737.178128916, 001583, 16.13042, 0.076262616, -13.731997, 0.75257814, -0.09247767, 0.6474201, 0.07694896
19737.194796708, 001584, 16.15112, 0.07905686, -13.736192, 0.75207275, -0.09214117, 0.64790016, 0.07824332
19737.2114645, 001585, 16.171894, 0.0819666, -13.740535, 0.75226134, -0.091458425, 0.6476583, 0.07922655
19737.228132291, 001586, 16.19186, 0.084555775, -13.744649, 0.7535284, -0.09130914, 0.64601505, 0.08075912
19737.244800041, 001587, 16.211382, 0.08682922, -13.74863, 0.75537956, -0.0915242, 0.64359885, 0.08249549
19737.261467791, 001588, 16.23067, 0.08872754, -13.75253, 0.75720346, -0.09093671, 0.641424, 0.08335783
19737.278135666, 001589, 16.252026, 0.090397045, -13.755988, 0.7587684, -0.0893748, 0.63978994, 0.08337587
19737.294803416, 001590, 16.271984, 0.09129252, -13.759661, 0.7598277, -0.08704747, 0.63885266, 0.08337785
19737.31147125, 001591, 16.291685, 0.09153582, -13.763388, 0.76029325, -0.08501854, 0.6384802, 0.08407737
19737.328139166, 001592, 16.31138, 0.09122042, -13.767054, 0.76018727, -0.0829849, 0.6387963, 0.0846644
19737.344806916, 001593, 16.331066, 0.09040972, -13.770557, 0.75981903, -0.080640316, 0.6395331, 0.08467291
19737.361474708, 001594, 16.350727, 0.089180835, -13.773875, 0.7594983, -0.07851584, 0.6401984, 0.084519155
19737.378142458, 001595, 16.373299, 0.08667224, -13.77741, 0.7593682, -0.07692047, 0.6406227, 0.08393844
19737.394810333, 001596, 16.393988, 0.084507875, -13.780513, 0.7591338, -0.0758222, 0.64113474, 0.083144754
19737.411478083, 001597, 16.414259, 0.08227075, -13.783424, 0.75848436, -0.074910514, 0.64213395, 0.082182094
19737.428145916, 001598, 16.434597, 0.07990805, -13.7863035, 0.7572115, -0.0739477, 0.64387566, 0.08115779
19737.444813625, 001599, 16.45511, 0.077459596, -13.789172, 0.75536066, -0.073065594, 0.6462472, 0.080350645
19737.4614815, 001600, 16.475708, 0.074942365, -13.791926, 0.7532257, -0.07163154, 0.6490512, 0.07907272
19737.478149291, 001601, 16.49632, 0.07240059, -13.794486, 0.75119805, -0.06966906, 0.6518332, 0.077207394
19737.494817041, 001602, 16.517015, 0.06997773, -13.796912, 0.7494396, -0.06797426, 0.6542879, 0.075013794
19737.511484916, 001603, 16.538399, 0.067460515, -13.799593, 0.74761164, -0.067498766, 0.65661544, 0.07332661
19737.528152791, 001604, 16.559755, 0.06543771, -13.802128, 0.7455676, -0.068814814, 0.65887463, 0.07264756
19737.5448205, 001605, 16.581112, 0.0638531, -13.804593, 0.7436194, -0.07095404, 0.66092265, 0.07195008
19737.561488291, 001606, 16.602385, 0.06263744, -13.807029, 0.742019, -0.072634876, 0.66265976, 0.0708092
19737.578156083, 001607, 16.62096, 0.06264758, -13.8098, 0.7404993, -0.07367433, 0.6643176, 0.070105195
19737.594823916, 001608, 16.641472, 0.06242729, -13.81257, 0.73851514, -0.073746085, 0.6665849, 0.06943634
19737.611491708, 001609, 16.662785, 0.062497914, -13.815489, 0.7360399, -0.072886035, 0.66949403, 0.068634056
19737.628159541, 001610, 16.684542, 0.06311229, -13.8186, 0.73347956, -0.07276775, 0.67230695, 0.06867273
19737.644827375, 001611, 16.706547, 0.06440244, -13.821881, 0.7308147, -0.07427935, 0.6749318, 0.069708966
19737.661495125, 001612, 16.728373, 0.06633774, -13.825156, 0.72833467, -0.07555276, 0.67746174, 0.06975621
19737.678162916, 001613, 16.748419, 0.06812229, -13.827372, 0.7268927, -0.0755185, 0.67916834, 0.06822198
19737.694830625, 001614, 16.768896, 0.07075947, -13.83024, 0.72668296, -0.07527402, 0.6795594, 0.066817574
19737.7114985, 001615, 16.789568, 0.07379409, -13.833362, 0.7266877, -0.07535084, 0.6796248, 0.06600948
19737.728166333, 001616, 16.810505, 0.07701879, -13.836535, 0.7257839, -0.07588784, 0.6805764, 0.06553162
19737.744834125, 001617, 16.831678, 0.08032203, -13.839611, 0.72371954, -0.07768917, 0.68254113, 0.06581758
19737.761502, 001618, 16.85277, 0.08372083, -13.842504, 0.7212895, -0.08035064, 0.6848043, 0.0657892
19737.778169791, 001619, 16.873756, 0.086620755, -13.845422, 0.71952057, -0.08356142, 0.6862658, 0.06593005
19737.794837458, 001620, 16.894165, 0.089488, -13.848034, 0.7188868, -0.08698355, 0.6864298, 0.066706024
19737.811505416, 001621, 16.914274, 0.09195497, -13.850492, 0.7189739, -0.08970083, 0.68585116, 0.06810625
19737.828173041, 001622, 16.934391, 0.093950026, -13.852889, 0.71874744, -0.0915272, 0.6856631, 0.06993436
19737.844841041, 001623, 16.954681, 0.095570765, -13.855242, 0.71744466, -0.09234615, 0.6867648, 0.07141043
19737.861508833, 001624, 16.975029, 0.09691646, -13.857482, 0.7155017, -0.092038095, 0.6888045, 0.07165583
19737.878176541, 001625, 16.995289, 0.097958505, -13.859541, 0.7137503, -0.091239445, 0.690777, 0.07115399
19737.911512125, 001626, 17.029276, 0.098991975, -13.862592, 0.7119473, -0.09030629, 0.69302475, 0.06850059
19737.928179916, 001627, 17.04806, 0.09906302, -13.864038, 0.7115499, -0.090855055, 0.69356066, 0.06645043
19737.94484775, 001628, 17.067942, 0.09872251, -13.865461, 0.71110827, -0.09123101, 0.6941989, 0.063950695
19737.961515583, 001629, 17.088322, 0.097851105, -13.866824, 0.7104611, -0.0911696, 0.69509155, 0.061487786
19737.978183416, 001630, 17.109015, 0.096485145, -13.868127, 0.70972866, -0.09088913, 0.69607747, 0.059164952
19737.994851083, 001631, 17.126825, 0.09517004, -13.868948, 0.7090653, -0.09085565, 0.6969286, 0.057113893
19738.011519041, 001632, 17.14698, 0.09328557, -13.870046, 0.70855135, -0.09115402, 0.6975717, 0.055132836
19738.028186791, 001633, 17.167894, 0.09106602, -13.871231, 0.7082483, -0.09108279, 0.69804573, 0.053106505
19738.0448545, 001634, 17.189003, 0.088586114, -13.872466, 0.7083162, -0.09008051, 0.6982452, 0.051255867
19738.061522375, 001635, 17.210176, 0.08592959, -13.873727, 0.7086476, -0.08828165, 0.6982366, 0.049904708
19738.078190208, 001636, 17.231411, 0.08328425, -13.874993, 0.70905733, -0.086072065, 0.69818026, 0.04871798
19738.094858041, 001637, 17.253847, 0.08126474, -13.874575, 0.7093488, -0.084070124, 0.6982067, 0.0475794
19738.11152575, 001638, 17.27554, 0.07925794, -13.875129, 0.70945895, -0.08267159, 0.6983423, 0.046382565
19738.1281935, 001639, 17.296883, 0.07753889, -13.875947, 0.70982116, -0.0819929, 0.69812816, 0.045255028
19738.144861291, 001640, 17.317852, 0.07621424, -13.8768015, 0.71108246, -0.081641324, 0.6969661, 0.0439841
19738.161529208, 001641, 17.33844, 0.075339966, -13.877693, 0.7135135, -0.080549866, 0.6947158, 0.042190954
19738.178196916, 001642, 17.358877, 0.0748561, -13.878709, 0.7166665, -0.07858242, 0.6917682, 0.040871654
19738.19486475, 001643, 17.380121, 0.075628415, -13.8803425, 0.71956295, -0.07585187, 0.6891103, 0.04003424
19738.211532583, 001644, 17.40121, 0.07639886, -13.881717, 0.721581, -0.07313373, 0.68732995, 0.03936749
19738.228200416, 001645, 17.422543, 0.077671885, -13.883029, 0.7221466, -0.071473554, 0.68695, 0.038671087
19738.244868166, 001646, 17.443996, 0.07951525, -13.884294, 0.721523, -0.070439644, 0.6877796, 0.03744167
19738.261535958, 001647, 17.465227, 0.081782356, -13.885494, 0.72082186, -0.06959031, 0.6886873, 0.035815205
19738.278203791, 001648, 17.486065, 0.0849588, -13.885263, 0.72116166, -0.069176845, 0.68844527, 0.03440147
19738.294871583, 001649, 17.506487, 0.08789382, -13.886095, 0.7228534, -0.06989769, 0.6866162, 0.033989213
19738.311539375, 001650, 17.526836, 0.09080677, -13.887457, 0.7248341, -0.07183003, 0.6842883, 0.034719106
19738.328207125, 001651, 17.547365, 0.09370924, -13.889193, 0.7258402, -0.074380875, 0.6828666, 0.036284387
19738.344875, 001652, 17.568129, 0.09654827, -13.891225, 0.725441, -0.077160314, 0.68285674, 0.03857812
19738.36154275, 001653, 17.588888, 0.09926466, -13.8934145, 0.724146, -0.079624854, 0.6837963, 0.041170646
19738.3782105, 001654, 17.609314, 0.1018127, -13.895616, 0.7229467, -0.081625804, 0.68467057, 0.0437196
19738.394878291, 001655, 17.628685, 0.10382858, -13.89822, 0.722689, -0.08351107, 0.6845757, 0.04585605
19738.411546208, 001656, 17.647879, 0.105809085, -13.900422, 0.72382057, -0.085289404, 0.6830496, 0.04746188
19738.428213958, 001657, 17.666893, 0.10747185, -13.902534, 0.7258036, -0.08704881, 0.6806195, 0.04887307
19738.444881791, 001658, 17.685963, 0.108651385, -13.904745, 0.727627, -0.088415354, 0.67841035, 0.0500114
19738.461549583, 001659, 17.705278, 0.10920849, -13.907103, 0.72855514, -0.0891207, 0.6772454, 0.051025007
19738.478217375, 001660, 17.723763, 0.10830855, -13.909499, 0.7283816, -0.088686615, 0.6774374, 0.051704574
19738.494885166, 001661, 17.743137, 0.10722828, -13.912028, 0.7275517, -0.087546654, 0.67842615, 0.052365296
19738.511553, 001662, 17.762737, 0.10573627, -13.9145775, 0.72677946, -0.08646104, 0.679344, 0.05298778
19738.528220791, 001663, 17.782278, 0.10384146, -13.917073, 0.72654897, -0.085812114, 0.67965823, 0.05317486
19738.5448885, 001664, 17.801758, 0.10157518, -13.919563, 0.7268733, -0.08588457, 0.6792974, 0.053236905
19738.561556333, 001665, 17.82125, 0.09893649, -13.922149, 0.7273846, -0.08594329, 0.6787459, 0.053191293
19738.578224125, 001666, 17.84085, 0.09591305, -13.924905, 0.72770727, -0.0852164, 0.67849386, 0.053162478
19738.594892, 001667, 17.860016, 0.09077276, -13.92715, 0.7277702, -0.08350157, 0.6786371, 0.053194687
19738.611559833, 001668, 17.879948, 0.08662574, -13.930004, 0.7272044, -0.0808551, 0.6795522, 0.0533389
19738.6282275, 001669, 17.900463, 0.08291307, -13.933115, 0.7258845, -0.078194305, 0.6812677, 0.053401332
19738.644895333, 001670, 17.921448, 0.079593204, -13.936321, 0.7240308, -0.076321155, 0.68346864, 0.05315151
19738.661563208, 001671, 17.94277, 0.07667865, -13.939563, 0.7220462, -0.07550873, 0.68569213, 0.052668627
19738.678230958, 001672, 17.96429, 0.07412345, -13.942858, 0.72023153, -0.07551711, 0.6876255, 0.05229572
19738.69489875, 001673, 17.987726, 0.07163173, -13.945938, 0.71854454, -0.07559062, 0.68940324, 0.051988844
19738.711566458, 001674, 18.009958, 0.069587074, -13.94929, 0.71693844, -0.075071365, 0.69115895, 0.051601425
19738.72823425, 001675, 18.031815, 0.0680146, -13.952823, 0.7157313, -0.07398562, 0.6925677, 0.05103656
19738.744902208, 001676, 18.053722, 0.06698279, -13.956545, 0.71468407, -0.073281504, 0.69372517, 0.0510085
19738.761569916, 001677, 18.07582, 0.06649639, -13.960403, 0.71354073, -0.07282838, 0.6949189, 0.051413734
19738.77823775, 001678, 18.096668, 0.0647361, -13.963315, 0.7121012, -0.07241773, 0.6964104, 0.05176717
19738.7949055, 001679, 18.11861, 0.064695075, -13.966778, 0.71027446, -0.071602434, 0.6983743, 0.051542792
19738.81157325, 001680, 18.140917, 0.06539239, -13.970229, 0.7082465, -0.070677005, 0.70053405, 0.05141509
19738.828241041, 001681, 18.163322, 0.066515364, -13.973518, 0.7061639, -0.06992208, 0.7027193, 0.051273752
19738.844909, 001682, 18.18575, 0.0680514, -13.976594, 0.7041659, -0.07071862, 0.7046195, 0.051580828
19738.861576833, 001683, 18.208094, 0.070051365, -13.979459, 0.7020927, -0.073396295, 0.70638627, 0.05193444
19738.878244458, 001684, 18.230156, 0.0724132, -13.982071, 0.6998868, -0.0769938, 0.7082015, 0.051777136
19738.894912291, 001685, 18.250324, 0.0744837, -13.983515, 0.6977913, -0.08072269, 0.7098729, 0.05149365
19738.911580166, 001686, 18.27107, 0.076840095, -13.985408, 0.69615215, -0.084618516, 0.7110127, 0.051698633
19738.928247875, 001687, 18.291788, 0.079257876, -13.987421, 0.6949387, -0.08856677, 0.7116672, 0.052400857
19738.94491575, 001688, 18.312342, 0.08161284, -13.989454, 0.6938025, -0.092248365, 0.7122247, 0.053519506
19738.961583541, 001689, 18.332699, 0.08382968, -13.991475, 0.69248235, -0.09513565, 0.7130243, 0.054897305
19738.978251291, 001690, 18.35276, 0.085896514, -13.993455, 0.69102997, -0.096412696, 0.71419173, 0.055788696
19738.994919041, 001691, 18.374546, 0.08668617, -13.995302, 0.6898685, -0.096063234, 0.7153373, 0.056088086
19739.011586833, 001692, 18.39476, 0.08808116, -13.997095, 0.68903244, -0.095403634, 0.7162416, 0.055949718
19739.028254708, 001693, 18.414507, 0.08961799, -13.998795, 0.6884594, -0.09519413, 0.71687245, 0.05527809
19739.0449225, 001694, 18.434147, 0.0910816, -14.000394, 0.68807524, -0.09534797, 0.71731776, 0.05400358
19739.06159025, 001695, 18.453848, 0.09227084, -14.001894, 0.6876882, -0.095493354, 0.71778244, 0.05248228
19739.078258166, 001696, 18.47368, 0.093054354, -14.00329, 0.68716526, -0.09522108, 0.7184394, 0.050809015
19739.094925875, 001697, 18.499128, 0.09260855, -14.006135, 0.68632936, -0.09457663, 0.71943897, 0.049140565
19739.11159375, 001698, 18.521132, 0.09230937, -14.007847, 0.68531567, -0.09401503, 0.72060674, 0.04721831
19739.128261458, 001699, 18.542095, 0.091846, -14.009156, 0.68445635, -0.093507394, 0.7216216, 0.04514483
19739.144929375, 001700, 18.562721, 0.0910977, -14.010312, 0.68405056, -0.09282626, 0.72221583, 0.043154716
19739.161597125, 001701, 18.583221, 0.09005622, -14.011436, 0.684139, -0.091642365, 0.7223952, 0.041240383
19739.178264875, 001702, 18.603678, 0.0887645, -14.012596, 0.68461925, -0.089812055, 0.7222783, 0.039298195
19739.194932708, 001703, 18.628103, 0.08667597, -14.014952, 0.6853269, -0.087318935, 0.72200966, 0.037477802
19739.211600416, 001704, 18.649956, 0.08484545, -14.016627, 0.68616706, -0.08433505, 0.7216592, 0.03564178
19739.228268333, 001705, 18.67109, 0.08309328, -14.018095, 0.686993, -0.08115736, 0.7213196, 0.033941906
19739.244936083, 001706, 18.69208, 0.08146094, -14.019491, 0.68774873, -0.0781327, 0.7210108, 0.032253858
19739.261603916, 001707, 18.713074, 0.079996794, -14.020838, 0.6884938, -0.07572839, 0.7206231, 0.03072296
19739.278271666, 001708, 18.73399, 0.07872586, -14.022095, 0.689346, -0.07368647, 0.72009575, 0.028886216
19739.2949395, 001709, 18.754467, 0.07777861, -14.022014, 0.69055796, -0.071903475, 0.71919644, 0.026759595
19739.311607291, 001710, 18.774887, 0.07699652, -14.022689, 0.69238925, -0.070185706, 0.7176891, 0.02435965
19739.328275041, 001711, 18.795273, 0.0764053, -14.023621, 0.69490343, -0.06907573, 0.71541756, 0.022701286
19739.344942875, 001712, 18.815838, 0.076063864, -14.024681, 0.69746333, -0.06865782, 0.7129831, 0.022047663
19739.36161075, 001713, 18.836819, 0.07614931, -14.025903, 0.6994088, -0.06914482, 0.7110171, 0.02238275
19739.378278333, 001714, 18.857212, 0.07489511, -14.026298, 0.7001069, -0.07082129, 0.7101155, 0.023882614
19739.394946208, 001715, 18.878546, 0.07541748, -14.027413, 0.6994195, -0.07230286, 0.71058923, 0.025445232
19739.411614041, 001716, 18.899918, 0.07675683, -14.028653, 0.6983184, -0.07326493, 0.71152425, 0.026772562
19739.428281916, 001717, 18.920767, 0.07858468, -14.029842, 0.69820696, -0.072947755, 0.7116657, 0.0267848
19739.444949666, 001718, 18.941118, 0.08072977, -14.031031, 0.7000006, -0.07333583, 0.7098384, 0.027393868
19739.4616175, 001719, 18.961302, 0.08312379, -14.032355, 0.70277005, -0.07499648, 0.70685506, 0.029078178
19739.478285291, 001720, 18.98166, 0.08568276, -14.033872, 0.70482373, -0.07708521, 0.7044865, 0.03130734
19739.494953, 001721, 19.002556, 0.08703172, -14.034671, 0.7052313, -0.07890029, 0.70376444, 0.03374937
19739.511620916, 001722, 19.023472, 0.089140795, -14.036198, 0.7043204, -0.08010275, 0.70441, 0.036370773
19739.528288625, 001723, 19.044228, 0.091329165, -14.037973, 0.7032085, -0.08077707, 0.7052926, 0.039181195
19739.544956416, 001724, 19.064602, 0.09338716, -14.039789, 0.7029842, -0.081509, 0.70526004, 0.042162463
19739.561624208, 001725, 19.08453, 0.09527744, -14.041582, 0.70393926, -0.08240848, 0.7040378, 0.044821914
19739.578292041, 001726, 19.10411, 0.096916474, -14.043359, 0.7055868, -0.08312316, 0.70216715, 0.04689404
19739.594959833, 001727, 19.12524, 0.097276896, -14.043705, 0.7073057, -0.083101414, 0.70033765, 0.048370946
19739.611627666, 001728, 19.14524, 0.09770497, -14.04504, 0.7086232, -0.082288474, 0.69901943, 0.049534127
19739.628295333, 001729, 19.16505, 0.09777942, -14.046727, 0.70939744, -0.08114575, 0.69830024, 0.050470073
19739.644963333, 001730, 19.184975, 0.09736956, -14.04856, 0.7096549, -0.08005959, 0.6980981, 0.05137455
19739.661631041, 001731, 19.205025, 0.09641567, -14.050432, 0.70959944, -0.07912804, 0.6981831, 0.05241857
19739.678298791, 001732, 19.225105, 0.0949353, -14.052282, 0.7095098, -0.07806129, 0.69833, 0.05326833
19739.694966625, 001733, 19.247154, 0.091471985, -14.055063, 0.7096346, -0.076858394, 0.6982817, 0.053982537
19739.711634375, 001734, 19.267864, 0.08870193, -14.057187, 0.70989317, -0.07569802, 0.6980906, 0.05468857
19739.728302125, 001735, 19.28825, 0.08607214, -14.059117, 0.7099658, -0.07467159, 0.69808334, 0.055246774
19739.744970041, 001736, 19.308657, 0.08339955, -14.060966, 0.7094766, -0.07352156, 0.6986793, 0.055541392
19739.761637875, 001737, 19.32914, 0.08063856, -14.062695, 0.7083953, -0.07206902, 0.6999347, 0.05543892
19739.778305666, 001738, 19.349667, 0.07785327, -14.0643015, 0.7070746, -0.07037088, 0.70149547, 0.054749083
19739.794973416, 001739, 19.372192, 0.0737485, -14.066916, 0.70594686, -0.069012634, 0.70283216, 0.053881027
19739.811641166, 001740, 19.39347, 0.07059816, -14.06874, 0.7049946, -0.06821987, 0.7039166, 0.053197257
19739.828308958, 001741, 19.414484, 0.06780889, -14.0703, 0.7038484, -0.06792515, 0.70511764, 0.05284483
19739.844976791, 001742, 19.435528, 0.06525436, -14.071774, 0.7022032, -0.06792084, 0.70678043, 0.052523907
19739.8616445, 001743, 19.456572, 0.06296573, -14.073225, 0.70036757, -0.06818225, 0.70860547, 0.052102555
19739.878312416, 001744, 19.477474, 0.060980152, -14.0746975, 0.69889355, -0.06789504, 0.71014774, 0.0512655
19739.894980208, 001745, 19.497795, 0.06091587, -14.076295, 0.6982736, -0.066685066, 0.7109331, 0.05040887
19739.911648, 001746, 19.518627, 0.06022705, -14.078043, 0.6976662, -0.06587404, 0.7115713, 0.0508784
19739.928315708, 001747, 19.539927, 0.05976052, -14.079882, 0.6958839, -0.065211035, 0.7133295, 0.051517304
19739.9449835, 001748, 19.561493, 0.059843022, -14.081663, 0.6932366, -0.06506945, 0.71590286, 0.05169082
19739.961651333, 001749, 19.583117, 0.06051038, -14.083325, 0.6905231, -0.066997044, 0.7183012, 0.052273687
19739.978319166, 001750, 19.602459, 0.062421285, -14.085564, 0.68860966, -0.06976328, 0.7198675, 0.05235099
19739.994986958, 001751, 19.622562, 0.06411664, -14.087269, 0.6883918, -0.07222303, 0.7198738, 0.051788945
19740.011654666, 001752, 19.642744, 0.06578327, -14.088922, 0.6894724, -0.0739612, 0.71868163, 0.05151959
19740.028322583, 001753, 19.66314, 0.06738818, -14.090644, 0.690145, -0.074758306, 0.71791625, 0.052030586
19740.044990333, 001754, 19.683964, 0.06890921, -14.092384, 0.68904614, -0.074659154, 0.7189023, 0.053112477
19740.061658125, 001755, 19.705126, 0.07044933, -14.093979, 0.6863762, -0.074574105, 0.72136116, 0.054445725
19740.078325916, 001756, 19.726294, 0.072160006, -14.095302, 0.68348527, -0.07585958, 0.723858, 0.055880703
19740.094993708, 001757, 19.74715, 0.0740475, -14.096282, 0.6813606, -0.078700356, 0.72544634, 0.05728505
19740.111661541, 001758, 19.765358, 0.076572426, -14.098043, 0.6804078, -0.0820335, 0.72586346, 0.058634818
19740.128329333, 001759, 19.784561, 0.07854954, -14.098775, 0.6802656, -0.08499553, 0.7255463, 0.05997435
19740.144997041, 001760, 19.803999, 0.08017539, -14.09907, 0.68021643, -0.087069236, 0.72524285, 0.061215386
19740.161664791, 001761, 19.82362, 0.08151902, -14.099152, 0.6796094, -0.08840651, 0.7255577, 0.062299605
19740.178332708, 001762, 19.843449, 0.08260303, -14.099093, 0.6781879, -0.08922224, 0.72671527, 0.06313086
19740.195000416, 001763, 19.863384, 0.08347764, -14.098902, 0.6763247, -0.089672044, 0.7283751, 0.06335171
19740.211668208, 001764, 19.88437, 0.08501275, -14.097841, 0.6748006, -0.090345584, 0.72973096, 0.06304303
19740.228336125, 001765, 19.904522, 0.08577515, -14.097113, 0.67403245, -0.09131411, 0.7303917, 0.062207427
19740.245003875, 001766, 19.924358, 0.08606923, -14.096443, 0.6740033, -0.09242262, 0.73037285, 0.061098695
19740.261671666, 001767, 19.944193, 0.0859065, -14.095781, 0.6742908, -0.093243785, 0.7300897, 0.060052514
19740.278339416, 001768, 19.964247, 0.085269906, -14.095129, 0.6743339, -0.09348622, 0.7300834, 0.05926353
19740.295007208, 001769, 19.984581, 0.084227934, -14.094464, 0.6738786, -0.09296082, 0.73063207, 0.058501758
19740.311675041, 001770, 20.00792, 0.08043889, -14.093897, 0.6731815, -0.091697715, 0.7315032, 0.057630315
19740.328342833, 001771, 20.02936, 0.07809518, -14.093136, 0.6727087, -0.08978235, 0.7322887, 0.05617081
19740.345010625, 001772, 20.05008, 0.07618595, -14.092222, 0.6729397, -0.087649986, 0.7324757, 0.054303624
19740.361678375, 001773, 20.070427, 0.07442312, -14.091176, 0.67400444, -0.085511714, 0.73190653, 0.052139893
19740.378346125, 001774, 20.090593, 0.07269862, -14.089997, 0.67559725, -0.08343357, 0.73083675, 0.04984721
19740.395014, 001775, 20.110746, 0.07096313, -14.088683, 0.6771192, -0.08151326, 0.7297956, 0.04757598
19740.411681833, 001776, 20.131807, 0.06777943, -14.088231, 0.6781851, -0.07983695, 0.7291245, 0.04547906
19740.428349625, 001777, 20.152264, 0.065627776, -14.086974, 0.6788479, -0.0786072, 0.72877973, 0.043202356
19740.445017375, 001778, 20.172346, 0.06393164, -14.085411, 0.679723, -0.07760865, 0.7282168, 0.040665336
19740.461685208, 001779, 20.192053, 0.06250566, -14.083775, 0.6816183, -0.07668152, 0.7266682, 0.03833717
19740.478352916, 001780, 20.211536, 0.061283283, -14.082206, 0.6845627, -0.075919814, 0.72403705, 0.03715216
19740.495020708, 001781, 20.231041, 0.060324237, -14.080801, 0.6878909, -0.07474724, 0.7209968, 0.037183315
19740.511688625, 001782, 20.251526, 0.058483116, -14.080616, 0.6904795, -0.073819205, 0.7185292, 0.038787767
19740.52835625, 001783, 20.272047, 0.05809546, -14.079866, 0.6912594, -0.072975196, 0.7177301, 0.04121197
19740.545024083, 001784, 20.292505, 0.058673516, -14.078841, 0.6905326, -0.0714547, 0.7184925, 0.042747784
19740.561691916, 001785, 20.312567, 0.059971467, -14.077524, 0.68970746, -0.06987167, 0.71940345, 0.043360747
19740.57835975, 001786, 20.332056, 0.061855897, -14.076022, 0.69002074, -0.06847036, 0.7192648, 0.042909257
19740.595027541, 001787, 20.351187, 0.064108625, -14.07442, 0.69121027, -0.068508096, 0.71811825, 0.042908013
19740.611695291, 001788, 20.369326, 0.06671218, -14.073211, 0.69218266, -0.06972728, 0.7170265, 0.043520745
19740.628363041, 001789, 20.388117, 0.06934321, -14.071766, 0.69212055, -0.071529426, 0.71684784, 0.044516537
19740.645030875, 001790, 20.407106, 0.071948744, -14.070263, 0.6906622, -0.0732635, 0.7179996, 0.045766056
19740.66169875, 001791, 20.425932, 0.074421965, -14.068706, 0.68834305, -0.074418195, 0.72001565, 0.047150124
19740.678366416, 001792, 20.444298, 0.0767144, -14.067009, 0.6860661, -0.074854955, 0.7220605, 0.048359003
19740.69503425, 001793, 20.462086, 0.07879788, -14.065137, 0.68447775, -0.07480648, 0.72351074, 0.04925862
19740.711702, 001794, 20.473963, 0.08075, -14.062109, 0.6839903, -0.07519766, 0.72387177, 0.050121117
19740.728369833, 001795, 20.489258, 0.08252513, -14.059706, 0.68408567, -0.07617784, 0.72362435, 0.050906286
19740.745037666, 001796, 20.505688, 0.08404754, -14.057468, 0.68369526, -0.077158615, 0.7238407, 0.051594026
19740.761705416, 001797, 20.522587, 0.08523314, -14.055233, 0.6820033, -0.07728512, 0.7253951, 0.051966246
19740.77837325, 001798, 20.539616, 0.08608787, -14.052948, 0.6793831, -0.0766481, 0.7279097, 0.052067123
19740.795040958, 001799, 20.556524, 0.08666838, -14.050608, 0.6769017, -0.07574487, 0.73033136, 0.051796947
19740.81170875, 001800, 20.566792, 0.087526284, -14.047378, 0.67529523, -0.07511075, 0.7319171, 0.051301885
19740.828376583, 001801, 20.581308, 0.0877383, -14.044733, 0.67431504, -0.07487505, 0.7328798, 0.050794236
19740.845044416, 001802, 20.5973, 0.087486655, -14.0423565, 0.67323864, -0.074614964, 0.7339066, 0.050629772
19740.86171225, 001803, 20.613966, 0.08689083, -14.040166, 0.6715689, -0.074107654, 0.73548347, 0.050667267
19740.878379916, 001804, 20.631, 0.086052455, -14.038143, 0.66927725, -0.07321532, 0.7376633, 0.05059842
19740.895047791, 001805, 20.64821, 0.08500549, -14.036231, 0.6665828, -0.07166571, 0.74027365, 0.050261293
19740.911715666, 001806, 20.661764, 0.083172835, -14.03273, 0.6638509, -0.069348685, 0.7429741, 0.04982132
19740.928383416, 001807, 20.67795, 0.08164862, -14.030422, 0.6610879, -0.06698781, 0.7456631, 0.04961798
19740.945051125, 001808, 20.695036, 0.080324546, -14.02852, 0.6585051, -0.06507101, 0.74813557, 0.049295057
19740.961718958, 001809, 20.712532, 0.079199955, -14.026757, 0.6560201, -0.06407231, 0.750436, 0.048764803
19740.97838675, 001810, 20.730234, 0.07824848, -14.025082, 0.6535947, -0.06391762, 0.75261223, 0.047993615
19740.995054458, 001811, 20.74802, 0.077399954, -14.023522, 0.6515387, -0.06423395, 0.75442064, 0.04712475
19741.01172225, 001812, 20.766083, 0.075585455, -14.022909, 0.6501906, -0.064258955, 0.75562817, 0.046358477
19741.028390083, 001813, 20.783955, 0.074470095, -14.022026, 0.6494107, -0.06346126, 0.7564341, 0.045229387
19741.045057833, 001814, 20.801985, 0.073642716, -14.021231, 0.64886796, -0.06253864, 0.75700355, 0.044775914
19741.061725708, 001815, 20.820444, 0.07312894, -14.020636, 0.6478991, -0.06191866, 0.75787836, 0.044869512
19741.0783935, 001816, 20.839394, 0.07306813, -14.020235, 0.64596397, -0.061857678, 0.7595302, 0.04492196
19741.095061166, 001817, 20.85867, 0.07349795, -14.020016, 0.643636, -0.06250653, 0.7614627, 0.044721875
19741.111729125, 001818, 20.879374, 0.07429771, -14.020482, 0.6416487, -0.064225174, 0.7629917, 0.04478359
19741.128396791, 001819, 20.89915, 0.07535257, -14.020783, 0.64029473, -0.06598261, 0.7639861, 0.044656336
19741.145064541, 001820, 20.91835, 0.07656153, -14.021095, 0.6401418, -0.06671116, 0.76411796, 0.04349565
19741.161732333, 001821, 20.93725, 0.07789551, -14.021531, 0.64151853, -0.06715148, 0.7630063, 0.042023625
19741.178400208, 001822, 20.956284, 0.07924717, -14.022158, 0.6431556, -0.06761365, 0.7616268, 0.041278157
19741.195068, 001823, 20.975714, 0.08054823, -14.022905, 0.6439202, -0.068156265, 0.76091766, 0.04154337
19741.211735833, 001824, 20.996477, 0.081192605, -14.025152, 0.6433909, -0.06904698, 0.7612308, 0.042522278
19741.228403625, 001825, 21.016851, 0.08233714, -14.026309, 0.6419412, -0.07078516, 0.76222247, 0.043790787
19741.245071291, 001826, 21.036945, 0.083699375, -14.027052, 0.64072376, -0.07337293, 0.7629112, 0.04534219
19741.261739208, 001827, 21.05666, 0.0850338, -14.027599, 0.6404669, -0.07616295, 0.7627188, 0.047551733
19741.278406958, 001828, 21.07603, 0.086220704, -14.028024, 0.6412807, -0.078626834, 0.76160014, 0.050417744
19741.295074791, 001829, 21.09732, 0.087398954, -14.028928, 0.642558, -0.080594614, 0.7601152, 0.053372543
19741.311742583, 001830, 21.11928, 0.088481426, -14.029847, 0.6434584, -0.08207967, 0.75899726, 0.056099642
19741.328410291, 001831, 21.1398, 0.089281544, -14.030075, 0.6432928, -0.0829499, 0.7588599, 0.058526147
19741.345078166, 001832, 21.160007, 0.08982337, -14.029924, 0.6420964, -0.082931064, 0.75972384, 0.060450304
19741.361745875, 001833, 21.180086, 0.09015377, -14.029491, 0.64049625, -0.08233958, 0.76103294, 0.06175341
19741.378413625, 001834, 21.19994, 0.09036127, -14.02883, 0.63940704, -0.08160473, 0.762001, 0.062077485
19741.3950815, 001835, 21.219494, 0.09048058, -14.027989, 0.639436, -0.08122493, 0.76206726, 0.06146207
19741.41174925, 001836, 21.247183, 0.08928405, -14.025395, 0.64058447, -0.08110084, 0.7612158, 0.06020446
19741.428417041, 001837, 21.269207, 0.08850701, -14.023769, 0.6420914, -0.08071608, 0.7600993, 0.058757637
19741.44508475, 001838, 21.289751, 0.08755309, -14.022406, 0.64300466, -0.07993748, 0.7595072, 0.057478912
19741.461752708, 001839, 21.31017, 0.08632113, -14.021115, 0.6430091, -0.07891537, 0.7596872, 0.05645277
19741.478420458, 001840, 21.330774, 0.08489358, -14.01988, 0.6425811, -0.07793821, 0.760213, 0.055599682
19741.495088166, 001841, 21.354893, 0.083290674, -14.0187235, 0.6425444, -0.07672229, 0.76044333, 0.05455478
19741.511755916, 001842, 21.379585, 0.08155153, -14.017576, 0.6435768, -0.07486581, 0.75983196, 0.0534734
19741.528423791, 001843, 21.40132, 0.07974078, -14.016409, 0.6455703, -0.072507605, 0.75841844, 0.05275457
19741.5450915, 001844, 21.422237, 0.07792662, -14.015234, 0.64780384, -0.070086434, 0.7567623, 0.05242896
19741.561759333, 001845, 21.443071, 0.07624443, -14.014007, 0.6495886, -0.06797002, 0.7554353, 0.05227026
19741.578427083, 001846, 21.463953, 0.0748302, -14.012692, 0.6508611, -0.06619948, 0.7545296, 0.0517921
19741.595094916, 001847, 21.484745, 0.073752895, -14.0113, 0.6522437, -0.0648755, 0.75350934, 0.05092048
19741.61176275, 001848, 21.509487, 0.07378659, -14.008469, 0.65442157, -0.063894235, 0.75177276, 0.04987535
19741.628430458, 001849, 21.531204, 0.07358898, -14.006512, 0.65738785, -0.06304209, 0.74928796, 0.049337946
19741.64509825, 001850, 21.55205, 0.07357184, -14.004828, 0.6603836, -0.06232552, 0.74670595, 0.049386784
19741.661766, 001851, 21.572811, 0.074025296, -14.003275, 0.662875, -0.062052224, 0.7444994, 0.049665783
19741.678433875, 001852, 21.593828, 0.07508217, -14.001862, 0.6643558, -0.062811516, 0.7430665, 0.05038068
19741.695101666, 001853, 21.615038, 0.07667211, -14.000548, 0.66451776, -0.06381213, 0.7427699, 0.051352467
19741.711769375, 001854, 21.637636, 0.07752987, -13.99948, 0.66393465, -0.06379238, 0.7432671, 0.051723227
19741.72843725, 001855, 21.658693, 0.07944081, -13.998195, 0.66387165, -0.06260019, 0.74344945, 0.051366787
19741.745105, 001856, 21.678938, 0.08179865, -13.996939, 0.66529363, -0.061476633, 0.7422867, 0.0511408
19741.761772833, 001857, 21.698872, 0.08434987, -13.995824, 0.6679964, -0.06186704, 0.73976403, 0.051984604
19741.7784405, 001858, 21.718834, 0.08698559, -13.994847, 0.67083776, -0.063499585, 0.7369428, 0.053476855
19741.795108375, 001859, 21.739058, 0.08962988, -13.993992, 0.67257005, -0.065711066, 0.73504126, 0.055187576
19741.811776208, 001860, 21.759256, 0.09130494, -13.993527, 0.67270225, -0.06823839, 0.73453933, 0.05715863
19741.828444, 001861, 21.779713, 0.09338266, -13.992937, 0.67169905, -0.07027644, 0.7351014, 0.059223805
19741.84511175, 001862, 21.799938, 0.09541563, -13.992273, 0.67087555, -0.07205318, 0.7355247, 0.061136853
19741.861779458, 001863, 21.819721, 0.09728522, -13.991559, 0.67128813, -0.074277684, 0.7347845, 0.062823534
19741.878447333, 001864, 21.839111, 0.09890273, -13.990838, 0.67306936, -0.07723413, 0.7327229, 0.064260095
19741.895115125, 001865, 21.856361, 0.09985072, -13.989511, 0.67553854, -0.08046703, 0.72997695, 0.065621816
19741.911782833, 001866, 21.873405, 0.100238636, -13.988205, 0.67771304, -0.08304326, 0.7275377, 0.0670646
19741.928450666, 001867, 21.892067, 0.10028614, -13.987549, 0.67899704, -0.08449798, 0.72603273, 0.06855202
19741.945118416, 001868, 21.91129, 0.09985051, -13.987139, 0.6793585, -0.08435926, 0.7256087, 0.069623694
19741.96178625, 001869, 21.930702, 0.098911405, -13.986825, 0.679185, -0.0830082, 0.7258397, 0.070527695
19741.978454, 001870, 21.950163, 0.09756309, -13.986523, 0.678905, -0.081341855, 0.72620285, 0.07142069
19741.995121875, 001871, 21.969631, 0.09594651, -13.986152, 0.67866, -0.07993433, 0.72651815, 0.07212758
19742.011789625, 001872, 21.98253, 0.093012795, -13.986164, 0.6784847, -0.078848444, 0.72677284, 0.07240602
19742.028457375, 001873, 21.999903, 0.09073318, -13.9857, 0.67825115, -0.07777569, 0.7271162, 0.07230617
19742.045125208, 001874, 22.018759, 0.08857694, -13.984958, 0.67764294, -0.076563105, 0.7278475, 0.07194485
19742.061793, 001875, 22.038195, 0.08639328, -13.983979, 0.67639, -0.075101, 0.7292252, 0.071322955
19742.078460708, 001876, 22.057953, 0.084164985, -13.982793, 0.6743611, -0.07325909, 0.73137957, 0.07038556
19742.095128583, 001877, 22.07434, 0.08158513, -13.981812, 0.6717513, -0.07127881, 0.7340758, 0.06929735
19742.111796333, 001878, 22.09052, 0.07901967, -13.980689, 0.6687395, -0.069744416, 0.73705715, 0.068337195
19742.128464083, 001879, 22.1094, 0.07689408, -13.979076, 0.66546834, -0.0692281, 0.7401426, 0.06744145
19742.145131916, 001880, 22.129038, 0.0751385, -13.977192, 0.66190696, -0.069517426, 0.74341017, 0.066239946
19742.161799708, 001881, 22.148705, 0.073715225, -13.975089, 0.65809554, -0.07002121, 0.7468743, 0.06469935
19742.178467375, 001882, 22.168032, 0.072644226, -13.972864, 0.65454614, -0.06959868, 0.75020987, 0.06253329
19742.19513525, 001883, 22.187008, 0.0719318, -13.970567, 0.65157336, -0.068505004, 0.7530589, 0.06050946
19742.211803, 001884, 22.204157, 0.07023599, -13.968733, 0.6482091, -0.06708644, 0.7561888, 0.059184987
19742.228470833, 001885, 22.222324, 0.06982803, -13.96622, 0.64384484, -0.06463108, 0.760258, 0.057395894
19742.245138625, 001886, 22.240908, 0.07017943, -13.96329, 0.6387899, -0.06285464, 0.7647508, 0.05615067
19742.261806333, 001887, 22.259829, 0.07112901, -13.960061, 0.6325771, -0.06345521, 0.76986456, 0.055927455
19742.278474125, 001888, 22.276648, 0.07289314, -13.95786, 0.62582016, -0.06597096, 0.7752196, 0.055057753
19742.295141875, 001889, 22.294281, 0.07503263, -13.954523, 0.6202247, -0.06940453, 0.77955395, 0.0529137
19742.311809791, 001890, 22.311615, 0.07730896, -13.950854, 0.6167333, -0.0732068, 0.7820912, 0.05112781
19742.328477541, 001891, 22.328592, 0.07943343, -13.947158, 0.6145415, -0.07617418, 0.78356355, 0.050639335
19742.345145333, 001892, 22.345541, 0.08129066, -13.943407, 0.611861, -0.07797288, 0.78542244, 0.051553745
19742.361813083, 001893, 22.362768, 0.0830221, -13.939458, 0.6073186, -0.079835124, 0.7886249, 0.05349008
19742.378480791, 001894, 22.380177, 0.084854655, -13.9352255, 0.60104764, -0.08224971, 0.7930642, 0.055007678
19742.395148708, 001895, 22.397402, 0.08676329, -13.930706, 0.5944301, -0.08508548, 0.7976871, 0.05575459
19742.411816416, 001896, 22.410435, 0.087631956, -13.926096, 0.5887435, -0.08792428, 0.80154735, 0.05632181
19742.428484208, 001897, 22.425486, 0.088847555, -13.921197, 0.5841539, -0.090331085, 0.8045787, 0.057075635
19742.445152, 001898, 22.440992, 0.08999872, -13.916109, 0.5802328, -0.09202006, 0.80717075, 0.057770688
19742.461819833, 001899, 22.456612, 0.09098214, -13.910773, 0.57604265, -0.09334019, 0.80997473, 0.058338013
19742.478487666, 001900, 22.472286, 0.09187127, -13.905114, 0.57105434, -0.09437276, 0.81340945, 0.057928503
19742.495155416, 001901, 22.48787, 0.092710555, -13.898675, 0.5656528, -0.09580791, 0.81710535, 0.056536805
19742.511823125, 001902, 22.503363, 0.09336169, -13.891909, 0.5604633, -0.09768496, 0.8205844, 0.05458512
19742.528490958, 001903, 22.518822, 0.09366732, -13.88519, 0.5556027, -0.099661656, 0.8237677, 0.0527225
19742.545158708, 001904, 22.534237, 0.09357, -13.878396, 0.5510778, -0.10086994, 0.8267686, 0.050913308
19742.561826625, 001905, 22.549648, 0.09297389, -13.87147, 0.54690456, -0.10175866, 0.82947075, 0.05018514
19742.57849425, 001906, 22.56505, 0.09193406, -13.864404, 0.54270476, -0.10136543, 0.83229464, 0.04982196
19742.595162041, 001907, 22.58043, 0.09067611, -13.857152, 0.538448, -0.099626094, 0.83531964, 0.048880495
19742.611829875, 001908, 22.594442, 0.090043746, -13.84777, 0.53429216, -0.098242566, 0.83820283, 0.04791573
19742.628497708, 001909, 22.60951, 0.0888566, -13.839364, 0.53017914, -0.09738858, 0.8409623, 0.046988573
19742.645165416, 001910, 22.624949, 0.087441206, -13.831085, 0.52618456, -0.0970497, 0.84354997, 0.046199065
19742.661833208, 001911, 22.640509, 0.08588783, -13.82268, 0.5221865, -0.097049005, 0.8460648, 0.045571577
19742.678501083, 001912, 22.65865, 0.08412786, -13.815689, 0.5183138, -0.097024634, 0.8484888, 0.04475907
19742.695168791, 001913, 22.674908, 0.08242217, -13.807578, 0.51479304, -0.096615605, 0.8507274, 0.043776106
19742.7118365, 001914, 22.690422, 0.080607004, -13.799051, 0.51166326, -0.09634107, 0.8526492, 0.043686513
19742.728504375, 001915, 22.705557, 0.07870926, -13.790357, 0.50865376, -0.0959705, 0.8544561, 0.04433587
19742.745172041, 001916, 22.720404, 0.076872945, -13.7816, 0.5057691, -0.09513864, 0.8562226, 0.0450423
19742.761839958, 001917, 22.73494, 0.07517904, -13.772807, 0.5033676, -0.09384156, 0.8577406, 0.04577994
19742.77850775, 001918, 22.749245, 0.07365842, -13.763981, 0.5014849, -0.09210583, 0.858977, 0.04677578
19742.795175458, 001919, 22.76348, 0.07243979, -13.7551, 0.50030386, -0.09078598, 0.8597332, 0.048090633
19742.811843333, 001920, 22.787834, 0.0702705, -13.748343, -0.4990377, 0.09151028, -0.86027145, -0.050201733
19742.828511041, 001921, 22.805746, 0.069431484, -13.739908, -0.49628526, 0.09435654, -0.8613828, -0.053079188
19742.845178875, 001922, 22.821459, 0.0692035, -13.730844, -0.49177483, 0.09654969, -0.8635556, -0.055743296
19742.861846625, 001923, 22.83608, 0.06930852, -13.721579, -0.48669693, 0.097139105, -0.86621594, -0.057964887
19742.8785145, 001924, 22.849966, 0.069775775, -13.712312, -0.4825075, 0.09677755, -0.86851215, -0.059222158
19742.895182166, 001925, 22.866905, 0.07041692, -13.703187, -0.47970322, 0.09779801, -0.8699095, -0.059814353
19742.911849916, 001926, 22.883663, 0.07145501, -13.694077, -0.47751856, 0.100920275, -0.8707299, -0.06017049
19742.928517791, 001927, 22.898235, 0.072950736, -13.684892, -0.4747926, 0.1050145, -0.8717228, -0.060358986
19742.9451855, 001928, 22.912104, 0.074578, -13.6757145, -0.47086444, 0.10856525, -0.8733957, -0.060663674
19742.961853333, 001929, 22.925556, 0.07614974, -13.666605, -0.46623173, 0.110702805, -0.87557894, -0.06110923
19742.978521125, 001930, 22.938622, 0.07763547, -13.657618, -0.46210212, 0.11209275, -0.8775591, -0.061537087
19742.995188958, 001931, 22.95459, 0.07824676, -13.648675, -0.45924112, 0.113885716, -0.87881166, -0.061787795
19743.01185675, 001932, 22.970228, 0.0787178, -13.63983, -0.45744455, 0.11616529, -0.8794625, -0.06161072
19743.0285245, 001933, 22.983717, 0.07939365, -13.631073, -0.45591584, 0.118117735, -0.880031, -0.061108578
19743.045192208, 001934, 22.996569, 0.07980079, -13.62238, -0.45405003, 0.11901908, -0.880916, -0.06049821
19743.061860083, 001935, 23.009308, 0.07978293, -13.613752, -0.45187283, 0.119087264, -0.88205796, -0.060023807
19743.078527791, 001936, 23.022127, 0.0792701, -13.605133, -0.44954923, 0.11900839, -0.88325334, -0.06005001
19743.095195541, 001937, 23.038128, 0.07756208, -13.596486, -0.4469294, 0.1190213, -0.88454664, -0.060540885
19743.111863416, 001938, 23.054163, 0.07549221, -13.587744, -0.44398436, 0.11928202, -0.88595575, -0.0610906
19743.128531166, 001939, 23.06841, 0.073625356, -13.578871, -0.44099665, 0.11991676, -0.8873397, -0.061400764
19743.145198958, 001940, 23.082106, 0.07174528, -13.569932, -0.43833035, 0.12084501, -0.8885273, -0.061500367
19743.161866791, 001941, 23.09557, 0.06977768, -13.560955, -0.43607354, 0.12153215, -0.8895448, -0.061480418
19743.178534458, 001942, 23.10896, 0.06770232, -13.551914, -0.4340395, 0.12182139, -0.8904976, -0.06150805
19743.195202375, 001943, 23.122414, 0.06554603, -13.542718, -0.43169117, 0.1219617, -0.891613, -0.061598398
19743.211870041, 001944, 23.136723, 0.06234643, -13.534322, -0.42866406, 0.12182456, -0.89310193, -0.061439935
19743.228537916, 001945, 23.15066, 0.059886284, -13.525072, -0.425135, 0.12152477, -0.89486074, -0.0609603
19743.245205583, 001946, 23.164423, 0.057697188, -13.515469, -0.42180213, 0.12098509, -0.8965628, -0.060171857
19743.261873416, 001947, 23.178068, 0.055627268, -13.505706, -0.41904935, 0.1203256, -0.8980019, -0.05926016
19743.278541208, 001948, 23.191393, 0.053902306, -13.496139, -0.41683143, 0.11975462, -0.89917195, -0.058311027
19743.295209, 001949, 23.204906, 0.052100122, -13.486265, -0.41485515, 0.11979031, -0.90014154, -0.057364408
19743.311876708, 001950, 23.218533, 0.05038047, -13.476216, -0.41289234, 0.12042947, -0.9010307, -0.05621554
19743.3285445, 001951, 23.232224, 0.04880165, -13.466076, -0.4110235, 0.12150434, -0.9018207, -0.054915607
19743.345212333, 001952, 23.246014, 0.04738999, -13.455918, -0.4094464, 0.122618705, -0.9024538, -0.053808846
19743.361880125, 001953, 23.26004, 0.04617296, -13.44571, -0.4076222, 0.12414652, -0.90309364, -0.05341985
19743.378547833, 001954, 23.274332, 0.045263458, -13.435424, -0.4051509, 0.12571853, -0.90398175, -0.05352213
19743.395215708, 001955, 23.288834, 0.044735022, -13.425037, -0.4017381, 0.12756373, -0.9052208, -0.05393658
19743.411883458, 001956, 23.304363, 0.044590518, -13.415322, -0.39729872, 0.13070585, -0.90666324, -0.055058822
19743.42855125, 001957, 23.318941, 0.044747353, -13.405158, -0.39283594, 0.13419868, -0.9080636, -0.055597667
19743.445219, 001958, 23.332891, 0.045396898, -13.395145, -0.39001915, 0.13765143, -0.90880764, -0.05482555
19743.46188675, 001959, 23.346478, 0.046453245, -13.385517, -0.38947615, 0.14146276, -0.90852195, -0.053707656
19743.478554541, 001960, 23.361977, 0.048199065, -13.37587, -0.3902291, 0.1447365, -0.90769297, -0.0535353
19743.495222291, 001961, 23.376263, 0.049501095, -13.366716, -0.39057812, 0.14666522, -0.90714943, -0.054935012
19743.511890125, 001962, 23.39023, 0.050717987, -13.357628, -0.38961753, 0.14754736, -0.9072997, -0.056878924
19743.528558, 001963, 23.403963, 0.052121315, -13.348519, -0.38835368, 0.14781156, -0.9077203, -0.058111344
19743.545225666, 001964, 23.41736, 0.053650405, -13.339402, -0.38815022, 0.14842775, -0.9076579, -0.058869574
19743.5618935, 001965, 23.430445, 0.05515116, -13.3302145, -0.38912755, 0.14963363, -0.9070002, -0.059499696
19743.578561166, 001966, 23.44341, 0.05655435, -13.320843, -0.39036858, 0.15145344, -0.90612924, -0.060033094
19743.595229, 001967, 23.456383, 0.057830952, -13.311252, -0.3909264, 0.15310928, -0.9055981, -0.060217977
19743.611896833, 001968, 23.470827, 0.05861542, -13.299972, -0.39074764, 0.15378553, -0.9055737, -0.060020868
19743.628564583, 001969, 23.484129, 0.05931209, -13.2896385, -0.39056566, 0.1535952, -0.9057022, -0.05975388
19743.645232333, 001970, 23.49697, 0.059783444, -13.2796, -0.3911537, 0.15317228, -0.90553993, -0.059450477
19743.661900166, 001971, 23.509613, 0.059995003, -13.269586, -0.3926115, 0.15304379, -0.9049548, -0.059081577
19743.678567958, 001972, 23.52222, 0.059913952, -13.259434, -0.39426938, 0.1529451, -0.9042787, -0.058647577
19743.695235666, 001973, 23.534853, 0.059509963, -13.249068, -0.39564762, 0.15237302, -0.90380186, -0.058203142
19743.711903541, 001974, 23.549963, 0.058910456, -13.2378235, -0.3969378, 0.1514348, -0.9034042, -0.05804175
19743.728571333, 001975, 23.563494, 0.05799347, -13.226849, -0.39846158, 0.15039456, -0.90290195, -0.058119293
19743.745239083, 001976, 23.576532, 0.056904335, -13.215852, -0.4004099, 0.14928545, -0.90221757, -0.05821624
19743.761906875, 001977, 23.589403, 0.055716615, -13.204712, -0.40264508, 0.14819555, -0.90140074, -0.05823818
19743.778574541, 001978, 23.602245, 0.054474432, -13.193402, -0.4048641, 0.14688183, -0.9006333, -0.058055643
19743.795242333, 001979, 23.615116, 0.05318875, -13.181967, -0.4070273, 0.14522666, -0.89994264, -0.05780254
19743.811910208, 001980, 23.629858, 0.051715232, -13.169832, -0.40962136, 0.14311954, -0.8990972, -0.05789113
19743.828577916, 001981, 23.643297, 0.050323997, -13.158205, -0.41292724, 0.1407427, -0.8979348, -0.05827274
19743.84524575, 001982, 23.656271, 0.048966687, -13.14674, -0.41671664, 0.13788866, -0.89658934, -0.058834206
19743.861913541, 001983, 23.669073, 0.047681093, -13.135238, -0.42044827, 0.13480514, -0.8952875, -0.059253607
19743.878581333, 001984, 23.682283, 0.04664383, -13.123096, -0.42396626, 0.1320216, -0.8940377, -0.059324622
19743.895249125, 001985, 23.695164, 0.045718648, -13.111256, -0.42762217, 0.12984318, -0.892626, -0.059150897
19743.911916875, 001986, 23.70786, 0.044927612, -13.099565, -0.43179205, 0.12820034, -0.8908732, -0.058865834
19743.928584708, 001987, 23.720354, 0.04426143, -13.088064, -0.43702465, 0.12643383, -0.8885948, -0.058507897
19743.945252416, 001988, 23.732635, 0.043658264, -13.07679, -0.44356635, 0.123920865, -0.8857071, -0.05844164
19743.961920208, 001989, 23.744892, 0.043050796, -13.065679, -0.45095772, 0.12097638, -0.8823178, -0.059305385
19743.978587958, 001990, 23.757727, 0.0418069, -13.054004, -0.45834184, 0.116840824, -0.8789864, -0.060447376
19743.995255791, 001991, 23.770706, 0.041329794, -13.042681, -0.4653242, 0.11305911, -0.8757088, -0.061846808
19744.011923541, 001992, 23.784203, 0.041336484, -13.031319, -0.47073925, 0.111860484, -0.87279177, -0.06423624
19744.028591333, 001993, 23.798056, 0.041750953, -13.019838, -0.47396073, 0.11353614, -0.8706007, -0.06726874
19744.045259166, 001994, 23.811655, 0.04256309, -13.008529, -0.47630388, 0.11430709, -0.8691075, -0.06870694
19744.061926916, 001995, 23.824589, 0.043550752, -12.997634, -0.4800768, 0.11338829, -0.86712664, -0.06899777
19744.078594583, 001996, 23.837353, 0.04412626, -12.986722, -0.48614526, 0.11195214, -0.8638528, -0.06991242
19744.095262416, 001997, 23.849724, 0.044745494, -12.976559, -0.4932763, 0.11079019, -0.8598002, -0.0717471
19744.111930208, 001998, 23.862453, 0.045396216, -12.966693, -0.49900562, 0.11139995, -0.85616356, -0.074614674
19744.128597958, 001999, 23.875797, 0.0462282, -12.956934, 0.50175107, -0.113905154, 0.853953, 0.07768937
19744.14526575, 002000, 23.889374, 0.047331773, -12.947261, 0.5021295, -0.116866045, 0.8531578, 0.07956173
19744.161933583, 002001, 23.902578, 0.04863213, -12.937728, 0.50271857, -0.12019866, 0.8522901, 0.080173954
19744.178601291, 002002, 23.916042, 0.04920665, -12.927493, 0.50585973, -0.12398013, 0.84992176, 0.07979802
19744.195269166, 002003, 23.928288, 0.05004739, -12.918172, 0.51200426, -0.1282549, 0.84559757, 0.07979428
19744.211936958, 002004, 23.940216, 0.050604742, -12.909272, 0.51908726, -0.13203435, 0.84061337, 0.0805262
19744.228604708, 002005, 23.952482, 0.050690915, -12.900557, 0.5245398, -0.13448946, 0.83669204, 0.08195673
19744.2452725, 002006, 23.965263, 0.050332323, -12.8919115, 0.527362, -0.13546816, 0.8345975, 0.08357382
19744.26194025, 002007, 23.978386, 0.04961811, -12.883355, 0.52845335, -0.13508932, 0.83383006, 0.084943295
19744.278607958, 002008, 23.99585, 0.047538165, -12.872609, 0.52958417, -0.13399868, 0.83314276, 0.0863592
19744.295275791, 002009, 24.010221, 0.045891102, -12.863616, 0.53200334, -0.13307194, 0.8315916, 0.087860934
19744.311943583, 002010, 24.02354, 0.044283364, -12.855222, 0.5354927, -0.13260776, 0.82927793, 0.08922259
19744.328611333, 002011, 24.036623, 0.042645507, -12.846974, 0.5389531, -0.1325956, 0.82694435, 0.09006175
19744.345279083, 002012, 24.04986, 0.040969506, -12.838747, 0.54152673, -0.13261288, 0.82525176, 0.09012128
19744.361946958, 002013, 24.063412, 0.0392168, -12.830553, 0.5430589, -0.13238198, 0.8243347, 0.08963467
19744.378614625, 002014, 24.080631, 0.03685379, -12.821626, 0.543938, -0.1317051, 0.8239219, 0.08909397
19744.395282541, 002015, 24.095749, 0.034661435, -12.813355, 0.5447607, -0.13050687, 0.8236161, 0.088657096
19744.411950208, 002016, 24.110235, 0.03246765, -12.805369, 0.5459468, -0.12895559, 0.8231043, 0.08838383
19744.428618041, 002017, 24.1246, 0.030252855, -12.797547, 0.547411, -0.1273843, 0.82237273, 0.0884159
19744.445285791, 002018, 24.139065, 0.028042775, -12.789827, 0.5486229, -0.12582764, 0.8217756, 0.08868489
19744.461953583, 002019, 24.153671, 0.025890816, -12.782199, 0.54930234, -0.1241721, 0.8215461, 0.08893963
19744.478621416, 002020, 24.170149, 0.022294972, -12.775053, 0.54967517, -0.12234841, 0.8215587, 0.08904688
19744.495289166, 002021, 24.185417, 0.019796196, -12.7678585, 0.5504477, -0.12062048, 0.82126415, 0.08934917
19744.511956875, 002022, 24.200317, 0.017729986, -12.760797, 0.55187505, -0.11890027, 0.8204743, 0.09010333
19744.52862475, 002023, 24.215279, 0.01597016, -12.753878, 0.55326265, -0.11747308, 0.8195997, 0.09141466
19744.545292416, 002024, 24.230423, 0.014575373, -12.747097, 0.5541905, -0.115752704, 0.81908894, 0.09255951
19744.561960291, 002025, 24.24571, 0.013635904, -12.740428, 0.55516076, -0.114186235, 0.81852525, 0.09367085
19744.578627958, 002026, 24.26125, 0.01326333, -12.733941, 0.55639404, -0.11402919, 0.8175384, 0.095151275
19744.595295875, 002027, 24.277021, 0.013403878, -12.727627, 0.55728465, -0.11537047, 0.8165292, 0.09697075
19744.611963666, 002028, 24.29545, 0.013704676, -12.721412, 0.55790126, -0.11650492, 0.81581026, 0.098114274
19744.628631333, 002029, 24.311607, 0.014576741, -12.715398, 0.55920094, -0.116972744, 0.8148476, 0.09815818
19744.645299208, 002030, 24.326792, 0.015771557, -12.709646, 0.561679, -0.11760055, 0.81306785, 0.098017514
19744.661966875, 002031, 24.34158, 0.01703867, -12.704107, 0.56453395, -0.11818465, 0.81095815, 0.09838932
19744.678634708, 002032, 24.356987, 0.01673748, -12.699894, 0.56630015, -0.119069315, 0.8094475, 0.09960591
19744.6953025, 002033, 24.37199, 0.017661594, -12.694918, 0.5667006, -0.12014899, 0.8088865, 0.10058381
19744.71197025, 002034, 24.38661, 0.019179441, -12.689725, 0.5668271, -0.121483795, 0.8085725, 0.10079209
19744.728637958, 002035, 24.40072, 0.020925865, -12.684521, 0.56800216, -0.1232554, 0.8074749, 0.1008259
19744.745305833, 002036, 24.414371, 0.022653874, -12.679347, 0.5703882, -0.12518953, 0.80546296, 0.10106504
19744.761973666, 002037, 24.427824, 0.024264615, -12.674189, 0.57321554, -0.12708978, 0.8031125, 0.101402335
19744.778641333, 002038, 24.445637, 0.025187656, -12.667579, 0.5755847, -0.12873736, 0.8011262, 0.10161485
19744.795309166, 002039, 24.460684, 0.026275951, -12.661916, 0.57696825, -0.12952456, 0.8000191, 0.10149104
19744.811976916, 002040, 24.474958, 0.027270108, -12.656566, 0.5777261, -0.12971967, 0.799485, 0.101137675
19744.828644791, 002041, 24.488972, 0.028099414, -12.651358, 0.5786295, -0.12984666, 0.79885817, 0.10076353
19744.8453125, 002042, 24.502832, 0.028749596, -12.646227, 0.58016455, -0.1300934, 0.7977607, 0.10031239
19744.861980166, 002043, 24.51663, 0.029195182, -12.641158, 0.58227426, -0.13030604, 0.7962581, 0.09974995
19744.878648, 002044, 24.53362, 0.029263657, -12.633521, 0.58462125, -0.13037801, 0.79458153, 0.09929505
19744.895315791, 002045, 24.54855, 0.029095294, -12.627699, 0.5868923, -0.1299704, 0.79299426, 0.099121444
19744.911983541, 002046, 24.562906, 0.028601449, -12.622442, 0.5889526, -0.12896816, 0.79160273, 0.09933349
19744.928651333, 002047, 24.577173, 0.027839087, -12.61733, 0.59085214, -0.12765858, 0.79033613, 0.09982905
19744.945319208, 002048, 24.591509, 0.026935194, -12.612227, 0.5926905, -0.12626371, 0.7891254, 0.10028273
19744.961986958, 002049, 24.605942, 0.025985979, -12.607112, 0.59466046, -0.1251563, 0.78777164, 0.10065126
19744.978654666, 002050, 24.62398, 0.024223048, -12.601038, 0.5968166, -0.12418893, 0.7862786, 0.10076193
19744.9953225, 002051, 24.639587, 0.022994261, -12.595554, 0.59940195, -0.12324506, 0.7844666, 0.10069664
19745.011990166, 002052, 24.654423, 0.021901961, -12.59022, 0.6022336, -0.12206302, 0.78248525, 0.10065879
19745.028658125, 002053, 24.669004, 0.020869646, -12.584888, 0.60513294, -0.120696805, 0.7804695, 0.10056681
19745.045325875, 002054, 24.683517, 0.019952409, -12.579507, 0.6079718, -0.119346105, 0.77851933, 0.10017071
19745.061993541, 002055, 24.698015, 0.019185841, -12.574061, 0.6106842, -0.118201196, 0.7766634, 0.099433854
19745.078661333, 002056, 24.71497, 0.018693622, -12.57065, 0.61325246, -0.11704252, 0.7749424, 0.09842067
19745.095329083, 002057, 24.729979, 0.018194031, -12.565804, 0.6161056, -0.115972124, 0.7729834, 0.097268395
19745.111996916, 002058, 24.74415, 0.017765425, -12.560531, 0.619474, -0.114813924, 0.77061945, 0.0959959
19745.128664666, 002059, 24.75781, 0.017487954, -12.555243, 0.62383777, -0.113198005, 0.76754, 0.094312206
19745.145332458, 002060, 24.771189, 0.017354976, -12.550094, 0.62918115, -0.11125413, 0.7636461, 0.092725955
19745.162000291, 002061, 24.784588, 0.017315425, -12.545124, 0.63499194, -0.10912533, 0.75921965, 0.09199122
19745.178667958, 002062, 24.79999, 0.016744249, -12.540708, 0.6401056, -0.108039685, 0.75490683, 0.093315855
19745.195335791, 002063, 24.815102, 0.016875084, -12.536204, 0.6429427, -0.108342946, 0.75208145, 0.0962286
19745.212003583, 002064, 24.830282, 0.017609615, -12.531566, 0.6433769, -0.10903142, 0.7513383, 0.0983311
19745.228671375, 002065, 24.845055, 0.018911485, -12.526792, 0.64372593, -0.10909207, 0.751063, 0.098082855
19745.245339083, 002066, 24.859106, 0.020521011, -12.522091, 0.6464261, -0.108912915, 0.74893445, 0.09679089
19745.262006833, 002067, 24.872643, 0.022072636, -12.517598, 0.6515191, -0.10870449, 0.74462277, 0.09614015
19745.278674625, 002068, 24.88628, 0.023556788, -12.513448, 0.6567707, -0.108465664, 0.7399861, 0.09647728
19745.295342416, 002069, 24.900503, 0.02480188, -12.5095415, 0.659902, -0.10827577, 0.7371033, 0.097388335
19745.312010166, 002070, 24.915442, 0.025970872, -12.505873, 0.66009825, -0.1087819, 0.73669, 0.09861284
19745.328678083, 002071, 24.930696, 0.027123306, -12.502355, 0.65828156, -0.10943989, 0.738096, 0.099511616
19745.345345708, 002072, 24.945633, 0.028212596, -12.4989, 0.6566307, -0.109974675, 0.7394032, 0.10012217
19745.362013583, 002073, 24.959894, 0.029127445, -12.495457, 0.65677136, -0.110389896, 0.7391481, 0.10062571
19745.378681333, 002074, 24.973549, 0.02979086, -12.492053, 0.6591199, -0.11151951, 0.7367528, 0.10158525
19745.395349125, 002075, 24.986996, 0.030182116, -12.488758, 0.6626126, -0.113489546, 0.73312944, 0.102887034
19745.412016916, 002076, 25.002562, 0.030661747, -12.482238, 0.665357, -0.11483749, 0.7302791, 0.10394578
19745.428684708, 002077, 25.017208, 0.030386705, -12.478158, 0.6663477, -0.11474668, 0.7292347, 0.10502688
19745.445352416, 002078, 25.031788, 0.029603727, -12.475059, 0.66607934, -0.1133489, 0.72950906, 0.106334105
19745.46202025, 002079, 25.046362, 0.028524324, -12.472438, 0.6657278, -0.11143259, 0.7299068, 0.10782001
19745.478688, 002080, 25.062258, 0.02760344, -12.467295, 0.66608685, -0.10973244, 0.72962743, 0.10922869
19745.495355833, 002081, 25.077192, 0.02644246, -12.464057, 0.6670695, -0.10868865, 0.72870874, 0.11040163
19745.5120235, 002082, 25.09198, 0.025242388, -12.461441, 0.66803783, -0.10846892, 0.72774273, 0.11113256
19745.528691291, 002083, 25.106972, 0.024068486, -12.459084, 0.66839623, -0.108890116, 0.7273281, 0.11127958
19745.545359041, 002084, 25.122242, 0.022902213, -12.4569025, 0.6679645, -0.109591275, 0.72766906, 0.11095436
19745.562026875, 002085, 25.137682, 0.021684669, -12.454892, 0.66722786, -0.11007622, 0.7283708, 0.110300146
19745.578694541, 002086, 25.153414, 0.02068783, -12.450542, 0.6666807, -0.11045777, 0.7288779, 0.109875955
19745.595362375, 002087, 25.169054, 0.019371338, -12.448081, 0.6664613, -0.110746644, 0.7290738, 0.109616905
19745.612030208, 002088, 25.184795, 0.0179675, -12.446381, 0.66625386, -0.111196324, 0.7292318, 0.109370686
19745.628697916, 002089, 25.200756, 0.016569767, -12.445118, 0.66563696, -0.11140471, 0.7298307, 0.10891919
19745.645365708, 002090, 25.216894, 0.015179519, -12.444189, 0.6645079, -0.11092647, 0.7310164, 0.10834905
19745.662033541, 002091, 25.233135, 0.013813309, -12.443563, 0.663055, -0.10973872, 0.7325845, 0.10786834
19745.678701333, 002092, 25.249361, 0.01259917, -12.4432, 0.6615297, -0.108372815, 0.73423314, 0.10740242
19745.695369083, 002093, 25.265478, 0.011686042, -12.443063, 0.6601747, -0.10710668, 0.7357549, 0.10659373
19745.712036791, 002094, 25.27893, 0.011274554, -12.442612, 0.65948147, -0.10560311, 0.73680663, 0.10510995
19745.728704666, 002095, 25.293728, 0.01115692, -12.442703, 0.65952456, -0.10398845, 0.7372462, 0.10335264
19745.745372375, 002096, 25.308975, 0.011382174, -12.443129, 0.65994906, -0.10276971, 0.7372349, 0.10193322
19745.762040166, 002097, 25.324604, 0.011965908, -12.443813, 0.66026306, -0.10270724, 0.73702365, 0.10148893
19745.778707958, 002098, 25.340725, 0.012933031, -12.44467, 0.6596382, -0.104974605, 0.73713017, 0.1024548
19745.79537575, 002099, 25.357122, 0.014302649, -12.445517, 0.65773606, -0.10867897, 0.73817796, 0.10327342
19745.812043458, 002100, 25.372269, 0.016420253, -12.445642, 0.65573454, -0.11249744, 0.73943734, 0.10290235
19745.82871125, 002101, 25.387506, 0.018438358, -12.446055, 0.65492976, -0.1156841, 0.7398413, 0.10158173
19745.845379125, 002102, 25.402344, 0.020303532, -12.4466, 0.65582633, -0.117774, 0.73888016, 0.10038507
19745.862046791, 002103, 25.416948, 0.021933563, -12.447269, 0.6572939, -0.11854862, 0.7374991, 0.10002966
19745.878714625, 002104, 25.431932, 0.02368978, -12.447682, 0.65766996, -0.1179475, 0.73726153, 0.1000195
19745.895382375, 002105, 25.446964, 0.025212523, -12.448226, 0.65618044, -0.11673045, 0.73878485, 0.09998948
19745.912050041, 002106, 25.462002, 0.026778068, -12.448706, 0.6537611, -0.11580585, 0.74109226, 0.0998376
19745.928717958, 002107, 25.476778, 0.028488357, -12.449063, 0.65177625, -0.11575843, 0.7428564, 0.09975964
19745.94538575, 002108, 25.49112, 0.030368067, -12.449291, 0.65099865, -0.11665366, 0.7434143, 0.09963866
19745.962053458, 002109, 25.505089, 0.032342516, -12.449403, 0.65127295, -0.11800766, 0.7430064, 0.09929318
19745.978721291, 002110, 25.518917, 0.03423956, -12.449419, 0.6517539, -0.11930006, 0.74244076, 0.09882311
19745.995389, 002111, 25.532848, 0.035942517, -12.449378, 0.65161747, -0.12011445, 0.74250966, 0.09821689
19746.012056833, 002112, 25.546753, 0.036637556, -12.45087, 0.65059215, -0.12033672, 0.7435022, 0.09722867
19746.0287245, 002113, 25.560905, 0.03770118, -12.45137, 0.64911485, -0.12010258, 0.7449753, 0.09610944
19746.045392375, 002114, 25.575047, 0.038761977, -12.451585, 0.6479352, -0.11952384, 0.7462458, 0.09492756
19746.062060125, 002115, 25.589018, 0.03970278, -12.451756, 0.64767873, -0.11852598, 0.74678236, 0.09370123
19746.078727916, 002116, 25.604464, 0.04038307, -12.450957, 0.6483154, -0.11760504, 0.7465057, 0.09265704
19746.095395666, 002117, 25.618883, 0.040950943, -12.450829, 0.6494243, -0.11683374, 0.7457772, 0.09172979
19746.112063375, 002118, 25.633179, 0.04136371, -12.450923, 0.65034574, -0.11621451, 0.7451937, 0.09072366
19746.12873125, 002119, 25.647663, 0.041587144, -12.451064, 0.6507329, -0.115629055, 0.74506986, 0.08970837
19746.145398916, 002120, 25.662344, 0.04163322, -12.451176, 0.6507679, -0.11490026, 0.7452815, 0.08862483
19746.162066791, 002121, 25.677137, 0.041556824, -12.451272, 0.6509583, -0.114290714, 0.7453232, 0.087659635
19746.1787345, 002122, 25.694082, 0.041925766, -12.44912, 0.65170324, -0.11377407, 0.7448423, 0.08688063
19746.19540225, 002123, 25.709593, 0.04183405, -12.448448, 0.65299284, -0.113059714, 0.74390686, 0.08614118
19746.212070083, 002124, 25.72472, 0.04150327, -12.448269, 0.65460753, -0.11186845, 0.742734, 0.08556002
19746.228737958, 002125, 25.739868, 0.041015312, -12.448251, 0.6561704, -0.11004452, 0.74168164, 0.08508139
19746.245405583, 002126, 25.75523, 0.040438227, -12.448268, 0.6575688, -0.10774843, 0.7408408, 0.084548116
19746.262073416, 002127, 25.770842, 0.03982882, -12.448258, 0.65891516, -0.1054578, 0.74004394, 0.08393121
19746.27874125, 002128, 25.789331, 0.03969494, -12.445264, 0.66039497, -0.10339487, 0.7390964, 0.083213806
19746.295408958, 002129, 25.806309, 0.03927549, -12.444143, 0.66195554, -0.10158144, 0.7380394, 0.08242514
19746.312076708, 002130, 25.822903, 0.03883621, -12.443631, 0.6635449, -0.09995855, 0.7369268, 0.08158049
19746.328744458, 002131, 25.839405, 0.038503475, -12.443335, 0.6652365, -0.0984515, 0.7357176, 0.080543175
19746.345412208, 002132, 25.85583, 0.03830401, -12.443148, 0.6672617, -0.09707106, 0.7341924, 0.07937563
19746.362080083, 002133, 25.872158, 0.038214877, -12.443038, 0.6697474, -0.09592209, 0.73219067, 0.07832096
19746.378747791, 002134, 25.89146, 0.038386498, -12.440746, 0.6725611, -0.094951466, 0.7298346, 0.0773761
19746.3954155, 002135, 25.90864, 0.03856867, -12.440035, 0.6757245, -0.093652435, 0.7271796, 0.07638922
19746.412083291, 002136, 25.925093, 0.03891185, -12.439956, 0.6794999, -0.09251168, 0.7238792, 0.07563232
19746.428751125, 002137, 25.941319, 0.039519444, -12.440278, 0.683846, -0.091623954, 0.7199299, 0.07523614
19746.445418916, 002138, 25.957535, 0.040436435, -12.440982, 0.688576, -0.09037958, 0.71558666, 0.07503535
19746.46208675, 002139, 25.973919, 0.041650124, -12.442044, 0.69320464, -0.088937536, 0.71122557, 0.07560144
19746.478754458, 002140, 25.99059, 0.043186925, -12.443369, 0.6969662, -0.08772822, 0.70755064, 0.076902755
19746.495422291, 002141, 26.006853, 0.046097945, -12.44442, 0.69968814, -0.086964235, 0.7048615, 0.07774272
19746.512089958, 002142, 26.023348, 0.048740923, -12.445606, 0.702196, -0.086633995, 0.7024138, 0.07765447
19746.52875775, 002143, 26.039501, 0.051402397, -12.446803, 0.70555866, -0.08618812, 0.6992005, 0.076662816
19746.545425541, 002144, 26.055264, 0.053951405, -12.4480715, 0.7099406, -0.08524837, 0.69495684, 0.07584129
19746.562093291, 002145, 26.070879, 0.05629682, -12.449503, 0.71472234, -0.08393397, 0.6902085, 0.075757556
19746.578761041, 002146, 26.086187, 0.058748513, -12.450467, 0.7186318, -0.08285459, 0.68618125, 0.076542266
19746.595428916, 002147, 26.10224, 0.06097408, -12.452135, 0.72103757, -0.08250981, 0.6835695, 0.07765115
19746.612096583, 002148, 26.118649, 0.063116364, -12.454136, 0.7221907, -0.08290905, 0.68215126, 0.07897007
19746.628764458, 002149, 26.135033, 0.06516108, -12.456243, 0.7229904, -0.08390759, 0.6810092, 0.08044125
19746.645432125, 002150, 26.151083, 0.06709351, -12.458322, 0.72445095, -0.08535864, 0.6791359, 0.08160361
19746.662099875, 002151, 26.166742, 0.06883752, -12.460375, 0.72696024, -0.087110825, 0.6761291, 0.08240061
19746.678767666, 002152, 26.182209, 0.07024166, -12.462513, 0.73013246, -0.08928156, 0.67228204, 0.083500184
19746.6954355, 002153, 26.199247, 0.070965424, -12.46365, 0.7332022, -0.09113787, 0.6685444, 0.08459715
19746.71210325, 002154, 26.215836, 0.0712723, -12.465442, 0.7354576, -0.09207742, 0.66581094, 0.08555478
19746.728771083, 002155, 26.231953, 0.07115055, -12.467913, 0.73690796, -0.0919667, 0.66410035, 0.086483665
19746.745438833, 002156, 26.247948, 0.070585325, -12.470709, 0.7380818, -0.09105429, 0.6627917, 0.087472156
19746.762106583, 002157, 26.263887, 0.06963011, -12.473686, 0.7394195, -0.0898475, 0.6613157, 0.08858761
19746.778774291, 002158, 26.279829, 0.068319395, -12.4767275, 0.7409728, -0.088909805, 0.65951204, 0.08998949
19746.795442083, 002159, 26.296516, 0.066293724, -12.479908, 0.7425245, -0.088243894, 0.6576483, 0.09148282
19746.812109916, 002160, 26.313105, 0.06422199, -12.483067, 0.7436446, -0.08793141, 0.6562322, 0.09284429
19746.828777625, 002161, 26.329643, 0.06218306, -12.48624, 0.74418986, -0.08776011, 0.6554926, 0.09385603
19746.845445416, 002162, 26.346285, 0.060070414, -12.48949, 0.74426407, -0.08749425, 0.6553226, 0.094699875
19746.862113166, 002163, 26.36303, 0.057826407, -12.4928, 0.74401575, -0.08690568, 0.65555185, 0.095601775
19746.878780958, 002164, 26.379868, 0.05550802, -12.496126, 0.7435718, -0.08600583, 0.6560528, 0.096429475
19746.895448791, 002165, 26.398998, 0.052546505, -12.498323, 0.74300474, -0.08529993, 0.65670913, 0.09695777
19746.9121165, 002166, 26.416807, 0.050196987, -12.501288, 0.7422515, -0.08483773, 0.65760386, 0.09706883
19746.92878425, 002167, 26.43434, 0.04813587, -12.504551, 0.74119794, -0.084575005, 0.6588132, 0.09714873
19746.945452, 002168, 26.451887, 0.046268612, -12.507982, 0.73970485, -0.08431953, 0.66050327, 0.09727399
19746.962119958, 002169, 26.469513, 0.044610266, -12.511534, 0.7376961, -0.08394471, 0.6627845, 0.09733646
19746.978787583, 002170, 26.487095, 0.043228827, -12.515152, 0.73538464, -0.08334337, 0.665462, 0.09707527
19746.995455333, 002171, 26.504715, 0.041650943, -12.519583, 0.73342264, -0.082457736, 0.6678353, 0.09637319
19747.012123125, 002172, 26.52197, 0.040697187, -12.523846, 0.73249435, -0.08178866, 0.669023, 0.09576454
19747.028790875, 002173, 26.539064, 0.04035447, -12.528068, 0.7322324, -0.08180197, 0.66929275, 0.095871516
19747.045458708, 002174, 26.556246, 0.04045272, -12.532465, 0.731796, -0.08159451, 0.6697555, 0.09614744
19747.062126416, 002175, 26.573668, 0.040955305, -12.537103, 0.73079133, -0.08102994, 0.67084694, 0.09665721
19747.07879425, 002176, 26.59133, 0.041925266, -12.54196, 0.72919, -0.08060253, 0.67255414, 0.09724207
19747.095462083, 002177, 26.609604, 0.04296686, -12.546926, 0.7273691, -0.08147657, 0.67427087, 0.0982569
19747.112129791, 002178, 26.627373, 0.044685777, -12.551772, 0.72594506, -0.08357287, 0.6754399, 0.098995574
19747.128797625, 002179, 26.644659, 0.046858806, -12.55651, 0.72564584, -0.08601367, 0.6755138, 0.09859443
19747.145465333, 002180, 26.66156, 0.049165547, -12.561258, 0.7262026, -0.08818535, 0.6746956, 0.098177515
19747.162133083, 002181, 26.678255, 0.05130821, -12.566077, 0.7266621, -0.088848665, 0.67412645, 0.09808921
19747.178800875, 002182, 26.694862, 0.052914612, -12.571752, 0.7261995, -0.088101305, 0.6747025, 0.098228216
19747.195468541, 002183, 26.71154, 0.054628335, -12.576767, 0.72483593, -0.08731092, 0.6762529, 0.09834458
19747.212136458, 002184, 26.728088, 0.056484364, -12.581385, 0.723476, -0.087567575, 0.67774147, 0.097882405
19747.228804166, 002185, 26.744314, 0.058355816, -12.585669, 0.72276586, -0.08871694, 0.6784648, 0.09707917
19747.245471958, 002186, 26.76023, 0.060017202, -12.589722, 0.7227693, -0.09022057, 0.6783132, 0.09672643
19747.262139666, 002187, 26.77597, 0.06139558, -12.593646, 0.72299284, -0.09202269, 0.6777558, 0.09726346
19747.278807416, 002188, 26.791641, 0.06257968, -12.597482, 0.72310126, -0.09366512, 0.6773292, 0.09786023
19747.295475291, 002189, 26.80695, 0.06328476, -12.602184, 0.72273195, -0.094815604, 0.67749983, 0.09829802
19747.312142916, 002190, 26.82236, 0.06400087, -12.606468, 0.7220974, -0.095404625, 0.6780801, 0.0983906
19747.328810791, 002191, 26.837837, 0.06473731, -12.6103325, 0.7215439, -0.09580729, 0.678643, 0.09817833
19747.345478541, 002192, 26.853304, 0.065440156, -12.613981, 0.7213141, -0.09650812, 0.6788716, 0.09759871
19747.362146375, 002193, 26.868761, 0.06607874, -12.617513, 0.7214859, -0.09777777, 0.67863464, 0.096708715
19747.378814041, 002194, 26.880924, 0.06591375, -12.622054, 0.7219195, -0.09910058, 0.6781371, 0.09561077
19747.395481833, 002195, 26.895433, 0.06590001, -12.625955, 0.7222484, -0.09999125, 0.67778265, 0.0947083
19747.412149583, 002196, 26.910837, 0.06570564, -12.629697, 0.7222825, -0.100174874, 0.67782366, 0.09395766
19747.428817458, 002197, 26.926662, 0.065299295, -12.633401, 0.7220642, -0.10002402, 0.6781707, 0.09328946
19747.445485125, 002198, 26.94272, 0.06473762, -12.637075, 0.7218792, -0.1000949, 0.6784349, 0.09272233
19747.462152875, 002199, 26.958883, 0.06406114, -12.640704, 0.72203046, -0.100516945, 0.6782761, 0.092247814
19747.478820708, 002200, 26.975073, 0.06327083, -12.644267, 0.72259766, -0.100833535, 0.67769074, 0.091762744
19747.4954885, 002201, 26.986885, 0.06166179, -12.647061, 0.72345555, -0.10069751, 0.6768722, 0.091191694
19747.512156291, 002202, 27.001717, 0.06036398, -12.650247, 0.72433555, -0.0998992, 0.6761444, 0.09048111
19747.528823958, 002203, 27.017603, 0.059070654, -12.653521, 0.7251173, -0.09845007, 0.6756371, 0.089592464
19747.545491875, 002204, 27.033922, 0.05772111, -12.65676, 0.7258981, -0.09651858, 0.67520916, 0.088592686
19747.5621595, 002205, 27.050507, 0.05636294, -12.659902, 0.726723, -0.09462034, 0.67470545, 0.087710485
19747.57882725, 002206, 27.066526, 0.054310754, -12.662751, 0.7274942, -0.09324576, 0.67418844, 0.08676003
19747.595495083, 002207, 27.083384, 0.05297362, -12.665603, 0.72796696, -0.09268377, 0.6738882, 0.08572314
19747.612162916, 002208, 27.100567, 0.052002344, -12.668391, 0.72818416, -0.09266088, 0.673809, 0.084516674
19747.628830666, 002209, 27.117756, 0.051247302, -12.671093, 0.7285199, -0.09273464, 0.6736021, 0.08318076
19747.645498458, 002210, 27.134756, 0.050657015, -12.673727, 0.7295455, -0.09273253, 0.67265034, 0.081887625
19747.662166125, 002211, 27.151524, 0.050231397, -12.676364, 0.7314902, -0.092714556, 0.67064214, 0.081025556
19747.678833916, 002212, 27.167625, 0.04904546, -12.67929, 0.73379916, -0.09274847, 0.6681433, 0.08075277
19747.69550175, 002213, 27.184284, 0.048735064, -12.682178, 0.73591614, -0.092609465, 0.66583115, 0.08074569
19747.7121695, 002214, 27.201317, 0.04897222, -12.685267, 0.7377263, -0.09298927, 0.66369843, 0.08134637
19747.728837333, 002215, 27.218645, 0.049621623, -12.688636, 0.7389875, -0.09439061, 0.66190165, 0.08291002
19747.745504958, 002216, 27.235989, 0.05054324, -12.692168, 0.7396728, -0.09552058, 0.66077095, 0.08450847
19747.762172791, 002217, 27.253042, 0.05161623, -12.695696, 0.7401944, -0.0953109, 0.6600798, 0.08557276
19747.7788405, 002218, 27.268574, 0.05228312, -12.698527, 0.7411912, -0.094020486, 0.6590879, 0.08601667
19747.79550825, 002219, 27.284458, 0.05343107, -12.701594, 0.74299407, -0.09273433, 0.6571867, 0.086403936
19747.812176083, 002220, 27.30046, 0.054838978, -12.704734, 0.7450131, -0.09232993, 0.6548937, 0.08686148
19747.828843833, 002221, 27.316698, 0.056423448, -12.707992, 0.74630326, -0.09312657, 0.6532091, 0.08761665
19747.845511625, 002222, 27.333157, 0.058108974, -12.711424, 0.7463119, -0.09466137, 0.6528399, 0.08864444
19747.862179416, 002223, 27.349552, 0.059789486, -12.714973, 0.7454697, -0.09597442, 0.6534411, 0.08988115
19747.878847166, 002224, 27.365572, 0.06139615, -12.718548, 0.7447297, -0.09690021, 0.6539223, 0.091506824
19747.895514958, 002225, 27.379406, 0.06259889, -12.721607, 0.7448617, -0.0981321, 0.6532972, 0.09356122
19747.912182625, 002226, 27.393585, 0.06399191, -12.724849, 0.74591404, -0.099888526, 0.65151304, 0.095734365
19747.928850416, 002227, 27.408018, 0.06551092, -12.728301, 0.74735165, -0.101862736, 0.6492779, 0.09760942
19747.945518291, 002228, 27.422432, 0.06694203, -12.731905, 0.74866474, -0.103302345, 0.6473113, 0.09908446
19747.962186, 002229, 27.436739, 0.06810365, -12.735649, 0.7497252, -0.10353185, 0.6458784, 0.10017162
19747.978853791, 002230, 27.450947, 0.068917885, -12.7395315, 0.75067276, -0.10257598, 0.6448152, 0.10090497
19747.9955215, 002231, 27.463276, 0.06930213, -12.744338, 0.75159675, -0.100862145, 0.64402425, 0.10080618
19748.01218925, 002232, 27.476593, 0.06950631, -12.748881, 0.75257564, -0.09971005, 0.6430447, 0.1009022
19748.028857083, 002233, 27.490677, 0.06949949, -12.753258, 0.7534561, -0.09927013, 0.6419972, 0.10143378
19748.045524875, 002234, 27.505041, 0.06928018, -12.7576, 0.75403345, -0.098635726, 0.64143616, 0.101312295
19748.062192666, 002235, 27.519497, 0.0688644, -12.761932, 0.75437385, -0.09788257, 0.64125544, 0.10065097
19748.078860416, 002236, 27.53399, 0.068259224, -12.766272, 0.7547672, -0.09729324, 0.6410292, 0.09971004
19748.095528166, 002237, 27.548517, 0.06746961, -12.770629, 0.75540197, -0.097052984, 0.64048964, 0.09859835
19748.112195958, 002238, 27.562387, 0.06678755, -12.775443, 0.7560289, -0.09713448, 0.6399152, 0.097435705
19748.128863708, 002239, 27.576925, 0.06573001, -12.780169, 0.7562851, -0.097133346, 0.6398142, 0.0961029
19748.145531375, 002240, 27.592026, 0.06433313, -12.784897, 0.75613123, -0.097192705, 0.64014864, 0.095019445
19748.16219925, 002241, 27.607477, 0.06265547, -12.789755, 0.75570077, -0.097015284, 0.6407942, 0.09427109
19748.178866958, 002242, 27.623215, 0.060710616, -12.794764, 0.7549799, -0.096603364, 0.6417119, 0.09422825
19748.195534833, 002243, 27.639183, 0.058592293, -12.799907, 0.75401425, -0.09582425, 0.6429323, 0.09443678
19748.212202625, 002244, 27.655128, 0.056814145, -12.805306, 0.7529545, -0.09545947, 0.64415604, 0.09492059
19748.228870333, 002245, 27.6714, 0.05494203, -12.810764, 0.7519179, -0.09547774, 0.64529663, 0.095371574
19748.245538125, 002246, 27.687788, 0.053162366, -12.816376, 0.75096446, -0.09563984, 0.64631635, 0.09581525
19748.262205875, 002247, 27.704197, 0.05150625, -12.822173, 0.75020146, -0.09543648, 0.6471647, 0.0962674
19748.278873583, 002248, 27.72036, 0.049546342, -12.828756, 0.74956, -0.09436495, 0.6479882, 0.09678
19748.295541416, 002249, 27.736732, 0.048053343, -12.83515, 0.74883384, -0.09245949, 0.6490352, 0.09722305
19748.312209041, 002250, 27.75323, 0.04698193, -12.841563, 0.74811506, -0.09012882, 0.65017354, 0.097339824
19748.328876875, 002251, 27.769842, 0.04640333, -12.848059, 0.74755, -0.08810481, 0.65110815, 0.097285904
19748.345544708, 002252, 27.786638, 0.04637367, -12.854659, 0.7470064, -0.087140836, 0.65183747, 0.09744611
19748.362212458, 002253, 27.803528, 0.04686674, -12.861303, 0.7463887, -0.08667783, 0.65263265, 0.09727012
19748.37888025, 002254, 27.820389, 0.047806278, -12.867953, 0.7460088, -0.08636846, 0.6532002, 0.09664731
19748.395548, 002255, 27.837196, 0.049041227, -12.874677, 0.74601746, -0.08646514, 0.65323263, 0.09627445
19748.412215708, 002256, 27.852478, 0.050294444, -12.881715, 0.7459637, -0.08759181, 0.65305924, 0.09684752
19748.428883541, 002257, 27.868923, 0.051790603, -12.888755, 0.7451562, -0.08991092, 0.6535322, 0.09774372
19748.445551333, 002258, 27.885609, 0.053471886, -12.895767, 0.7437022, -0.09249999, 0.654845, 0.09761585
19748.462219, 002259, 27.901989, 0.055201806, -12.90267, 0.7426246, -0.0947823, 0.65590185, 0.09652875
19748.478886791, 002260, 27.919127, 0.056337163, -12.909372, 0.74259996, -0.09671884, 0.65577924, 0.09562551
19748.495554583, 002261, 27.935081, 0.057568222, -12.916052, 0.7432884, -0.09827211, 0.6547937, 0.09544709
19748.512222333, 002262, 27.950708, 0.058745828, -12.922647, 0.7436842, -0.09964919, 0.65407926, 0.0958334
19748.528890083, 002263, 27.966366, 0.05995048, -12.929089, 0.74306947, -0.10140196, 0.6544368, 0.096321076
19748.545557958, 002264, 27.98195, 0.061222516, -12.935264, 0.7418768, -0.103512205, 0.6554298, 0.096518554
19748.562225708, 002265, 27.997253, 0.0624599, -12.941071, 0.7409383, -0.105732694, 0.65608907, 0.096840575
19748.578893416, 002266, 28.012234, 0.06357565, -12.946587, 0.7407018, -0.107824214, 0.65588945, 0.09769231
19748.595561083, 002267, 28.025143, 0.06426938, -12.951349, 0.741099, -0.109813266, 0.6548956, 0.099121094
19748.612228916, 002268, 28.039001, 0.064995214, -12.956259, 0.74146235, -0.11143714, 0.65397286, 0.10067217
19748.628896666, 002269, 28.053675, 0.06568814, -12.961269, 0.74119437, -0.1124114, 0.65388733, 0.10210718
19748.6455645, 002270, 28.068792, 0.066300936, -12.966262, 0.74022037, -0.112622395, 0.6547998, 0.103087805
19748.662232208, 002271, 28.084133, 0.06684686, -12.971126, 0.7389382, -0.1124451, 0.65620303, 0.10355652
19748.678900041, 002272, 28.099573, 0.06738082, -12.975821, 0.73792017, -0.11262714, 0.65730786, 0.103610724
19748.695567791, 002273, 28.114271, 0.0679719, -12.981268, 0.737216, -0.11358511, 0.65799195, 0.103235535
19748.7122355, 002274, 28.12944, 0.068498634, -12.986152, 0.7368896, -0.11492715, 0.65827024, 0.10230211
19748.728903375, 002275, 28.144949, 0.06885233, -12.990692, 0.73667485, -0.11602879, 0.65850556, 0.10108287
19748.745571041, 002276, 28.160603, 0.06894825, -12.995139, 0.73649436, -0.11638481, 0.65884817, 0.09974752
19748.762238875, 002277, 28.176346, 0.06876069, -12.99957, 0.7363486, -0.1161462, 0.6592407, 0.09850035
19748.778906666, 002278, 28.187325, 0.06829615, -13.003303, 0.73636246, -0.115800545, 0.65945035, 0.09739455
19748.795574333, 002279, 28.201744, 0.067687675, -13.007562, 0.73658025, -0.115488194, 0.6594112, 0.096378304
19748.812242125, 002280, 28.217335, 0.06694118, -13.012018, 0.73686403, -0.11496035, 0.6593384, 0.09533219
19748.828909916, 002281, 28.233358, 0.06604032, -13.016547, 0.73724496, -0.113853954, 0.65926385, 0.094224386
19748.845577708, 002282, 28.249556, 0.06497214, -13.021088, 0.73787075, -0.11207914, 0.65901345, 0.09319992
19748.862245416, 002283, 28.265848, 0.06378751, -13.02558, 0.7388487, -0.109857954, 0.65844125, 0.09213488
19748.87891325, 002284, 28.2823, 0.0625649, -13.030011, 0.74008363, -0.10774368, 0.65755904, 0.09101372
19748.895581, 002285, 28.292505, 0.060390025, -13.034194, 0.74128515, -0.105805404, 0.6566726, 0.089903265
19748.912248791, 002286, 28.306387, 0.058734573, -13.038454, 0.7422278, -0.10395116, 0.6560328, 0.08895478
19748.928916541, 002287, 28.322563, 0.057481088, -13.042756, 0.74286795, -0.10186789, 0.65576154, 0.08801667
19748.945584291, 002288, 28.339529, 0.056476627, -13.047016, 0.7432181, -0.09959247, 0.6558341, 0.08711929
19748.962252083, 002289, 28.35676, 0.055737436, -13.051179, 0.74345756, -0.09743427, 0.6560023, 0.08624636
19748.978919833, 002290, 28.373997, 0.05527747, -13.055206, 0.7436449, -0.09501586, 0.6563108, 0.084972456
19748.995587583, 002291, 28.38778, 0.054494876, -13.057584, 0.74426895, -0.09292065, 0.65607643, 0.08362479
19749.012255375, 002292, 28.403263, 0.05446321, -13.060748, 0.7456328, -0.091598265, 0.65485513, 0.08249965
19749.028923041, 002293, 28.419748, 0.055075727, -13.064446, 0.7477206, -0.091269754, 0.6526201, 0.081674315
19749.045590791, 002294, 28.436625, 0.05619915, -13.068409, 0.7502773, -0.091348186, 0.64975655, 0.08096889
19749.062258708, 002295, 28.453884, 0.057727903, -13.072593, 0.7524691, -0.09163086, 0.64718246, 0.08092389
19749.078926375, 002296, 28.471626, 0.059627373, -13.076968, 0.75346136, -0.092112154, 0.6458893, 0.08147517
19749.095594166, 002297, 28.486536, 0.06188276, -13.080731, 0.75314033, -0.093001716, 0.64606225, 0.08205926
19749.112261875, 002298, 28.503117, 0.064514354, -13.084769, 0.7524017, -0.09420714, 0.64675665, 0.081990756
19749.128929708, 002299, 28.520199, 0.06733155, -13.088884, 0.7524815, -0.095236875, 0.6465871, 0.081403896
19749.145597416, 002300, 28.536932, 0.070023865, -13.093015, 0.7539333, -0.09546657, 0.6448832, 0.08121827
19749.162265208, 002301, 28.55328, 0.0724242, -13.097255, 0.7561012, -0.09467731, 0.6423778, 0.08183984
19749.178932958, 002302, 28.569574, 0.07457782, -13.101739, 0.7578, -0.09344084, 0.6403948, 0.08308047
19749.19560075, 002303, 28.58362, 0.07685883, -13.105927, 0.7583498, -0.092068255, 0.63973093, 0.084695466
19749.2122685, 002304, 28.598988, 0.07879462, -13.110663, 0.75818276, -0.09063464, 0.6398742, 0.08663177
19749.228936291, 002305, 28.614975, 0.08041058, -13.115692, 0.75787383, -0.089399554, 0.6400536, 0.08925445
19749.245604041, 002306, 28.63098, 0.08186692, -13.120806, 0.7577099, -0.08880976, 0.63989705, 0.09230451
19749.262271791, 002307, 28.646782, 0.08330353, -13.125933, 0.757783, -0.08909162, 0.639356, 0.095139466
19749.278939583, 002308, 28.659399, 0.08450596, -13.129858, 0.75813574, -0.09002828, 0.6384616, 0.097425155
19749.295607333, 002309, 28.673622, 0.0857345, -13.134669, 0.7587741, -0.090987936, 0.6372626, 0.099394955
19749.312275125, 002310, 28.688166, 0.08678578, -13.139873, 0.75953466, -0.09170806, 0.6359563, 0.101273455
19749.328942875, 002311, 28.702648, 0.087605745, -13.145303, 0.7602723, -0.09192286, 0.63478816, 0.102860264
19749.345610625, 002312, 28.716974, 0.08821218, -13.150912, 0.76100695, -0.0917867, 0.6337144, 0.10416163
19749.362278375, 002313, 28.731087, 0.08862481, -13.156728, 0.761909, -0.09129593, 0.632538, 0.10514377
19749.378946125, 002314, 28.74274, 0.0869883, -13.161535, 0.7629111, -0.09037085, 0.6313291, 0.10594033
19749.395613875, 002315, 28.75576, 0.08631816, -13.167215, 0.7638814, -0.088835575, 0.6303045, 0.10634713
19749.412281708, 002316, 28.76919, 0.08583978, -13.173198, 0.76476246, -0.087169535, 0.6294341, 0.106547944
19749.428949416, 002317, 28.782787, 0.08536929, -13.179299, 0.7655859, -0.0859201, 0.628617, 0.10647373
19749.445617083, 002318, 28.796526, 0.08487847, -13.18546, 0.76627904, -0.08558421, 0.62786484, 0.10619542
19749.462284958, 002319, 28.81041, 0.08433829, -13.1917, 0.7666251, -0.08584956, 0.62750727, 0.1055956
19749.478952666, 002320, 28.822792, 0.08247035, -13.1975565, 0.76650506, -0.08614137, 0.62777114, 0.10465631
19749.495620541, 002321, 28.836285, 0.08125469, -13.203831, 0.7660851, -0.08600678, 0.628485, 0.103552364
19749.512288208, 002322, 28.850054, 0.08015822, -13.210285, 0.7656585, -0.08551179, 0.62927586, 0.102306835
19749.528955958, 002323, 28.86385, 0.07906759, -13.216853, 0.76537615, -0.085129574, 0.62987334, 0.101053715
19749.545623708, 002324, 28.877676, 0.07800334, -13.223541, 0.76504177, -0.0852519, 0.6304473, 0.09989637
19749.562291625, 002325, 28.891573, 0.07701775, -13.230378, 0.7643478, -0.08577693, 0.6314066, 0.0986929
19749.578959291, 002326, 28.903757, 0.0757849, -13.237688, 0.7631604, -0.086460836, 0.6329343, 0.097492985
19749.595627, 002327, 28.917017, 0.07486694, -13.244922, 0.7617627, -0.08690684, 0.63472396, 0.09638549
19749.612294791, 002328, 28.93048, 0.074090935, -13.252176, 0.7604093, -0.08690817, 0.6364765, 0.095510356
19749.628962625, 002329, 28.943888, 0.07350642, -13.259606, 0.75943077, -0.086819164, 0.63772094, 0.095074706
19749.64563025, 002330, 28.957298, 0.07313805, -13.267344, 0.75875306, -0.087355524, 0.6383093, 0.0960412
19749.662298125, 002331, 28.970781, 0.07297228, -13.275381, 0.75800383, -0.08842262, 0.6386536, 0.09865757
19749.678965916, 002332, 28.981815, 0.0725124, -13.283064, 0.7567147, -0.08992743, 0.639391, 0.10234726
19749.695633666, 002333, 28.994514, 0.07273766, -13.291114, 0.75484353, -0.09134481, 0.6408301, 0.10584976
19749.712301333, 002334, 29.00746, 0.073361255, -13.299118, 0.75316703, -0.09210389, 0.6422709, 0.10837083
19749.728969166, 002335, 29.020134, 0.074198276, -13.306974, 0.75249046, -0.0924399, 0.6426727, 0.11038389
19749.745636958, 002336, 29.032455, 0.07516138, -13.314718, 0.7530367, -0.09245435, 0.64172846, 0.11212719
19749.762304625, 002337, 29.044611, 0.07625861, -13.322485, 0.75415117, -0.09226083, 0.64018273, 0.11362184
19749.778972416, 002338, 29.055532, 0.0777794, -13.330103, 0.7550596, -0.09211567, 0.6389207, 0.11480391
19749.795640208, 002339, 29.067379, 0.07931359, -13.338076, 0.75544804, -0.09211245, 0.63831425, 0.11562207
19749.812307916, 002340, 29.07942, 0.08082069, -13.346081, 0.755543, -0.09150138, 0.6382009, 0.116110705
19749.828975708, 002341, 29.091393, 0.08225863, -13.353932, 0.7557209, -0.09062196, 0.6379814, 0.11684706
19749.845643458, 002342, 29.103262, 0.08373895, -13.361585, 0.7562649, -0.090504974, 0.6371536, 0.117929816
19749.862311208, 002343, 29.115065, 0.0853405, -13.3690405, 0.75721174, -0.091607444, 0.6356597, 0.119059525
19749.878979, 002344, 29.126251, 0.08708433, -13.375874, 0.7583127, -0.09341085, 0.63388336, 0.12011682
19749.89564675, 002345, 29.137829, 0.08862536, -13.382873, 0.7593303, -0.094525315, 0.6323754, 0.120763175
19749.912314458, 002346, 29.149529, 0.08989074, -13.389903, 0.76021063, -0.09437793, 0.63127357, 0.1211038
19749.928982333, 002347, 29.161339, 0.09087406, -13.396936, 0.7609421, -0.09334153, 0.6304559, 0.121571995
19749.945650041, 002348, 29.173265, 0.09171641, -13.4039545, 0.76163304, -0.09207156, 0.6297295, 0.121978074
19749.962317833, 002349, 29.185284, 0.09259225, -13.41094, 0.76253057, -0.09123665, 0.6287737, 0.12192902
19749.978985583, 002350, 29.197388, 0.093529195, -13.417867, 0.76375586, -0.09099207, 0.6274463, 0.12127883
19749.99565325, 002351, 29.210533, 0.094143294, -13.42489, 0.7652059, -0.091167696, 0.62582445, 0.12038271
19750.012321083, 002352, 29.22327, 0.09479522, -13.43189, 0.7667945, -0.09160827, 0.62401, 0.11935457
19750.028988958, 002353, 29.236044, 0.09527851, -13.438999, 0.7683335, -0.09215943, 0.6221678, 0.11864859
19750.045656541, 002354, 29.248985, 0.0955567, -13.446281, 0.76970243, -0.092652366, 0.6204806, 0.1182262
19750.062324416, 002355, 29.262053, 0.09567248, -13.453721, 0.77093816, -0.092925966, 0.6189957, 0.117742755
19750.078992166, 002356, 29.275465, 0.09542901, -13.46014, 0.7723273, -0.093165115, 0.61733836, 0.11715027
19750.095659916, 002357, 29.2886, 0.09522824, -13.46733, 0.7742184, -0.09319018, 0.6151189, 0.1163196
19750.112327583, 002358, 29.301546, 0.09494329, -13.474809, 0.77677023, -0.093105376, 0.6120403, 0.11561189
19750.128995375, 002359, 29.314413, 0.094516315, -13.482458, 0.7797782, -0.09281627, 0.6083196, 0.11523168
19750.145663208, 002360, 29.327307, 0.09395346, -13.490271, 0.7828968, -0.09205678, 0.6044566, 0.11502272
19750.162330916, 002361, 29.340315, 0.09329569, -13.498211, 0.7858671, -0.09094502, 0.60077626, 0.11493383
19750.17899875, 002362, 29.351942, 0.09262192, -13.504167, 0.7886067, -0.0900322, 0.5972636, 0.11519488
19750.195666541, 002363, 29.364708, 0.09196787, -13.511468, 0.7913473, -0.089266084, 0.5937122, 0.11535481
19750.212334166, 002364, 29.37782, 0.09139927, -13.519126, 0.79440457, -0.08896391, 0.589606, 0.11563591
19750.229002083, 002365, 29.39097, 0.09091131, -13.526788, 0.79792786, -0.0890922, 0.5847001, 0.116187096
19750.24566975, 002366, 29.404121, 0.090484045, -13.5343895, 0.8017563, -0.08940872, 0.5791786, 0.11723891
19750.262337541, 002367, 29.417267, 0.090110905, -13.541952, 0.80565935, -0.089261465, 0.5734862, 0.11857027
19750.279005291, 002368, 29.429667, 0.08987718, -13.5484915, 0.8095821, -0.08785927, 0.5680068, 0.11927219
19750.295673083, 002369, 29.442524, 0.089810446, -13.555489, 0.8136379, -0.08538968, 0.56256604, 0.1192535
19750.312340791, 002370, 29.455523, 0.0900846, -13.562483, 0.8180523, -0.083236724, 0.5565196, 0.11894448
19750.329008541, 002371, 29.4686, 0.090797, -13.569355, 0.82288843, -0.08220071, 0.5496522, 0.11823699
19750.345676291, 002372, 29.481812, 0.09187102, -13.576129, 0.8279532, -0.08222937, 0.54219204, 0.117300846
19750.362344083, 002373, 29.495296, 0.09311166, -13.583007, 0.83274823, -0.08289066, 0.5347527, 0.117042616
19750.379011875, 002374, 29.509186, 0.09437021, -13.590138, 0.83649373, -0.08398463, 0.52844775, 0.1181848
19750.395679666, 002375, 29.521954, 0.096019134, -13.597435, 0.83874583, -0.08471765, 0.5244809, 0.1193658
19750.412347375, 002376, 29.535686, 0.09740805, -13.604571, 0.84025615, -0.08405985, 0.52223474, 0.11905644
19750.429015166, 002377, 29.549406, 0.09864717, -13.611301, 0.8421527, -0.08230847, 0.51977426, 0.117638476
19750.445682875, 002378, 29.562897, 0.09972093, -13.617668, 0.8448644, -0.08061489, 0.51587677, 0.11651827
19750.462350583, 002379, 29.57635, 0.10065214, -13.623936, 0.847742, -0.079929106, 0.5112306, 0.11656721
19750.479018375, 002380, 29.590036, 0.10148872, -13.630358, 0.8497437, -0.08013211, 0.5076608, 0.117451735
19750.495686291, 002381, 29.602383, 0.101849884, -13.635394, 0.85028803, -0.08028275, 0.50648844, 0.11846666
19750.512353875, 002382, 29.615849, 0.10230166, -13.641367, 0.84973276, -0.07978733, 0.5072799, 0.11939544
19750.52902175, 002383, 29.629683, 0.102793105, -13.647572, 0.84911823, -0.0791076, 0.50819826, 0.120310836
19750.5456895, 002384, 29.643547, 0.10330464, -13.653681, 0.84900486, -0.079087466, 0.5080885, 0.12158122
19750.562357291, 002385, 29.65742, 0.10385723, -13.65974, 0.8492803, -0.08037548, 0.50691897, 0.12367669
19750.579025041, 002386, 29.66971, 0.10382534, -13.663732, 0.849775, -0.082325414, 0.50529784, 0.12561418
19750.595692708, 002387, 29.683151, 0.10409287, -13.669166, 0.8500598, -0.08380631, 0.50418854, 0.12715648
19750.6123605, 002388, 29.696976, 0.10429272, -13.6751995, 0.8499525, -0.08426531, 0.5039988, 0.12831695
19750.629028291, 002389, 29.710947, 0.10428879, -13.681514, 0.8494188, -0.08342111, 0.50486577, 0.12899275
19750.645696041, 002390, 29.724989, 0.10408053, -13.6879, 0.84866613, -0.08178809, 0.5063247, 0.12927327
19750.662363875, 002391, 29.7391, 0.10379285, -13.694261, 0.84797543, -0.08041366, 0.50774294, 0.12910594
19750.679031541, 002392, 29.753302, 0.10352109, -13.700563, 0.847442, -0.08024322, 0.50875604, 0.12872559
19750.695699375, 002393, 29.767097, 0.1029084, -13.706045, 0.846953, -0.08098553, 0.50962645, 0.12803447
19750.712367083, 002394, 29.781311, 0.10237758, -13.71202, 0.84630495, -0.08177274, 0.51086617, 0.1268732
19750.729034833, 002395, 29.795803, 0.10171176, -13.718288, 0.8453466, -0.08169128, 0.5128549, 0.1252818
19750.745702625, 002396, 29.810537, 0.1008318, -13.724712, 0.8439895, -0.0806747, 0.5156632, 0.12355037
19750.762370333, 002397, 29.82556, 0.099826254, -13.731219, 0.842252, -0.079409875, 0.5191086, 0.12178599
19750.779038166, 002398, 29.840885, 0.098826215, -13.7377405, 0.8402818, -0.07859848, 0.52287996, 0.119771935
19750.795705875, 002399, 29.85692, 0.096672975, -13.742672, 0.83819395, -0.078418, 0.52674615, 0.117558554
19750.812373708, 002400, 29.872904, 0.09534121, -13.748681, 0.835875, -0.07851311, 0.5309091, 0.11525673
19750.8290415, 002401, 29.88905, 0.09422729, -13.755069, 0.8331066, -0.078273185, 0.53578, 0.11289991
19750.845709125, 002402, 29.905478, 0.09318041, -13.761611, 0.8296817, -0.07784875, 0.5415924, 0.11065913
19750.862376916, 002403, 29.922194, 0.09227752, -13.768174, 0.8256206, -0.07780473, 0.5482444, 0.108282454
19750.879044666, 002404, 29.939758, 0.09134588, -13.77447, 0.82124263, -0.07850102, 0.55520076, 0.10559505
19750.895712583, 002405, 29.956974, 0.09084856, -13.780832, 0.8169023, -0.07976131, 0.5618715, 0.10300065
19750.912380291, 002406, 29.974026, 0.0906633, -13.787204, 0.81290185, -0.080967985, 0.5679089, 0.10056949
19750.929048, 002407, 29.990973, 0.09075658, -13.79365, 0.8092477, -0.08125998, 0.5734774, 0.09817676
19750.945715833, 002408, 30.007914, 0.0910932, -13.800194, 0.80572903, -0.08086562, 0.57871306, 0.096708454
19750.9623835, 002409, 30.024982, 0.091765784, -13.8068285, 0.8019802, -0.07998602, 0.5842141, 0.09551837
19750.979051333, 002410, 30.042324, 0.09277629, -13.813551, 0.7975344, -0.078531414, 0.59070295, 0.09402998
19750.995719083, 002411, 30.060478, 0.09357198, -13.820293, 0.79210114, -0.077006556, 0.5982702, 0.09337329
19751.012386791, 002412, 30.078695, 0.094740294, -13.82708, 0.7857946, -0.076393105, 0.6065192, 0.0939434
19751.029054583, 002413, 30.096928, 0.09625602, -13.833744, 0.7794743, -0.07723032, 0.6144024, 0.094683565
19751.045722416, 002414, 30.114904, 0.09820276, -13.840208, 0.7741711, -0.07981527, 0.6207037, 0.094949484
19751.062390166, 002415, 30.13241, 0.100449525, -13.846462, 0.7702928, -0.08301473, 0.6251424, 0.09462818
19751.079057875, 002416, 30.14942, 0.10269871, -13.852531, 0.76720726, -0.085172, 0.62869674, 0.09422873
19751.095725625, 002417, 30.166677, 0.104174756, -13.858413, 0.7640893, -0.08594197, 0.6324007, 0.09407872
19751.112393333, 002418, 30.183277, 0.10607905, -13.8641405, 0.7606777, -0.08595187, 0.63655263, 0.093714766
19751.129061125, 002419, 30.199465, 0.10828496, -13.869679, 0.7572948, -0.0864187, 0.6406047, 0.09307058
19751.145728916, 002420, 30.215307, 0.11059102, -13.875007, 0.75445044, -0.08762927, 0.6439054, 0.092257336
19751.162396625, 002421, 30.230846, 0.1127402, -13.880139, 0.75237584, -0.08895148, 0.64626837, 0.091407366
19751.179064416, 002422, 30.246264, 0.11451709, -13.885178, 0.7507691, -0.08972068, 0.64811957, 0.09075827
19751.195732208, 002423, 30.262434, 0.116604306, -13.890721, 0.74903375, -0.08974889, 0.6501552, 0.090508595
19751.212399916, 002424, 30.278427, 0.11772827, -13.89598, 0.7466968, -0.088880755, 0.6529853, 0.090300314
19751.229067791, 002425, 30.294544, 0.118340135, -13.901079, 0.74372274, -0.087007314, 0.6567686, 0.0892252
19751.245735541, 002426, 30.31081, 0.11869503, -13.906004, 0.7406697, -0.085381456, 0.6606349, 0.08763516
19751.26240325, 002427, 30.327185, 0.11893099, -13.9107685, 0.738333, -0.08501549, 0.6635236, 0.0858664
19751.279071, 002428, 30.34366, 0.11904803, -13.915426, 0.737052, -0.08582125, 0.6650697, 0.084090546
19751.295738875, 002429, 30.360735, 0.118210256, -13.920388, 0.7363578, -0.086741, 0.6659288, 0.082414135
19751.312406541, 002430, 30.377943, 0.117498, -13.925147, 0.73549354, -0.086877204, 0.6670362, 0.08102035
19751.32907425, 002431, 30.395573, 0.116686136, -13.92984, 0.73393726, -0.08608928, 0.6689942, 0.07982174
19751.345742, 002432, 30.413698, 0.1157877, -13.934521, 0.7317892, -0.08500337, 0.6716024, 0.07879904
19751.362409791, 002433, 30.432207, 0.11491672, -13.939171, 0.72951406, -0.08400195, 0.6743529, 0.077466
19751.379077625, 002434, 30.450922, 0.11414225, -13.943731, 0.7276168, -0.08328625, 0.676691, 0.07567315
19751.395745333, 002435, 30.46922, 0.113047436, -13.9476795, 0.72640353, -0.0825121, 0.67834306, 0.07335046
19751.412413125, 002436, 30.487806, 0.11221347, -13.951762, 0.7257233, -0.08101673, 0.67953765, 0.07064384
19751.429080875, 002437, 30.506573, 0.11148501, -13.955813, 0.72526693, -0.078859605, 0.6805878, 0.0675949
19751.445748583, 002438, 30.5256, 0.11089755, -13.959813, 0.72470814, -0.07688711, 0.6816935, 0.06465566
19751.462416458, 002439, 30.544945, 0.11053094, -13.9637785, 0.723768, -0.0756737, 0.6830739, 0.061994437
19751.479084083, 002440, 30.56455, 0.110403664, -13.967684, 0.7224576, -0.075341746, 0.6846992, 0.059712615
19751.495751958, 002441, 30.584251, 0.10986659, -13.972127, 0.72104925, -0.07541637, 0.68635374, 0.05760801
19751.512419708, 002442, 30.60382, 0.10989421, -13.97604, 0.71997863, -0.0754745, 0.6876649, 0.05523795
19751.529087458, 002443, 30.623167, 0.11022032, -13.979661, 0.71952933, -0.07539808, 0.68833756, 0.052764166
19751.54575525, 002444, 30.642298, 0.110802196, -13.983175, 0.7199455, -0.07510465, 0.6881448, 0.049945626
19751.562423, 002445, 30.661396, 0.111599125, -13.986696, 0.7209174, -0.075319305, 0.68726724, 0.047630824
19751.579090791, 002446, 30.680658, 0.112625405, -13.99034, 0.7218492, -0.075837314, 0.68636125, 0.045722507
19751.595758541, 002447, 30.69973, 0.11400456, -13.994377, 0.72232807, -0.07654213, 0.6858584, 0.044515546
19751.612426291, 002448, 30.719559, 0.11557109, -13.998449, 0.72188663, -0.07737005, 0.6862318, 0.044490658
19751.629094083, 002449, 30.739817, 0.11739971, -14.002505, 0.72034967, -0.078428045, 0.68767756, 0.04522076
19751.645761833, 002450, 30.760132, 0.11952967, -14.006359, 0.71808136, -0.07956502, 0.68989116, 0.04559248
19751.662429541, 002451, 30.78015, 0.12192727, -14.009969, 0.7161573, -0.08090952, 0.69174635, 0.04538021
19751.679097291, 002452, 30.799711, 0.124469146, -14.013478, 0.71540344, -0.08265574, 0.6923109, 0.045513082
19751.695765125, 002453, 30.81821, 0.12764856, -14.016966, 0.71537834, -0.08425213, 0.6920826, 0.046443004
19751.712432916, 002454, 30.836926, 0.13030154, -14.020605, 0.71513045, -0.08488371, 0.69215965, 0.047939908
19751.729100666, 002455, 30.855688, 0.13264412, -14.024357, 0.71413743, -0.08471546, 0.6930505, 0.050120667
19751.745768458, 002456, 30.874352, 0.13481644, -14.028126, 0.7124661, -0.08390685, 0.6946906, 0.05250283
19751.762436166, 002457, 30.892763, 0.13690612, -14.031802, 0.71066564, -0.083108515, 0.6964565, 0.05473166
19751.779103958, 002458, 30.910795, 0.13896638, -14.035315, 0.70954484, -0.082861505, 0.69749284, 0.05642524
19751.79577175, 002459, 30.927671, 0.14028081, -14.038192, 0.7095539, -0.08320552, 0.69736487, 0.05737767
19751.812439375, 002460, 30.944765, 0.14172433, -14.041202, 0.7104333, -0.083844356, 0.69633067, 0.05812273
19751.829107333, 002461, 30.96207, 0.1429018, -14.044289, 0.7113439, -0.08436142, 0.6952696, 0.05893356
19751.845774916, 002462, 30.979725, 0.14366147, -14.047468, 0.7113611, -0.0846085, 0.6951278, 0.060032923
19751.86244275, 002463, 30.997679, 0.14400846, -14.050698, 0.7103319, -0.084380046, 0.69611835, 0.061054934
19751.879110541, 002464, 31.015732, 0.14398868, -14.053864, 0.70865965, -0.08357701, 0.6978667, 0.061631482
19751.89577825, 002465, 31.033543, 0.14316857, -14.055922, 0.7071591, -0.08236485, 0.699552, 0.061391648
19751.912446083, 002466, 31.051216, 0.14235403, -14.058445, 0.70647216, -0.081324086, 0.70038944, 0.061138958
19751.929113791, 002467, 31.068771, 0.14134659, -14.061046, 0.70644444, -0.080443345, 0.7005458, 0.06083334
19751.945781666, 002468, 31.086382, 0.14006838, -14.063562, 0.706353, -0.07929444, 0.7008098, 0.060360253
19751.962449375, 002469, 31.104254, 0.13856925, -14.06595, 0.7055649, -0.078107245, 0.7017844, 0.05979949
19751.979117166, 002470, 31.122488, 0.13696104, -14.068201, 0.70394045, -0.07720889, 0.7035927, 0.05885421
19751.995784875, 002471, 31.141417, 0.13450469, -14.071111, 0.70164657, -0.07665358, 0.70605063, 0.05752288
19752.012452666, 002472, 31.16027, 0.13244617, -14.073375, 0.69929737, -0.076562, 0.70850265, 0.05608341
19752.029120375, 002473, 31.179146, 0.13038021, -14.075399, 0.6972202, -0.076671146, 0.7106127, 0.055091675
19752.045788083, 002474, 31.19809, 0.12819646, -14.077334, 0.69519454, -0.07659573, 0.7126335, 0.0546907
19752.062456, 002475, 31.217125, 0.12597936, -14.079239, 0.69306684, -0.076479234, 0.7147056, 0.054820105
19752.079123666, 002476, 31.236176, 0.123916775, -14.0811205, 0.6910844, -0.07686081, 0.7165508, 0.05522378
19752.0957915, 002477, 31.25579, 0.122109614, -14.083961, 0.6896306, -0.077625535, 0.7178504, 0.05544951
19752.112459208, 002478, 31.274733, 0.120622516, -14.086102, 0.68893987, -0.077854134, 0.71852326, 0.05499937
19752.129126958, 002479, 31.293436, 0.119400956, -14.088008, 0.68871826, -0.077147305, 0.7188411, 0.054615244
19752.145794791, 002480, 31.312387, 0.11840983, -14.089931, 0.6876767, -0.075833954, 0.7199151, 0.055427484
19752.1624625, 002481, 31.331701, 0.117760405, -14.091877, 0.68509454, -0.073453605, 0.7225522, 0.05628816
19752.179130375, 002482, 31.35272, 0.11643409, -14.094224, 0.68167436, -0.070911735, 0.7259659, 0.05713974
19752.195798, 002483, 31.372828, 0.1164358, -14.096048, 0.6784613, -0.069928564, 0.7289725, 0.058303066
19752.212465708, 002484, 31.392563, 0.11726394, -14.097535, 0.67594886, -0.07078775, 0.73115516, 0.0591123
19752.229133583, 002485, 31.41206, 0.11864293, -14.098772, 0.6744354, -0.07317281, 0.732314, 0.059151456
19752.245801333, 002486, 31.431442, 0.1203277, -14.099939, 0.6737236, -0.07662081, 0.73260325, 0.059314664
19752.262469125, 002487, 31.450832, 0.12199947, -14.1012, 0.6730471, -0.079572506, 0.7328297, 0.06030218
19752.279136791, 002488, 31.4703, 0.12339804, -14.102505, 0.6713937, -0.08127513, 0.73393583, 0.06295279
19752.295804708, 002489, 31.491446, 0.12269307, -14.104668, 0.66861314, -0.08200104, 0.7360844, 0.06642166
19752.312472458, 002490, 31.511253, 0.12336552, -14.106004, 0.66545045, -0.08275173, 0.7385831, 0.06944727
19752.329140125, 002491, 31.530233, 0.124647096, -14.106835, 0.66303986, -0.08456858, 0.74029666, 0.07202139
19752.345807916, 002492, 31.548594, 0.12599513, -14.107284, 0.6619775, -0.087084666, 0.74070585, 0.074543074
19752.362475666, 002493, 31.566551, 0.1270167, -14.107409, 0.6618556, -0.089367524, 0.7402627, 0.077275805
19752.379143416, 002494, 31.585732, 0.12602472, -14.10903, 0.66155344, -0.09078136, 0.7400347, 0.08033927
19752.395811208, 002495, 31.604176, 0.1255751, -14.109274, 0.6600554, -0.09110626, 0.74105185, 0.08287781
19752.412479, 002496, 31.622513, 0.12507248, -14.10888, 0.6574123, -0.090649724, 0.74326223, 0.08457452
19752.429146833, 002497, 31.640806, 0.124365844, -14.108085, 0.65431875, -0.08989628, 0.7459714, 0.085511446
19752.4458145, 002498, 31.65895, 0.1234402, -14.106957, 0.65167487, -0.089244284, 0.7483448, 0.08564666
19752.462482375, 002499, 31.67696, 0.122306444, -14.105506, 0.6499794, -0.08939371, 0.7498435, 0.085265905
19752.479149958, 002500, 31.694935, 0.12093765, -14.103773, 0.6491232, -0.090318605, 0.7505647, 0.08446397
19752.495817875, 002501, 31.715641, 0.11762299, -14.101209, 0.64849, -0.09173205, 0.7510241, 0.08371731
19752.512485583, 002502, 31.735025, 0.11505143, -14.09884, 0.6472172, -0.092928626, 0.7520655, 0.0828946
19752.52915325, 002503, 31.754261, 0.11253583, -14.096401, 0.64480424, -0.09373776, 0.7541043, 0.08226366
19752.545821125, 002504, 31.773613, 0.109941676, -14.093797, 0.64169157, -0.09428297, 0.75674313, 0.08174529
19752.562488958, 002505, 31.792992, 0.107348576, -14.091002, 0.6386868, -0.09470631, 0.75932586, 0.08083377
19752.579156583, 002506, 31.81223, 0.104831494, -14.0879965, 0.6364264, -0.09523584, 0.76130205, 0.079439804
19752.595824416, 002507, 31.831758, 0.102335624, -14.084106, 0.63502395, -0.09543483, 0.76261413, 0.077822804
19752.612492125, 002508, 31.850834, 0.09980013, -14.080535, 0.6344159, -0.09524672, 0.7632657, 0.07661593
19752.62916, 002509, 31.86976, 0.09724326, -14.077009, 0.63436985, -0.09467685, 0.7634395, 0.07596813
19752.645827666, 002510, 31.888689, 0.094747484, -14.073399, 0.63442177, -0.09394874, 0.7635154, 0.07567612
19752.662495541, 002511, 31.907658, 0.09243528, -14.069608, 0.6341757, -0.09307738, 0.763878, 0.07515356
19752.67916325, 002512, 31.926603, 0.09036667, -14.06566, 0.6339607, -0.092044234, 0.76426315, 0.0743193
19752.695831041, 002513, 31.94749, 0.08909937, -14.062576, 0.63436764, -0.09069637, 0.7641635, 0.07352584
19752.71249875, 002514, 31.967, 0.08768563, -14.058837, 0.63558114, -0.08888344, 0.7633928, 0.07326456
19752.729166541, 002515, 31.986216, 0.08638764, -14.054834, 0.6369136, -0.08688939, 0.7624594, 0.07380309
19752.74583425, 002516, 32.005615, 0.08542265, -14.0507, 0.63787085, -0.08481475, 0.7618007, 0.07474466
19752.762502125, 002517, 32.025375, 0.0849731, -14.0465145, 0.6380283, -0.083033636, 0.76174384, 0.075970605
19752.779169791, 002518, 32.04805, 0.085484125, -14.042855, 0.6367977, -0.081859045, 0.76273495, 0.07760784
19752.795837583, 002519, 32.068844, 0.08633092, -14.038643, 0.6346144, -0.08088105, 0.764534, 0.07880648
19752.812505375, 002520, 32.088432, 0.08775285, -14.0341015, 0.6329869, -0.0794014, 0.7660868, 0.07831984
19752.829173166, 002521, 32.107124, 0.08966054, -14.02942, 0.6328743, -0.078033276, 0.7664857, 0.076684795
19752.845840833, 002522, 32.125397, 0.09180207, -14.0248, 0.633804, -0.0777896, 0.76586735, 0.0754215
19752.862508625, 002523, 32.14364, 0.09399363, -14.020332, 0.6347363, -0.07903503, 0.7649771, 0.07532063
19752.879176458, 002524, 32.16203, 0.09619412, -14.016024, 0.6346571, -0.08096305, 0.76479846, 0.075753465
19752.895844166, 002525, 32.1808, 0.09832869, -14.012056, 0.6333485, -0.08304171, 0.76560533, 0.07630303
19752.912512, 002526, 32.19932, 0.10041637, -14.008101, 0.63149965, -0.08513959, 0.7668175, 0.0771371
19752.92917975, 002527, 32.217556, 0.10234948, -14.00424, 0.63016003, -0.08765341, 0.7674911, 0.07856634
19752.945847458, 002528, 32.23548, 0.104059674, -14.000502, 0.6300093, -0.0907343, 0.7670671, 0.08039747
19752.96251525, 002529, 32.253178, 0.10544649, -13.996901, 0.6308747, -0.09359955, 0.7658257, 0.08214075
19752.979183, 002530, 32.270775, 0.10641099, -13.993413, 0.6321011, -0.09507144, 0.7645259, 0.08312421
19752.995850791, 002531, 32.288746, 0.106513835, -13.990114, 0.6330896, -0.09536918, 0.7635771, 0.083977476
19753.012518583, 002532, 32.306763, 0.1062555, -13.986743, 0.63342464, -0.09482117, 0.7632319, 0.08520104
19753.029186375, 002533, 32.325024, 0.105569534, -13.983348, 0.6330494, -0.09369645, 0.7635287, 0.086563565
19753.045854, 002534, 32.343513, 0.104535036, -13.979928, 0.63217753, -0.09231228, 0.7642754, 0.087824225
19753.062521875, 002535, 32.36209, 0.103248574, -13.976485, 0.6313599, -0.09072497, 0.7650495, 0.08861647
19753.079189666, 002536, 32.381367, 0.10053711, -13.972644, 0.63089234, -0.08926823, 0.76556283, 0.088991284
19753.095857416, 002537, 32.400265, 0.09839475, -13.968961, 0.6307556, -0.08799094, 0.7658335, 0.088904336
19753.112525166, 002538, 32.419212, 0.09634029, -13.965296, 0.63057363, -0.08732904, 0.7660974, 0.08857316
19753.129192916, 002539, 32.438408, 0.09424437, -13.961622, 0.6300386, -0.087315395, 0.76658547, 0.08817035
19753.145860708, 002540, 32.457798, 0.09208596, -13.957942, 0.6291549, -0.08724627, 0.76740897, 0.08738219
19753.1625285, 002541, 32.477303, 0.08983741, -13.954254, 0.62813234, -0.08667085, 0.7684355, 0.08628306
19753.17919625, 002542, 32.496723, 0.08738763, -13.951417, 0.6272004, -0.08561891, 0.76942116, 0.08532311
19753.195864041, 002543, 32.516365, 0.08504206, -13.948134, 0.6263453, -0.08445, 0.7703473, 0.084408164
19753.212531833, 002544, 32.53614, 0.08281201, -13.944783, 0.62562823, -0.083298914, 0.7711298, 0.083721206
19753.229199583, 002545, 32.555984, 0.08069434, -13.941447, 0.625105, -0.0822184, 0.77172637, 0.083199255
19753.245867291, 002546, 32.575817, 0.078746386, -13.938117, 0.6247347, -0.08141882, 0.77215964, 0.08274582
19753.262535125, 002547, 32.59559, 0.07706177, -13.934793, 0.6246419, -0.08039362, 0.7724455, 0.08177608
19753.279202833, 002548, 32.616173, 0.07608975, -13.931575, 0.62490606, -0.07855801, 0.7725647, 0.080403306
19753.295870583, 002549, 32.6363, 0.07515129, -13.928424, 0.6253872, -0.07620494, 0.7725383, 0.079170845
19753.312538458, 002550, 32.656593, 0.0744419, -13.925376, 0.6255288, -0.07563353, 0.7723829, 0.0801116
19753.329206083, 002551, 32.677036, 0.07414637, -13.922382, 0.6249345, -0.07495038, 0.7728207, 0.081162386
19753.345873833, 002552, 32.69753, 0.07443172, -13.919392, 0.6241545, -0.07400814, 0.7735273, 0.081297256
19753.362541708, 002553, 32.718105, 0.07527522, -13.916476, 0.62351745, -0.07446516, 0.7739736, 0.08152135
19753.379209375, 002554, 32.73861, 0.07649773, -13.913627, 0.62317723, -0.07597164, 0.7740637, 0.081876226
19753.395877125, 002555, 32.759377, 0.077612445, -13.909665, 0.6237613, -0.07703715, 0.7735129, 0.0816381
19753.412544875, 002556, 32.779507, 0.0791183, -13.906577, 0.6253823, -0.07773887, 0.7721274, 0.081687875
19753.429212791, 002557, 32.799488, 0.08069302, -13.903844, 0.6273343, -0.07822867, 0.77038205, 0.08272403
19753.445880458, 002558, 32.819607, 0.08215926, -13.901152, 0.6286007, -0.07830593, 0.76912385, 0.084721684
19753.462548208, 002559, 32.83994, 0.08353495, -13.898298, 0.62877065, -0.07837221, 0.7686877, 0.087317444
19753.479216041, 002560, 32.86036, 0.084881335, -13.8951645, 0.62842625, -0.079047814, 0.7686158, 0.08978634
19753.495883791, 002561, 32.88089, 0.084416516, -13.891438, 0.6282702, -0.08036142, 0.76836807, 0.091810316
19753.512551541, 002562, 32.901154, 0.08518801, -13.887571, 0.6284729, -0.08194321, 0.7678204, 0.09358785
19753.529219291, 002563, 32.921364, 0.0862249, -13.883444, 0.6288064, -0.08352838, 0.767181, 0.09517769
19753.545887125, 002564, 32.941685, 0.08721779, -13.87906, 0.6288096, -0.08493106, 0.7668758, 0.09636762
19753.562554833, 002565, 32.962208, 0.08805962, -13.874441, 0.6283121, -0.08599024, 0.7670932, 0.096940316
19753.579222583, 002566, 32.98283, 0.088263474, -13.869113, 0.6272337, -0.086939745, 0.76785, 0.097086005
19753.595890458, 002567, 33.003704, 0.088487044, -13.863929, 0.62567824, -0.08772122, 0.76907456, 0.09672567
19753.612558125, 002568, 33.024605, 0.088607125, -13.858676, 0.62416327, -0.088212855, 0.7704098, 0.09543297
19753.629225916, 002569, 33.045364, 0.08856058, -13.853309, 0.6233683, -0.08877941, 0.7712227, 0.09351799
19753.645893666, 002570, 33.065987, 0.088256694, -13.847838, 0.6235961, -0.08948671, 0.77122694, 0.09126293
19753.662561416, 002571, 33.08658, 0.087615855, -13.842312, 0.624599, -0.09014253, 0.7706112, 0.0889297
19753.679229208, 002572, 33.107384, 0.08653937, -13.836732, 0.6257515, -0.0904137, 0.7698898, 0.08677597
19753.695897, 002573, 33.12909, 0.0845599, -13.830158, 0.62649244, -0.089822866, 0.76955944, 0.084954515
19753.71256475, 002574, 33.150658, 0.08244398, -13.8243885, 0.6266388, -0.088018216, 0.7698032, 0.08354298
19753.729232541, 002575, 33.17221, 0.08005951, -13.818915, 0.6267913, -0.08498988, 0.7701534, 0.082298614
19753.745900291, 002576, 33.193707, 0.077452816, -13.813628, 0.6278389, -0.0812719, 0.76981574, 0.081220284
19753.762568083, 002577, 33.21514, 0.07464112, -13.808531, 0.6300713, -0.07735204, 0.7684404, 0.080784135
19753.779235875, 002578, 33.23662, 0.07160043, -13.803577, 0.63290906, -0.07309006, 0.7664885, 0.08111325
19753.795903583, 002579, 33.257317, 0.06835408, -13.798126, 0.63526, -0.06821207, 0.76492333, 0.081755795
19753.812571375, 002580, 33.278866, 0.065153845, -13.793073, 0.6367062, -0.0630374, 0.76411057, 0.0822585
19753.82923925, 002581, 33.30069, 0.06215913, -13.788124, 0.6378461, -0.058393784, 0.7634758, 0.08274845
19753.845906916, 002582, 33.322407, 0.059514027, -13.783162, 0.6395449, -0.054083288, 0.7623596, 0.08285444
19753.86257475, 002583, 33.344025, 0.057355963, -13.778159, 0.642148, -0.050929345, 0.76034987, 0.08318701
19753.8792425, 002584, 33.36534, 0.056457326, -13.773504, 0.64521825, -0.04986367, 0.7576707, 0.08451079
19753.895910208, 002585, 33.38718, 0.055819362, -13.768614, 0.6479799, -0.050968513, 0.7549654, 0.08689859
19753.912578083, 002586, 33.409325, 0.055826567, -13.763625, 0.64960015, -0.053834364, 0.7530131, 0.089958556
19753.929245833, 002587, 33.431484, 0.056640673, -13.758582, 0.64985967, -0.05660539, 0.7523758, 0.091699
19753.945913541, 002588, 33.453217, 0.05815021, -13.753536, 0.6501068, -0.057995148, 0.7520533, 0.0917252
19753.962581291, 002589, 33.474346, 0.060070932, -13.748593, 0.6517354, -0.05817964, 0.7506902, 0.09121493
19753.979249041, 002590, 33.495125, 0.062196445, -13.743848, 0.6548414, -0.05836449, 0.74794805, 0.09137742
19753.995916791, 002591, 33.515377, 0.062126376, -13.739686, 0.65793043, -0.05937734, 0.7450877, 0.091902256
19754.012584583, 002592, 33.536324, 0.0638302, -13.735551, 0.6599163, -0.06087438, 0.74318284, 0.092108786
19754.029252375, 002593, 33.55759, 0.06613735, -13.7315855, 0.66097987, -0.06330136, 0.7419708, 0.09261709
19754.045920166, 002594, 33.578846, 0.06851546, -13.727857, 0.6618184, -0.06581474, 0.74087703, 0.0936264
19754.062587916, 002595, 33.599915, 0.070683755, -13.724422, 0.66292316, -0.06754665, 0.73952574, 0.09524696
19754.079255708, 002596, 33.620857, 0.07243593, -13.72125, 0.66448814, -0.0683972, 0.7377805, 0.097247675
19754.095923541, 002597, 33.64242, 0.0727043, -13.717822, 0.666253, -0.06897587, 0.73585933, 0.09929901
19754.112591291, 002598, 33.663418, 0.07357795, -13.714993, 0.6680931, -0.06883529, 0.73400134, 0.1007732
19754.129258958, 002599, 33.68425, 0.074357204, -13.71243, 0.66990364, -0.0679804, 0.73229116, 0.10177144
19754.145926833, 002600, 33.705055, 0.07480385, -13.709995, 0.67143065, -0.06687723, 0.7308505, 0.10278953
19754.162594541, 002601, 33.725864, 0.07492649, -13.70761, 0.6726685, -0.0655724, 0.72975355, 0.10332963
19754.179262291, 002602, 33.747257, 0.074200496, -13.704703, 0.6737705, -0.06402197, 0.72895813, 0.10273529
19754.195930083, 002603, 33.768078, 0.07354282, -13.702095, 0.67497766, -0.06261019, 0.728143, 0.10145349
19754.212597833, 002604, 33.78866, 0.07269728, -13.699583, 0.6764119, -0.06168034, 0.72712547, 0.0997539
19754.22926575, 002605, 33.809185, 0.071586035, -13.697131, 0.6779064, -0.061423227, 0.7260072, 0.09789581
19754.245933416, 002606, 33.829784, 0.07021922, -13.694759, 0.6790497, -0.061334245, 0.72526443, 0.09550464
19754.262601166, 002607, 33.850487, 0.06860232, -13.692497, 0.67967844, -0.060829096, 0.7251226, 0.09238105
19754.279268875, 002608, 33.87132, 0.066577815, -13.690198, 0.6799102, -0.06004849, 0.7253617, 0.08925537
19754.295936666, 002609, 33.892227, 0.06334794, -13.686582, 0.6800531, -0.058805164, 0.72570616, 0.08614065
19754.312604458, 002610, 33.913204, 0.06054026, -13.684216, 0.67999107, -0.05716089, 0.72619987, 0.08353673
19754.329272166, 002611, 33.934288, 0.057821307, -13.682317, 0.6795418, -0.05525636, 0.72704405, 0.08109589
19754.345940041, 002612, 33.95549, 0.05525315, -13.680636, 0.6785903, -0.053724743, 0.72832286, 0.07857894
19754.362607791, 002613, 33.97671, 0.052925203, -13.679118, 0.67744935, -0.052964326, 0.7297223, 0.0759106
19754.379275625, 002614, 33.997795, 0.050801322, -13.677761, 0.6766019, -0.053265106, 0.7306877, 0.07394691
19754.395943333, 002615, 34.018826, 0.0495169, -13.677029, 0.6765353, -0.053653188, 0.730881, 0.07234752
19754.412611125, 002616, 34.039455, 0.048139334, -13.676196, 0.67763287, -0.05461761, 0.7299056, 0.07119218
19754.429278916, 002617, 34.059994, 0.047089912, -13.675488, 0.67937195, -0.056393642, 0.72822106, 0.07048064
19754.445946625, 002618, 34.080563, 0.04651492, -13.674974, 0.68124324, -0.05816202, 0.72635335, 0.07025352
19754.462614375, 002619, 34.101257, 0.046486776, -13.674633, 0.6828532, -0.059142802, 0.72474325, 0.07043206
19754.47928225, 002620, 34.12138, 0.04642886, -13.674543, 0.683556, -0.059507836, 0.7239914, 0.07103793
19754.49595, 002621, 34.14225, 0.047365814, -13.674556, 0.68302107, -0.059219353, 0.7244785, 0.07145767
19754.512617791, 002622, 34.16321, 0.048991248, -13.674587, 0.6823243, -0.05833372, 0.72523576, 0.07115996
19754.5292855, 002623, 34.183975, 0.05118283, -13.674622, 0.6825984, -0.057924177, 0.72505844, 0.070671536
19754.54595325, 002624, 34.204494, 0.053743593, -13.674662, 0.68381596, -0.058126662, 0.7239251, 0.07035112
19754.562621041, 002625, 34.224922, 0.05647455, -13.67466, 0.68513507, -0.05883052, 0.72262305, 0.0703192
19754.57928875, 002626, 34.24531, 0.059312418, -13.674544, 0.6859324, -0.06035778, 0.72171044, 0.07062304
19754.595956583, 002627, 34.26215, 0.06172879, -13.677679, 0.6863659, -0.0624109, 0.72111166, 0.07074257
19754.612624333, 002628, 34.281097, 0.0643257, -13.678559, 0.6870321, -0.06420359, 0.7203263, 0.07067415
19754.629292166, 002629, 34.300575, 0.06660209, -13.678677, 0.68821317, -0.065425105, 0.719028, 0.07127995
19754.645959875, 002630, 34.320263, 0.06836195, -13.678511, 0.68948436, -0.06596765, 0.71759635, 0.07290445
19754.662627666, 002631, 34.34018, 0.069678225, -13.678188, 0.69004506, -0.06566867, 0.71689945, 0.07470283
19754.6792955, 002632, 34.359688, 0.07062286, -13.677804, 0.6898091, -0.06465652, 0.7171331, 0.07551762
19754.695963291, 002633, 34.375877, 0.070952184, -13.678053, 0.6895219, -0.064089105, 0.71750003, 0.07513792
19754.712631, 002634, 34.394684, 0.07141128, -13.677426, 0.68989015, -0.06482802, 0.71721214, 0.07386168
19754.72929875, 002635, 34.414368, 0.07159456, -13.676494, 0.6908373, -0.06649485, 0.7163063, 0.0723004
19754.745966458, 002636, 34.434513, 0.0712657, -13.675512, 0.6919472, -0.06852502, 0.715164, 0.071089484
19754.762634333, 002637, 34.45504, 0.07037199, -13.674617, 0.69285727, -0.07065541, 0.71413964, 0.07043513
19754.779302125, 002638, 34.475906, 0.06892632, -13.673874, 0.6933957, -0.07258726, 0.7134329, 0.07033503
19754.79596975, 002639, 34.49424, 0.06630297, -13.672805, 0.6936727, -0.0736213, 0.713097, 0.06993267
19754.812637625, 002640, 34.51449, 0.06382361, -13.67205, 0.69418824, -0.07386629, 0.7126581, 0.06902749
19754.829305458, 002641, 34.53531, 0.061330795, -13.671437, 0.6954518, -0.074157186, 0.71149445, 0.06799381
19754.845973125, 002642, 34.556255, 0.05881489, -13.670919, 0.6975702, -0.07471585, 0.7094411, 0.06713068
19754.862640916, 002643, 34.577248, 0.05622843, -13.670488, 0.70003605, -0.07485532, 0.70705223, 0.06650765
19754.87930875, 002644, 34.598232, 0.053597677, -13.670118, 0.7025492, -0.07392786, 0.70472944, 0.06569257
19754.8959765, 002645, 34.61901, 0.050966814, -13.669842, 0.70495445, -0.07228324, 0.70258623, 0.064707115
19754.912644291, 002646, 34.638744, 0.04825539, -13.66989, 0.7073811, -0.070701994, 0.7004174, 0.06347122
19754.929311958, 002647, 34.659187, 0.046146303, -13.669644, 0.7099608, -0.06981306, 0.69803345, 0.061894942
19754.945979833, 002648, 34.679688, 0.04450218, -13.6692705, 0.7130162, -0.069497235, 0.69511044, 0.05999588
19754.962647625, 002649, 34.70003, 0.04325089, -13.668848, 0.7167418, -0.06915399, 0.69147784, 0.057941724
19754.979315291, 002650, 34.720314, 0.04236356, -13.668458, 0.7209472, -0.06853109, 0.68728495, 0.056373082
19754.995983041, 002651, 34.739372, 0.041636676, -13.6678, 0.7250124, -0.06772712, 0.6831061, 0.0559993
19755.012650791, 002652, 34.75968, 0.041544236, -13.667521, 0.7285171, -0.067015335, 0.679376, 0.056743808
19755.029318625, 002653, 34.780777, 0.042202562, -13.667448, 0.73078245, -0.06753401, 0.67674214, 0.058448166
19755.045986416, 002654, 34.80236, 0.043726087, -13.667438, 0.73156136, -0.06944119, 0.6755695, 0.060014702
19755.062654208, 002655, 34.82397, 0.046019685, -13.667382, 0.73164004, -0.07185876, 0.67515975, 0.060813643
19755.079322041, 002656, 34.84575, 0.04881883, -13.667139, 0.7321671, -0.07332541, 0.6744656, 0.060421914
19755.095989791, 002657, 34.869236, 0.051782347, -13.666377, 0.7336304, -0.0735521, 0.67296827, 0.059076615
19755.112657416, 002658, 34.89089, 0.055025496, -13.6661215, 0.7356093, -0.07359991, 0.670892, 0.05801637
19755.12932525, 002659, 34.912262, 0.058361936, -13.6662445, 0.7370283, -0.07458408, 0.6692167, 0.05809931
19755.145993, 002660, 34.93388, 0.061721794, -13.666731, 0.7370226, -0.07608029, 0.66901976, 0.05849752
19755.162660833, 002661, 34.955757, 0.06498645, -13.667518, 0.735716, -0.0780423, 0.6701612, 0.05928979
19755.179328583, 002662, 34.977604, 0.06801752, -13.668493, 0.73387253, -0.08016782, 0.6718156, 0.06056371
19755.195996333, 002663, 35.00154, 0.070188254, -13.669008, 0.7324435, -0.081994034, 0.67302483, 0.061976016
19755.212664166, 002664, 35.02334, 0.07238024, -13.669979, 0.7322628, -0.08342917, 0.6729156, 0.063367285
19755.229331958, 002665, 35.04412, 0.0742819, -13.671148, 0.7335053, -0.08450583, 0.6713071, 0.06461709
19755.24599975, 002666, 35.06444, 0.075728476, -13.672465, 0.7355601, -0.0850312, 0.6688975, 0.065551706
19755.262667416, 002667, 35.08471, 0.07659228, -13.673949, 0.7373957, -0.0849199, 0.66680634, 0.06637366
19755.27933525, 002668, 35.105152, 0.07667024, -13.675549, 0.73833525, -0.08402096, 0.6657991, 0.06717964
19755.296003041, 002669, 35.12573, 0.075612545, -13.676978, 0.73835415, -0.08249048, 0.66588914, 0.06797125
19755.31267075, 002670, 35.146473, 0.07445869, -13.67875, 0.73796076, -0.080840446, 0.6664731, 0.06850011
19755.329338541, 002671, 35.167244, 0.07305973, -13.680638, 0.737787, -0.07983913, 0.66676486, 0.068706244
19755.346006333, 002672, 35.18796, 0.071360424, -13.682595, 0.738133, -0.07959913, 0.6664223, 0.06859199
19755.362674166, 002673, 35.208656, 0.069295675, -13.684655, 0.7387906, -0.07951562, 0.6657318, 0.06831484
19755.379341875, 002674, 35.229443, 0.066841036, -13.686921, 0.73929006, -0.07881805, 0.66531074, 0.0678199
19755.396009541, 002675, 35.248234, 0.06334926, -13.688501, 0.73945284, -0.077780366, 0.66529727, 0.067373045
19755.412677375, 002676, 35.268646, 0.060187027, -13.690932, 0.73918086, -0.076294824, 0.6658533, 0.066558704
19755.429345125, 002677, 35.28964, 0.057099864, -13.693736, 0.73852897, -0.07424314, 0.6669231, 0.06539441
19755.446012958, 002678, 35.310875, 0.05407219, -13.696738, 0.73747677, -0.0719359, 0.6684575, 0.06416926
19755.462680708, 002679, 35.332214, 0.051199198, -13.699864, 0.73610497, -0.06980309, 0.670316, 0.06287647
19755.479348541, 002680, 35.353214, 0.048352696, -13.7038, 0.73457265, -0.06843897, 0.6722514, 0.061620798
19755.496016208, 002681, 35.37433, 0.046013594, -13.707262, 0.7332569, -0.06832677, 0.6738188, 0.060281534
19755.512684125, 002682, 35.395336, 0.044094965, -13.710625, 0.73235345, -0.06898643, 0.6748591, 0.058859512
19755.529351833, 002683, 35.416203, 0.042623296, -13.714102, 0.7321253, -0.07014141, 0.6751013, 0.05754177
19755.546019625, 002684, 35.437084, 0.041661836, -13.717829, 0.73229253, -0.071982965, 0.6747751, 0.056961194
19755.562687458, 002685, 35.458115, 0.041142676, -13.721843, 0.7323426, -0.07350784, 0.67452925, 0.057281554
19755.579355166, 002686, 35.479343, 0.041033622, -13.726071, 0.7318544, -0.073713675, 0.6749705, 0.058054283
19755.596022875, 002687, 35.496857, 0.041652776, -13.7324, 0.73062474, -0.07368988, 0.6761432, 0.059896912
19755.612690666, 002688, 35.517296, 0.042700116, -13.737516, 0.7287282, -0.075139016, 0.67778784, 0.06255481
19755.629358375, 002689, 35.53844, 0.044382274, -13.742122, 0.72683597, -0.07709916, 0.6794437, 0.0641976
19755.64602625, 002690, 35.559372, 0.046599172, -13.746419, 0.72583663, -0.07891579, 0.6802253, 0.065014966
19755.662694, 002691, 35.57979, 0.049139045, -13.750515, 0.72589374, -0.07975526, 0.6800437, 0.06525214
19755.679361708, 002692, 35.599262, 0.051616196, -13.754443, 0.7261515, -0.080069676, 0.679669, 0.06589947
19755.696029541, 002693, 35.616703, 0.053631045, -13.758187, 0.72582936, -0.08048368, 0.6798741, 0.06682214
19755.712697333, 002694, 35.635612, 0.056197554, -13.761718, 0.7248324, -0.0812574, 0.68076116, 0.06767097
19755.729365, 002695, 35.65473, 0.05887884, -13.764983, 0.7238328, -0.0822671, 0.68162507, 0.0684502
19755.746032875, 002696, 35.673714, 0.061387487, -13.767994, 0.7233335, -0.082992226, 0.68196726, 0.06943728
19755.762700583, 002697, 35.692585, 0.063561164, -13.7707615, 0.72314596, -0.082998455, 0.6820556, 0.07050705
19755.779368375, 002698, 35.711575, 0.06539928, -13.773334, 0.7229624, -0.08260855, 0.68219465, 0.07149499
19755.796036208, 002699, 35.727234, 0.06592494, -13.774848, 0.722424, -0.08227128, 0.6827372, 0.07214463
19755.812703958, 002700, 35.745792, 0.0668486, -13.776881, 0.7210815, -0.082184255, 0.6841017, 0.07274579
19755.829371708, 002701, 35.76549, 0.0676829, -13.779003, 0.7189745, -0.08163761, 0.6863696, 0.0728537
19755.846039541, 002702, 35.78561, 0.068268076, -13.781025, 0.7165754, -0.08050616, 0.68904823, 0.07246329
19755.862707333, 002703, 35.805813, 0.06862238, -13.782831, 0.7144795, -0.07909461, 0.69150805, 0.07127013
19755.879375083, 002704, 35.82602, 0.06878253, -13.784409, 0.71299314, -0.07773501, 0.69341713, 0.06906951
19755.896042875, 002705, 35.844486, 0.0695017, -13.784975, 0.7121529, -0.07701913, 0.6945932, 0.06668247
19755.912710708, 002706, 35.864456, 0.06940687, -13.786094, 0.7116214, -0.07683635, 0.6953722, 0.06440938
19755.929378375, 002707, 35.885174, 0.06878718, -13.787424, 0.7108436, -0.07653929, 0.696399, 0.062221643
19755.946046166, 002708, 35.90636, 0.06774133, -13.788866, 0.70973784, -0.07577084, 0.6977846, 0.06022968
19755.962714041, 002709, 35.92788, 0.0663688, -13.790408, 0.70852715, -0.074561894, 0.6992939, 0.05846233
19755.979381708, 002710, 35.949562, 0.06479222, -13.792073, 0.7076198, -0.07293794, 0.70052826, 0.056695513
19755.996049458, 002711, 35.965927, 0.06317322, -13.794312, 0.7073916, -0.07082341, 0.70111656, 0.054923587
19756.01271725, 002712, 35.98579, 0.061387744, -13.796341, 0.7080053, -0.068096444, 0.7008822, 0.05343779
19756.029385041, 002713, 36.006702, 0.0595302, -13.798354, 0.70921284, -0.06476819, 0.70006657, 0.05223928
19756.046052875, 002714, 36.027992, 0.057722088, -13.800407, 0.7105467, -0.061369564, 0.699081, 0.051408518
19756.062720541, 002715, 36.0495, 0.056117214, -13.802486, 0.7116234, -0.05845883, 0.69828105, 0.050777
19756.079388333, 002716, 36.07102, 0.054862488, -13.804551, 0.71243083, -0.056497514, 0.6976651, 0.05013475
19756.096056166, 002717, 36.092216, 0.053377856, -13.8078575, 0.7134573, -0.055360995, 0.6967632, 0.04934389
19756.112723875, 002718, 36.113007, 0.052777573, -13.810287, 0.71550053, -0.053554717, 0.69494075, 0.047414005
19756.129391666, 002719, 36.133392, 0.052720055, -13.812429, 0.7188243, -0.051619567, 0.6917839, 0.045407794
19756.1460595, 002720, 36.15373, 0.053137835, -13.814556, 0.7227842, -0.05047988, 0.68780625, 0.044241242
19756.162727291, 002721, 36.174393, 0.054096118, -13.816847, 0.7262111, -0.05040205, 0.6842056, 0.04404127
19756.179395, 002722, 36.19548, 0.054984685, -13.820673, 0.72788036, -0.051221002, 0.68232316, 0.044738367
19756.196062791, 002723, 36.216827, 0.056873977, -13.823714, 0.72771937, -0.05170804, 0.6824646, 0.04464095
19756.212730541, 002724, 36.237804, 0.05938733, -13.826433, 0.72744864, -0.051129844, 0.68290114, 0.04301377
19756.229398375, 002725, 36.258114, 0.06223214, -13.829002, 0.72893006, -0.05047855, 0.68147045, 0.041362204
19756.246066083, 002726, 36.27796, 0.06518448, -13.831592, 0.7319463, -0.050495043, 0.6782678, 0.04071317
19756.262733916, 002727, 36.297825, 0.06818832, -13.83435, 0.7349699, -0.05170166, 0.67487025, 0.041186675
19756.279401708, 002728, 36.318287, 0.0706876, -13.836914, 0.7365459, -0.054013107, 0.67289376, 0.042386975
19756.296069375, 002729, 36.338802, 0.0734262, -13.839994, 0.7365215, -0.05671084, 0.6725748, 0.044307698
19756.31273725, 002730, 36.35916, 0.07601181, -13.843316, 0.7357575, -0.058763657, 0.6730742, 0.0466774
19756.329404958, 002731, 36.379032, 0.07831637, -13.846691, 0.7354973, -0.059970055, 0.6730729, 0.04919494
19756.346072791, 002732, 36.39828, 0.08039794, -13.85005, 0.73665005, -0.060978718, 0.67155564, 0.051391963
19756.362740583, 002733, 36.416992, 0.08222606, -13.853412, 0.7392229, -0.06195722, 0.66850936, 0.052971046
19756.379408333, 002734, 36.43549, 0.08361337, -13.85687, 0.74237114, -0.06242206, 0.6648575, 0.054341692
19756.396076041, 002735, 36.45393, 0.08335864, -13.859917, 0.745064, -0.062104527, 0.6617469, 0.055799793
19756.412743875, 002736, 36.472706, 0.08317021, -13.863513, 0.7466552, -0.060455576, 0.6599964, 0.057058446
19756.429411625, 002737, 36.491753, 0.08262529, -13.867312, 0.74720335, -0.05782224, 0.6595342, 0.05795052
19756.446079333, 002738, 36.510906, 0.08171844, -13.871137, 0.7475194, -0.05539341, 0.65932995, 0.058568746
19756.462747208, 002739, 36.529984, 0.08054534, -13.874886, 0.7484504, -0.053968266, 0.65836513, 0.05886274
19756.479414958, 002740, 36.548973, 0.079123296, -13.878565, 0.7499371, -0.053445157, 0.6567169, 0.058829
19756.49608275, 002741, 36.56792, 0.07728725, -13.882032, 0.7513797, -0.052842505, 0.6551484, 0.058452643
19756.512750458, 002742, 36.58686, 0.0748678, -13.885115, 0.7522465, -0.05151266, 0.6542946, 0.058053363
19756.52941825, 002743, 36.60607, 0.07232312, -13.888648, 0.7524653, -0.049467765, 0.6542381, 0.05763021
19756.546086, 002744, 36.625446, 0.06966311, -13.892339, 0.75234896, -0.04736555, 0.65456426, 0.05721202
19756.562753875, 002745, 36.64489, 0.06696571, -13.89607, 0.75213104, -0.045647208, 0.6549772, 0.056744624
19756.579421541, 002746, 36.664387, 0.064289734, -13.899808, 0.7518359, -0.04438613, 0.65544677, 0.05623281
19756.596089375, 002747, 36.68274, 0.059562407, -13.901715, 0.7513384, -0.043323718, 0.6561275, 0.055768933
19756.612757208, 002748, 36.701748, 0.05631747, -13.904819, 0.7506071, -0.042061653, 0.6570915, 0.055231515
19756.629424916, 002749, 36.72081, 0.053660396, -13.908259, 0.74988407, -0.04059722, 0.65806764, 0.054522913
19756.646092791, 002750, 36.73968, 0.05140618, -13.911792, 0.7494494, -0.0390952, 0.658745, 0.053405143
19756.6627605, 002751, 36.758385, 0.049595885, -13.915432, 0.7496133, -0.038221925, 0.6587073, 0.0521881
19756.679428208, 002752, 36.777092, 0.04827401, -13.91934, 0.75009304, -0.03905896, 0.65813524, 0.05189233
19756.696096125, 002753, 36.795883, 0.047442146, -13.923628, 0.7502232, -0.04058851, 0.65789294, 0.051908705
19756.712763875, 002754, 36.814167, 0.046758093, -13.928569, 0.75020456, -0.041791957, 0.6578234, 0.052104075
19756.729431625, 002755, 36.832676, 0.046632834, -13.933671, 0.7502328, -0.042948548, 0.6576124, 0.05340565
19756.746099375, 002756, 36.85108, 0.04702895, -13.93903, 0.75050133, -0.044637505, 0.65703714, 0.055293523
19756.762767166, 002757, 36.869125, 0.047956493, -13.944552, 0.7514223, -0.046940215, 0.6556873, 0.056879025
19756.779434916, 002758, 36.886745, 0.049296543, -13.950271, 0.7533096, -0.049914595, 0.6531307, 0.05876547
19756.796102666, 002759, 36.9039, 0.05086131, -13.956205, 0.7559857, -0.052531216, 0.6496425, 0.060749613
19756.812770416, 002760, 36.921284, 0.051613756, -13.9623165, 0.7588188, -0.05480698, 0.6458445, 0.063835934
19756.829438333, 002761, 36.938137, 0.052897137, -13.968499, 0.7614199, -0.05725501, 0.64211196, 0.06821864
19756.846106041, 002762, 36.954678, 0.05441983, -13.974648, 0.76409924, -0.060212664, 0.63810605, 0.07312605
19756.86277375, 002763, 36.970936, 0.055989638, -13.980688, 0.7669219, -0.06303316, 0.6339104, 0.07755762
19756.8794415, 002764, 36.987118, 0.057408445, -13.98663, 0.76955384, -0.06543232, 0.62991583, 0.08192346
19756.896109291, 002765, 37.003227, 0.058575492, -13.992434, 0.7717346, -0.066732526, 0.6266177, 0.08557253
19756.912777125, 002766, 37.020878, 0.05781323, -13.997781, 0.7735973, -0.06659494, 0.6240489, 0.0876077
19756.929444875, 002767, 37.03731, 0.05813134, -14.003264, 0.77544403, -0.066127546, 0.62163675, 0.088777065
19756.946112666, 002768, 37.05327, 0.05876696, -14.008738, 0.77773005, -0.06605984, 0.6187013, 0.08933516
19756.962780458, 002769, 37.06903, 0.059409827, -14.01414, 0.7804643, -0.06627709, 0.61522967, 0.08930367
19756.979448208, 002770, 37.084793, 0.059924558, -14.019508, 0.7832811, -0.066897884, 0.6116214, 0.08896375
19756.996116, 002771, 37.100716, 0.06026895, -14.024936, 0.7858132, -0.06795431, 0.6083183, 0.08847905
19757.01278375, 002772, 37.119724, 0.059824377, -14.031857, 0.7879856, -0.069420375, 0.6053683, 0.08825312
19757.029451541, 002773, 37.13697, 0.05944321, -14.038018, 0.7899563, -0.071114436, 0.6025441, 0.08861325
19757.046119458, 002774, 37.153606, 0.058888055, -14.044054, 0.7920901, -0.07293702, 0.5993586, 0.08968067
19757.062787083, 002775, 37.16984, 0.05812134, -14.050057, 0.79468423, -0.0745997, 0.59552175, 0.09091503
19757.079454875, 002776, 37.185802, 0.0571823, -14.056079, 0.7976162, -0.07607593, 0.59124124, 0.09194854
19757.096122625, 002777, 37.202366, 0.05576488, -14.062448, 0.8005787, -0.077250585, 0.586918, 0.09291561
19757.112790416, 002778, 37.219894, 0.053647198, -14.069324, 0.8035896, -0.07781063, 0.58247983, 0.094374254
19757.129458166, 002779, 37.235714, 0.051904954, -14.07614, 0.80673426, -0.077792116, 0.5777048, 0.096878245
19757.146126, 002780, 37.250652, 0.050080746, -14.083211, 0.81019145, -0.07701923, 0.57225037, 0.100932196
19757.162793875, 002781, 37.264954, 0.048003834, -14.090544, 0.81391007, -0.07532022, 0.56614333, 0.10657862
19757.179461625, 002782, 37.27869, 0.045751788, -14.098016, 0.8177689, -0.072180524, 0.55989426, 0.112082005
19757.196129333, 002783, 37.292027, 0.04346873, -14.105538, 0.8218025, -0.06815854, 0.55339336, 0.117263496
19757.212797125, 002784, 37.30654, 0.04052936, -14.114221, 0.8254058, -0.06531509, 0.5468984, 0.123860314
19757.229464875, 002785, 37.320366, 0.038418848, -14.122152, 0.82776284, -0.06451917, 0.54159087, 0.13162513
19757.246132625, 002786, 37.33392, 0.03706216, -14.129659, 0.829281, -0.064497754, 0.5379947, 0.13672866
19757.262800458, 002787, 37.34712, 0.03631082, -14.136779, 0.8312021, -0.06425332, 0.5346857, 0.1381514
19757.27946825, 002788, 37.35999, 0.0358113, -14.143636, 0.8341269, -0.06431042, 0.5298553, 0.13910353
19757.296136041, 002789, 37.373333, 0.034985673, -14.150231, 0.8376698, -0.064643055, 0.52350694, 0.1416727
19757.312803791, 002790, 37.3876, 0.033797566, -14.156632, 0.8407751, -0.06496419, 0.5176463, 0.14463478
19757.329471583, 002791, 37.401222, 0.033447504, -14.163609, 0.8425779, -0.06583811, 0.5139919, 0.14676589
19757.34613925, 002792, 37.414833, 0.03372428, -14.170835, 0.84323955, -0.06780765, 0.5124639, 0.14741038
19757.362807166, 002793, 37.42838, 0.034374952, -14.178049, 0.8438816, -0.07089178, 0.51098347, 0.14742477
19757.379474791, 002794, 37.443806, 0.034970403, -14.186222, 0.8453565, -0.0751173, 0.5078286, 0.14778264
19757.396142666, 002795, 37.457664, 0.035607137, -14.19368, 0.8475858, -0.07905248, 0.50338197, 0.14817426
19757.4128105, 002796, 37.470966, 0.035979807, -14.201049, 0.85006243, -0.08179508, 0.49851242, 0.14895877
19757.429478208, 002797, 37.48409, 0.035922226, -14.208596, 0.85224277, -0.08265308, 0.4943431, 0.14991851
19757.446145958, 002798, 37.497185, 0.035428233, -14.21643, 0.8538491, -0.08135973, 0.4916242, 0.15042545
19757.46281375, 002799, 37.51037, 0.034625705, -14.224509, 0.8549202, -0.07904464, 0.4900529, 0.1507033
19757.479481625, 002800, 37.52366, 0.033676907, -14.232741, 0.8557134, -0.07670264, 0.48907217, 0.15059744
19757.496149458, 002801, 37.53746, 0.032651003, -14.241198, 0.85640055, -0.07488751, 0.48828623, 0.15015493
19757.512817083, 002802, 37.55196, 0.03155828, -14.249905, 0.8569742, -0.07396907, 0.487478, 0.14996308
19757.529484875, 002803, 37.56611, 0.030431762, -14.258606, 0.8573701, -0.0737623, 0.48683932, 0.14987706
19757.546152625, 002804, 37.58022, 0.029311642, -14.267473, 0.85758215, -0.07406524, 0.48646867, 0.14971785
19757.5628205, 002805, 37.59445, 0.028262284, -14.276602, 0.85746676, -0.07491458, 0.4866185, 0.149469
19757.579488291, 002806, 37.608772, 0.027244888, -14.285976, 0.85703236, -0.07527991, 0.48774543, 0.14809749
19757.596155958, 002807, 37.620724, 0.026161969, -14.294955, 0.8564549, -0.07488754, 0.48931375, 0.14645435
19757.612823791, 002808, 37.634308, 0.024989985, -14.304613, 0.85604227, -0.07380136, 0.49059367, 0.14513043
19757.629491541, 002809, 37.64834, 0.023782652, -14.314655, 0.85605854, -0.07257514, 0.49079078, 0.14498635
19757.646159375, 002810, 37.66252, 0.022661466, -14.324961, 0.8562464, -0.0713013, 0.49058682, 0.14519913
19757.662827083, 002811, 37.676872, 0.021821454, -14.335461, 0.8562584, -0.07018015, 0.4909703, 0.14437594
19757.679494916, 002812, 37.69146, 0.021341207, -14.34617, 0.8556548, -0.06962567, 0.4926061, 0.14264084
19757.696162708, 002813, 37.70173, 0.021444786, -14.355697, 0.85462785, -0.06975399, 0.4948453, 0.14097415
19757.712830458, 002814, 37.714973, 0.021705754, -14.366309, 0.8536317, -0.06999857, 0.49697664, 0.1393819
19757.729498333, 002815, 37.72905, 0.02221296, -14.377285, 0.85309833, -0.06975413, 0.49833703, 0.13790503
19757.746166, 002816, 37.74333, 0.022996057, -14.388397, 0.85289115, -0.06887403, 0.49913856, 0.13672458
19757.762833791, 002817, 37.757698, 0.024125692, -14.399569, 0.8525888, -0.06746273, 0.50021785, 0.13536312
19757.779501583, 002818, 37.77223, 0.02567814, -14.410684, 0.8520531, -0.06618848, 0.50176585, 0.1336246
19757.796169291, 002819, 37.782936, 0.028221287, -14.420417, 0.8513939, -0.06578492, 0.50347584, 0.13157858
19757.812837125, 002820, 37.79655, 0.030716244, -14.430992, 0.85055685, -0.06702348, 0.5051348, 0.1299987
19757.829504958, 002821, 37.811222, 0.03322751, -14.441776, 0.8495423, -0.06940262, 0.5067869, 0.12895015
19757.846172666, 002822, 37.826275, 0.035745688, -14.452597, 0.84839296, -0.071977265, 0.5086299, 0.1278442
19757.862840416, 002823, 37.84142, 0.03819879, -14.463392, 0.8469872, -0.074102655, 0.5109671, 0.12662554
19757.879508291, 002824, 37.856636, 0.04047724, -14.474098, 0.8451352, -0.07575811, 0.5139427, 0.12597597
19757.896176083, 002825, 37.870796, 0.04222829, -14.484027, 0.842931, -0.07711269, 0.5174275, 0.1256567
19757.912843708, 002826, 37.885654, 0.044029493, -14.494045, 0.8405621, -0.0789808, 0.5209378, 0.12586203
19757.929511625, 002827, 37.9007, 0.045707766, -14.503797, 0.8382714, -0.08151311, 0.5240023, 0.12679969
19757.946179375, 002828, 37.915775, 0.04717332, -14.513222, 0.8361095, -0.08438713, 0.5266138, 0.1283653
19757.962847208, 002829, 37.930813, 0.04834488, -14.522369, 0.8340301, -0.08696144, 0.5289776, 0.13043852
19757.979514958, 002830, 37.94579, 0.049222253, -14.531293, 0.83191955, -0.088635735, 0.53149074, 0.132556
19757.996182708, 002831, 37.95951, 0.049725983, -14.540483, 0.8298445, -0.089151815, 0.53425187, 0.13410795
19758.0128505, 002832, 37.97403, 0.050149404, -14.549298, 0.8278776, -0.08943189, 0.53687006, 0.13561381
19758.029518291, 002833, 37.98893, 0.050475102, -14.557948, 0.8258293, -0.08983298, 0.5396347, 0.13685897
19758.046186041, 002834, 38.004074, 0.050730847, -14.566476, 0.82367027, -0.09064417, 0.5425985, 0.13761434
19758.062853875, 002835, 38.019405, 0.05091109, -14.574879, 0.8216098, -0.092083275, 0.545341, 0.13813418
19758.079521708, 002836, 38.0349, 0.05103671, -14.583163, 0.81975025, -0.093902364, 0.54793286, 0.1377006
19758.096189458, 002837, 38.05064, 0.050646786, -14.592261, 0.81818473, -0.09610689, 0.5501438, 0.13667098
19758.112857208, 002838, 38.066437, 0.050255653, -14.600752, 0.81685454, -0.09861439, 0.55184317, 0.13598844
19758.129525, 002839, 38.082394, 0.049602557, -14.609068, 0.8156335, -0.10070037, 0.55341035, 0.13541885
19758.146192666, 002840, 38.098564, 0.04862893, -14.617338, 0.814336, -0.10197721, 0.55530864, 0.13449831
19758.162860541, 002841, 38.114975, 0.047393486, -14.6256485, 0.8128885, -0.102581635, 0.5575888, 0.13335648
19758.179528291, 002842, 38.131596, 0.045949094, -14.634016, 0.8114473, -0.10301429, 0.55983865, 0.13237077
19758.196195958, 002843, 38.149963, 0.044415362, -14.642279, 0.810221, -0.10320072, 0.561762, 0.131586
19758.212863916, 002844, 38.167316, 0.042698953, -14.650467, 0.80943024, -0.10252501, 0.563387, 0.13002415
19758.229531541, 002845, 38.184307, 0.040862426, -14.65852, 0.80926055, -0.10111627, 0.5642862, 0.12827285
19758.246199333, 002846, 38.20123, 0.039021477, -14.6664915, 0.80961716, -0.099890046, 0.5642307, 0.12722306
19758.26286725, 002847, 38.218285, 0.037322875, -14.674416, 0.8100407, -0.09914271, 0.56396306, 0.12629525
19758.279535, 002848, 38.235577, 0.035882495, -14.68229, 0.8099852, -0.09889199, 0.5643968, 0.12490215
19758.296202708, 002849, 38.25362, 0.03444727, -14.690397, 0.8095109, -0.09886017, 0.565531, 0.1228555
19758.3128705, 002850, 38.27122, 0.033467866, -14.698197, 0.8093645, -0.098722994, 0.5662574, 0.12056273
19758.329538291, 002851, 38.288525, 0.032791026, -14.7058325, 0.81009394, -0.09836704, 0.56570387, 0.118536405
19758.346206125, 002852, 38.305702, 0.032351673, -14.713431, 0.8115565, -0.09791669, 0.5639109, 0.1174432
19758.362873916, 002853, 38.32298, 0.032187413, -14.721073, 0.8128598, -0.0970414, 0.5623011, 0.11687351
19758.379541666, 002854, 38.34052, 0.03242015, -14.728822, 0.813662, -0.09545367, 0.56158566, 0.116035834
19758.396209375, 002855, 38.359673, 0.03313817, -14.736321, 0.81378776, -0.094441585, 0.56154835, 0.116162404
19758.41287725, 002856, 38.378407, 0.03441252, -14.744156, 0.813017, -0.094251685, 0.56262606, 0.116497956
19758.429544958, 002857, 38.3971, 0.03625618, -14.751943, 0.81144315, -0.09484929, 0.5648491, 0.11622903
19758.44621275, 002858, 38.415634, 0.038639598, -14.759498, 0.80971557, -0.09632797, 0.5673375, 0.114933394
19758.462880541, 002859, 38.433792, 0.041359305, -14.766819, 0.80871874, -0.098056234, 0.56895125, 0.11248782
19758.479548291, 002860, 38.451553, 0.044020485, -14.77399, 0.80851847, -0.09991791, 0.5691762, 0.11114272
19758.496216041, 002861, 38.46951, 0.045048606, -14.778115, 0.8085231, -0.10130781, 0.5689058, 0.11123523
19758.512883916, 002862, 38.48698, 0.046737168, -14.784373, 0.8080644, -0.10192143, 0.5693085, 0.111944884
19758.529551708, 002863, 38.504284, 0.048554316, -14.791418, 0.8068097, -0.102553874, 0.5707146, 0.11325012
19758.546219416, 002864, 38.521484, 0.05032435, -14.798733, 0.80485916, -0.10361312, 0.5729174, 0.11502822
19758.562887333, 002865, 38.53847, 0.0520014, -14.806049, 0.8027222, -0.10508115, 0.5752542, 0.11695085
19758.579555, 002866, 38.555054, 0.053570766, -14.813223, 0.80109775, -0.106688865, 0.57689214, 0.11855506
19758.596222791, 002867, 38.570683, 0.054434717, -14.819473, 0.80042374, -0.10828593, 0.57727796, 0.11977484
19758.612890625, 002868, 38.58559, 0.05461093, -14.825051, 0.8005346, -0.10965928, 0.576648, 0.12081421
19758.629558375, 002869, 38.600967, 0.055038966, -14.831565, 0.80076414, -0.110888205, 0.5758171, 0.12212815
19758.646226083, 002870, 38.616653, 0.055279363, -14.838507, 0.8003559, -0.1118153, 0.57590675, 0.12352747
19758.662893833, 002871, 38.632618, 0.055238098, -14.845675, 0.7989319, -0.11205956, 0.57766, 0.12433546
19758.679561708, 002872, 38.648273, 0.054760594, -14.851548, 0.796943, -0.1115506, 0.58054394, 0.124124534
19758.696229458, 002873, 38.664165, 0.054119747, -14.858266, 0.7950972, -0.11090883, 0.5832763, 0.12372702
19758.712897208, 002874, 38.680046, 0.053261615, -14.865133, 0.7939212, -0.11065791, 0.58501744, 0.123282224
19758.729565041, 002875, 38.695965, 0.05222692, -14.872039, 0.7932903, -0.11114297, 0.5858765, 0.12282653
19758.746232791, 002876, 38.712063, 0.051036432, -14.879076, 0.7924957, -0.11223634, 0.5868048, 0.12252959
19758.762900583, 002877, 38.72839, 0.04967551, -14.88629, 0.7911254, -0.11279458, 0.5886842, 0.12185592
19758.779568375, 002878, 38.74483, 0.048106283, -14.893571, 0.7892112, -0.11224618, 0.59158057, 0.12074247
19758.796236041, 002879, 38.760265, 0.04634624, -14.900048, 0.7870199, -0.11025791, 0.5952931, 0.1186121
19758.812903916, 002880, 38.77636, 0.044502147, -14.906987, 0.78516734, -0.107846454, 0.5986192, 0.11634524
19758.82957175, 002881, 38.792725, 0.042657867, -14.9140835, 0.78365976, -0.10611674, 0.6012163, 0.114697516
19758.8462395, 002882, 38.809303, 0.04091494, -14.9212475, 0.78199106, -0.10509767, 0.60386384, 0.11310553
19758.86290725, 002883, 38.82608, 0.039320648, -14.928438, 0.77970105, -0.10453826, 0.60722715, 0.11141439
19758.879575, 002884, 38.84293, 0.037915695, -14.935619, 0.77689624, -0.10423776, 0.6111885, 0.10961436
19758.896242875, 002885, 38.858704, 0.03638914, -14.941923, 0.77405447, -0.10365345, 0.61526394, 0.10745185
19758.912910666, 002886, 38.873596, 0.034880724, -14.947565, 0.7716807, -0.102041155, 0.61899585, 0.10459753
19758.929578375, 002887, 38.889355, 0.03404894, -14.954028, 0.77011436, -0.100304596, 0.6215934, 0.1023933
19758.946246125, 002888, 38.9055, 0.033733547, -14.9608, 0.7687989, -0.099460475, 0.6235355, 0.10128778
19758.962914083, 002889, 38.921944, 0.03398106, -14.967696, 0.7673178, -0.099392906, 0.6255131, 0.100388
19758.97958175, 002890, 38.938766, 0.034774087, -14.974654, 0.7650939, -0.10063455, 0.6281129, 0.09989066
19758.996249541, 002891, 38.95587, 0.034513637, -14.981014, 0.76170594, -0.103957795, 0.63165116, 0.10006791
19759.012917291, 002892, 38.9732, 0.035729818, -14.987699, 0.7575963, -0.10893769, 0.63574344, 0.10005301
19759.029585041, 002893, 38.990234, 0.037549376, -14.99436, 0.7538624, -0.11349664, 0.6395482, 0.098934844
19759.046252791, 002894, 39.006668, 0.039447974, -15.000923, 0.7512263, -0.11638479, 0.6422845, 0.09789829
19759.062920708, 002895, 39.022564, 0.041161332, -15.007406, 0.7497134, -0.1176335, 0.6437918, 0.09810299
19759.079588458, 002896, 39.038147, 0.04270181, -15.013754, 0.7485461, -0.11803664, 0.64486456, 0.09947669
19759.096256291, 002897, 39.05391, 0.044042148, -15.019799, 0.7469728, -0.118591264, 0.6463268, 0.10114029
19759.112923916, 002898, 39.069805, 0.045410097, -15.025493, 0.7449267, -0.11999021, 0.64825827, 0.10221442
19759.129591791, 002899, 39.085392, 0.04703711, -15.030909, 0.74277246, -0.12247995, 0.6501857, 0.10269512
19759.146259583, 002900, 39.10075, 0.048541136, -15.036022, 0.7408845, -0.1253338, 0.6517546, 0.102944314
19759.16292725, 002901, 39.115982, 0.049651314, -15.040915, 0.7392052, -0.1275488, 0.65321535, 0.103036985
19759.179595083, 002902, 39.131184, 0.05022057, -15.045683, 0.7375983, -0.12885462, 0.6547125, 0.103424825
19759.196262875, 002903, 39.147663, 0.04926645, -15.050608, 0.73583084, -0.12944286, 0.65641254, 0.10449871
19759.212930666, 002904, 39.163445, 0.048520327, -15.055257, 0.73385936, -0.12938006, 0.6585004, 0.10530205
19759.229598416, 002905, 39.179134, 0.047696672, -15.059673, 0.73168105, -0.12946154, 0.66083735, 0.10571886
19759.24626625, 002906, 39.194855, 0.046755143, -15.063825, 0.7295518, -0.13015296, 0.6630628, 0.105649896
19759.262934041, 002907, 39.21064, 0.045678172, -15.067736, 0.7278429, -0.13132022, 0.6648147, 0.104981415
19759.279601833, 002908, 39.22648, 0.04441089, -15.0714655, 0.7267013, -0.13292783, 0.6658669, 0.104194835
19759.296269666, 002909, 39.244343, 0.04239793, -15.075177, 0.72614956, -0.13482839, 0.6661086, 0.10405451
19759.312937375, 002910, 39.26108, 0.04031667, -15.078781, 0.7257484, -0.13625789, 0.66618353, 0.104510434
19759.329605166, 002911, 39.277706, 0.038010415, -15.082329, 0.72491, -0.13688633, 0.6668879, 0.10501495
19759.346272916, 002912, 39.294502, 0.035506733, -15.085803, 0.723422, -0.13719477, 0.6683241, 0.10573984
19759.362940666, 002913, 39.31141, 0.032888684, -15.089176, 0.7217863, -0.13712732, 0.6700138, 0.1063103
19759.379608416, 002914, 39.32826, 0.030237027, -15.09239, 0.7206796, -0.13681182, 0.6711863, 0.10682811
19759.396276208, 002915, 39.343758, 0.026510663, -15.095009, 0.7205277, -0.13637552, 0.67139983, 0.107069336
19759.412944041, 002916, 39.359936, 0.023614991, -15.097675, 0.7210428, -0.13551177, 0.6710223, 0.10706435
19759.429611791, 002917, 39.3764, 0.021011323, -15.100231, 0.7218503, -0.13434778, 0.67040616, 0.10695004
19759.446279666, 002918, 39.393044, 0.018523429, -15.1026125, 0.72265387, -0.13287367, 0.6698417, 0.10690233
19759.462947416, 002919, 39.40983, 0.01616617, -15.1047945, 0.7232852, -0.13125603, 0.6694745, 0.10693064
19759.479615166, 002920, 39.426704, 0.014044926, -15.106764, 0.7237133, -0.12964816, 0.66935706, 0.10673132
19759.496283041, 002921, 39.442966, 0.01150709, -15.10866, 0.7241552, -0.12801026, 0.6693205, 0.10593665
19759.512950625, 002922, 39.459465, 0.009721525, -15.110244, 0.72519994, -0.12589522, 0.66876626, 0.10481963
19759.529618541, 002923, 39.4759, 0.008286517, -15.1116705, 0.72702235, -0.12403165, 0.6671852, 0.104491495
19759.546286333, 002924, 39.492332, 0.007150829, -15.113073, 0.7293153, -0.12286046, 0.66484094, 0.104838386
19759.562954041, 002925, 39.508915, 0.0063028187, -15.114574, 0.7315467, -0.12288192, 0.6621417, 0.10633748
19759.579621916, 002926, 39.525845, 0.0056604706, -15.116261, 0.73247516, -0.12384789, 0.6604357, 0.10939135
19759.596289708, 002927, 39.54349, 0.0054325014, -15.118281, 0.7313863, -0.12410669, 0.6611001, 0.11233086
19759.612957375, 002928, 39.561268, 0.0054138303, -15.120232, 0.7291302, -0.123314075, 0.66334224, 0.114628896
19759.62962525, 002929, 39.578167, 0.005287748, -15.121584, 0.7272078, -0.12227217, 0.6653637, 0.11622946
19759.646293, 002930, 39.594566, 0.005275354, -15.12266, 0.7264361, -0.12198185, 0.6660029, 0.117690206
19759.662960833, 002931, 39.610832, 0.005412504, -15.123716, 0.72636044, -0.12380062, 0.6652597, 0.12042984
19759.6796285, 002932, 39.627262, 0.0057205185, -15.124877, 0.7258789, -0.1268997, 0.66457164, 0.12385818
19759.696296291, 002933, 39.644787, 0.0059559196, -15.12696, 0.72419554, -0.13044403, 0.66498965, 0.12772599
19759.712964083, 002934, 39.662125, 0.0063744374, -15.128623, 0.72075355, -0.1347121, 0.6669419, 0.13249663
19759.729631916, 002935, 39.679436, 0.0069560446, -15.130119, 0.71602553, -0.13884093, 0.6702952, 0.13687533
19759.746299708, 002936, 39.69655, 0.007772252, -15.131485, 0.7109606, -0.14264551, 0.6742468, 0.139923
19759.762967458, 002937, 39.713253, 0.0088461265, -15.1327, 0.70676994, -0.14612661, 0.6776822, 0.14096157
19759.779635333, 002938, 39.72919, 0.009596499, -15.135828, 0.7040081, -0.1491947, 0.6799635, 0.14058158
19759.796303, 002939, 39.74465, 0.010483824, -15.137449, 0.70303965, -0.15161082, 0.68056613, 0.13992554
19759.812970791, 002940, 39.759552, 0.011216462, -15.138677, 0.7038722, -0.15286942, 0.6794872, 0.13961318
19759.829638666, 002941, 39.774044, 0.01180172, -15.1399, 0.70580584, -0.15275007, 0.67759925, 0.13915692
19759.846306416, 002942, 39.788433, 0.0123694055, -15.141224, 0.7077746, -0.15182447, 0.6760194, 0.13784854
19759.862974166, 002943, 39.802967, 0.01297925, -15.142684, 0.70910734, -0.15056542, 0.6753834, 0.13547663
19759.879641958, 002944, 39.817764, 0.013652708, -15.144316, 0.7095601, -0.1489634, 0.6759421, 0.13204725
19759.89630975, 002945, 39.833138, 0.01333439, -15.148214, 0.70912874, -0.14710304, 0.6774894, 0.12847237
19759.912977458, 002946, 39.848484, 0.013664577, -15.15104, 0.70840836, -0.14550647, 0.6791677, 0.12536593
19759.929645333, 002947, 39.863773, 0.014178202, -15.153671, 0.70782983, -0.1434248, 0.68076724, 0.12232021
19759.946313041, 002948, 39.87893, 0.014708504, -15.156348, 0.7076805, -0.14074646, 0.68199855, 0.11940154
19759.962980833, 002949, 39.89401, 0.015216924, -15.159137, 0.707858, -0.13801163, 0.68282497, 0.11678941
19759.979648625, 002950, 39.909184, 0.015735842, -15.16206, 0.707827, -0.1359355, 0.683681, 0.114380024
19759.996316375, 002951, 39.925457, 0.015772577, -15.164561, 0.70736253, -0.13438, 0.6849424, 0.11150807
19760.01298425, 002952, 39.941185, 0.01621819, -15.167575, 0.7068828, -0.13352592, 0.6860764, 0.10856674
19760.029652, 002953, 39.95661, 0.016780782, -15.170846, 0.7070427, -0.13310945, 0.6864097, 0.10589658
19760.046319791, 002954, 39.97175, 0.017311674, -15.174263, 0.7080905, -0.13258696, 0.6857989, 0.1034818
19760.062987583, 002955, 39.986595, 0.01769106, -15.177752, 0.7097042, -0.13126805, 0.68469757, 0.10137985
19760.079655375, 002956, 40.00122, 0.01792571, -15.181296, 0.7115682, -0.1288093, 0.68353146, 0.099315576
19760.096323125, 002957, 40.017654, 0.018721774, -15.185033, 0.71325094, -0.12530987, 0.682763, 0.09698066
19760.112990833, 002958, 40.032993, 0.019088693, -15.18877, 0.71439785, -0.12131116, 0.68258965, 0.09481821
19760.129658708, 002959, 40.048294, 0.019381315, -15.192567, 0.71426886, -0.11745725, 0.6836294, 0.09313762
19760.146326458, 002960, 40.063797, 0.019898765, -15.196398, 0.71315354, -0.11399725, 0.6856194, 0.091337204
19760.16299425, 002961, 40.079514, 0.020836595, -15.200258, 0.7120757, -0.11209757, 0.6872239, 0.09003134
19760.179662, 002962, 40.095486, 0.022269208, -15.204116, 0.7108126, -0.11335151, 0.68826956, 0.0904532
19760.196329875, 002963, 40.113747, 0.024455372, -15.209154, 0.7088129, -0.1160939, 0.68986964, 0.090478025
19760.2129975, 002964, 40.130093, 0.027042003, -15.213035, 0.70666033, -0.118342064, 0.69195557, 0.08845203
19760.229665375, 002965, 40.1454, 0.029793028, -15.216333, 0.7054459, -0.119879775, 0.6933005, 0.085494824
19760.246333208, 002966, 40.160034, 0.03239307, -15.219283, 0.7055686, -0.120854095, 0.69326085, 0.083406
19760.263000958, 002967, 40.174313, 0.03469898, -15.221977, 0.70651925, -0.12115527, 0.6923166, 0.08276329
19760.279668708, 002968, 40.188553, 0.036792666, -15.224386, 0.7070681, -0.12121658, 0.69173044, 0.08288605
19760.2963365, 002969, 40.20316, 0.03913757, -15.226735, 0.7067717, -0.12159352, 0.691952, 0.08301359
19760.313004291, 002970, 40.21801, 0.041551106, -15.228884, 0.70595115, -0.1229863, 0.69249326, 0.083429195
19760.329672166, 002971, 40.232815, 0.04363327, -15.230625, 0.7048955, -0.12519653, 0.6930844, 0.084155
19760.346339875, 002972, 40.24762, 0.04547999, -15.232072, 0.7035898, -0.12791903, 0.69378215, 0.08523142
19760.363007708, 002973, 40.262356, 0.047083728, -15.233253, 0.7020373, -0.13017116, 0.6948188, 0.086173184
19760.379675375, 002974, 40.276855, 0.04843762, -15.234151, 0.70044696, -0.1315131, 0.69607663, 0.08692348
19760.396343166, 002975, 40.290318, 0.049734406, -15.236286, 0.6990609, -0.13158652, 0.6974373, 0.08706303
19760.413011041, 002976, 40.303867, 0.0507983, -15.237113, 0.6981322, -0.13082345, 0.698588, 0.086437106
19760.429678791, 002977, 40.317257, 0.051740494, -15.237372, 0.6980319, -0.12996203, 0.6989925, 0.08526876
19760.446346583, 002978, 40.33047, 0.052545477, -15.237281, 0.6987198, -0.12923658, 0.69862473, 0.08373748
19760.463014333, 002979, 40.34363, 0.05317352, -15.236942, 0.6998118, -0.12850335, 0.6978807, 0.0819315
19760.479682041, 002980, 40.35692, 0.053623766, -15.236471, 0.70100933, -0.12809482, 0.696918, 0.080516025
19760.496349916, 002981, 40.369312, 0.05333542, -15.237095, 0.7019971, -0.12764794, 0.69612193, 0.0795009
19760.51301775, 002982, 40.3827, 0.053319346, -15.23693, 0.70244133, -0.12685506, 0.69589776, 0.07880424
19760.5296855, 002983, 40.396515, 0.053385902, -15.236447, 0.70234305, -0.12550662, 0.69633037, 0.07801505
19760.54635325, 002984, 40.410442, 0.053570807, -15.235739, 0.70208293, -0.124185115, 0.69695765, 0.0768611
19760.563021, 002985, 40.42426, 0.05391307, -15.234799, 0.70215154, -0.123103164, 0.697274, 0.075084716
19760.579688833, 002986, 40.43777, 0.054356836, -15.233643, 0.70313704, -0.12205924, 0.696684, 0.073014826
19760.596356541, 002987, 40.4506, 0.055565655, -15.232285, 0.7051432, -0.120255165, 0.6951849, 0.07091981
19760.613024375, 002988, 40.463192, 0.05619058, -15.230844, 0.70796275, -0.11714104, 0.69304913, 0.06891665
19760.629692208, 002989, 40.475384, 0.056619357, -15.229275, 0.7115087, -0.112136684, 0.6905108, 0.06614722
19760.646359875, 002990, 40.487217, 0.056973077, -15.2275095, 0.7157831, -0.1059409, 0.6873217, 0.06340172
19760.663027708, 002991, 40.499287, 0.057405338, -15.2257395, 0.72156703, -0.10217573, 0.6817779, 0.06387522
19760.679695541, 002992, 40.512417, 0.058309466, -15.224204, 0.7232003, -0.102618925, 0.6796109, 0.0676733
